본문,해시태그
풀무원 크리스피팝만두 런칭쇼 번가 일 오후 시 김현우가 식품을 한다 심혈을 기울여 골랐습니다 진짜 이건대박 마트에도 안풀린 신상 을 주 먼저 맛보시길 먹방유튜버 얼리어답터 꼭 사세요 세상에서가장빨리 신상 을 맛보세요 물만두 크기의 군만두 좋아하시는 분 ㅋ 에어프라이어 에 만두 튀겨 드셔보신분은 만족 자신 하누리쇼호스트 코스 와 함께 합니다 바른먹거리풀무원 얄피만두 팝만두 만두 만두 만두스타그램 먹방 맛스타그램 먹스타그램 방송예고,풀무원 크리스피팝만두 번가 신상 먹방유튜버 얼리어답터 세상에서가장빨리 신상 물만두 에어프라이어 하누리쇼호스트 코스 바른먹거리풀무원 얄피만두 팝만두 만두 만두 만두스타그램 먹방 맛스타그램 먹스타그램 방송예고
우리 직원들 간식이 떨어지게 무섭게 한가득 풀무원간식도착 했습니다 풀무원모두 맛있는데 더더 맛있는거만 챙겨주셔서 감사합니다 맛있게 먹고 더 열심히 일할께요 풀무원학교급식 바른먹거리풀무원 바른먹거리동궁찜닭 동궁찜닭경북도청점,풀무원간식도착 풀무원모두 풀무원학교급식 바른먹거리풀무원 바른먹거리동궁찜닭 동궁찜닭경북도청점
오늘은뭐해줘야하나 띵동띵동 몇일전에신청해봤는데왔구나 레시피공모전 갖고있는재료로쉽게접할수있는메뉴 돼지고기김밥쌈 나또유부초밥 세은이나또만옆에가지런히골라냄 사정사정해서한입먹였는데구역질 눈물이또르르 아직익숙하지않아 요즘오이먹고응아가잘나온다며오이지환장함 바른먹거리풀무원 고양시육아종합지원센터 아이와함께만들어먹는간식,오늘은뭐해줘야하나 띵동띵동 몇일전에신청해봤는데왔구나 레시피공모전 갖고있는재료로쉽게접할수있는메뉴 돼지고기김밥쌈 나또유부초밥 세은이나또만옆에가지런히골라냄 사정사정해서한입먹였는데구역질 눈물이또르르 아직익숙하지않아 요즘오이먹고응아가잘나온다며오이지환장함 바른먹거리풀무원 고양시육아종합지원센터 아이와함께만들어먹는간식
사랑해요 풀무원 우유빛깔 풀무원 바른먹거리풀무원 이벤트 선물 감사히 잘 먹겠습니다 벌써부터 뭘 먹을 지 너무 벅차네요 풀무원은사랑채식을 하면 지구 온도가 내려갑니다 두근두근 정면 정비빔면 두부텐더 고단백두부큐브 풀무원,바른먹거리풀무원 풀무원은사랑채식을 두근두근 정면 정비빔면 두부텐더 고단백두부큐브 풀무원
집앞 마트에서 한번 사먹어봄라이트누들 콩물 콜라보 이것만 먹으면진짜 오래오래 살거같은 맛이다이런식으로 오래사는건 힘들거같다 라이트누들 병아리콩 곤약면 콩물 저칼로리 다이어트 건강한맛 ㅎㄷㄷㄷㄷㄷㄷ 바른먹거리 풀무원 너무바른먹거리 너무나도바른먹거리 ㅋㅋㅋㅋ 바른먹거리풀무원,라이트누들 병아리콩 곤약면 콩물 저칼로리 다이어트 건강한맛 바른먹거리 풀무원 너무바른먹거리 너무나도바른먹거리 바른먹거리풀무원
일용한 양식들 도착 여봉은 쇼핑 택배사랑나는 언박싱과 정리담당 환상의 콤비 ㅋㅋㅋㅋ냉장고 김냉 포화상태임 그만 사라 사재기 금지 직원몰 바른먹거리풀무원 냉장고포화상태 사재기그만,직원몰 바른먹거리풀무원 냉장고포화상태 사재기그만
요즘은 정비빔 에 두부텐더 먹는 게 대세라면서요 절대선물받아서이러는거아님 바른먹거리풀무원 풀무원,정비빔 두부텐더 절대선물받아서이러는거아님 바른먹거리풀무원 풀무원
바른 먹거리 풀무원에서 만든 맛있는 피자 풀무원에서 만든 냉동피자는 맛이 다양하다 특히 다른 경쟁사에선 전혀 없는 치즈크러스트 피자와 골드크러스트 피자가 있어서 내 취향에 딱 맞는 풀무원 피자 이번 주 월요일 저녁식사 메뉴로 고구마 무스가 빵 속에 들어있는 풀무원 골드크러스트 피자를 먹었는데 정말 맛있었다 그리고 고구마 무스가 들어간 피자 끝부분은 케첩과 마요네즈를 섞은 이른바 케요네즈에 찍어 먹으면 정말 환상적인 맛을 보게 된다 바른먹거리 풀무원 풀무원냉동피자 풀무원피자 냉동피자 오븐전자레인지에서 요리해서 먹으면정말맛있다요 진짜 맛있어요 고구마무스피자 골드크러스트피자 고구마피자 스윗포테이토피자 케첩과마요네즈 케요네즈소스 환상적인궁합 찰떡궁합 이왕이면 카레케첩 으로 소스를만들자 바른먹거리풀무원 정통피자 정통피자의맛 레트로피자 옛날피자 피자의추억 치즈크러스트피자 풀무원치즈크러스트피자 풀무원골드크러스트피자 모두 좋아요,바른먹거리 풀무원냉동피자 풀무원피자 냉동피자 오븐전자레인지에서 요리해서 먹으면정말맛있다요 진짜 고구마무스피자 골드크러스트피자 고구마피자 스윗포테이토피자 케첩과마요네즈 케요네즈소스 환상적인궁합 찰떡궁합 이왕이면 카레케첩 으로 소스를만들자 바른먹거리풀무원 정통피자 정통피자의맛 레트로피자 옛날피자 피자의추억 치즈크러스트피자 풀무원치즈크러스트피자 풀무원골드크러스트피자 모두
바른먹거리 풀무원 풀스키친 다녀왔습니다 맛있는 마롱컵케이크 두부면 샐러드 김밥 일명 키토김밥 밥이 들어가지 않은 요즘 유행하는 김밥 탄수화물을 줄이고 단백질을 많이 보충해주어서 근육발달에도 아주좋은 저탄고지식단 다이어트에도 그만 포만감 완전 짱입니다 달콤 건강한 맛있는 먹거리 한가지 팁을 드리자면 두부면 대신에 닭가슴살 참치를 넣어도 칼로리를 줄이면서 단백질을 보충할수 있는 훌룡한 요리가 된답니다 풀스키친 키토김밥 마롱 마롱컵케이크 바른먹거리풀무원 풀무원두부면 풀무원동물복지계란 풀무원김밥용김 풀무원찬마루 색야채절임 풀무원네컵연두부 디저트그램 키토식단 요즘유행 다이어트김밥,마롱컵케이크 두부면 풀스키친 키토김밥 마롱 마롱컵케이크 바른먹거리풀무원 풀무원두부면 풀무원동물복지계란 풀무원김밥용김 풀무원찬마루 색야채절임 풀무원네컵연두부 디저트그램 키토식단 요즘유행 다이어트김밥
드뎌 내몸밸런스 도착 맛도 효과도 업그레이드 되어 리뉴얼 되었네요 맛이 아이들도 먹기에 더 좋게 바뀐듯요 가지 제철원료를 풀무원 유산균으로 발효시켜 그 발효액 넣은 내몸밸런스 우리 착한딸 이거먹고 피부도 더 예뻐지고 더 건강해지자 내몸밸런스판매원 바른먹거리풀무원 풀무원 풀무원건강생활 풀무원로하스 숙변제거 독소배출 우리집건강식품,내몸밸런스 내몸밸런스판매원 바른먹거리풀무원 풀무원 풀무원건강생활 풀무원로하스 숙변제거 독소배출 우리집건강식품
월초 내몸밸런스 출시 오늘부터 선주문 특별행사 진행합니다 혈관을 상처내는 호모시스테인을 없애주는 비타민 숙변제거 효과 난소화성말토덱스트린 풀무원 유산균으로 가지 제철원료를 발효시킨 발효액으로 독소제거까지 여름철 냉장고에 넣어드시고 션하게 드시면 넘 좋으세요 맛도 베리굿 입니다 궁금점 있으시면 언제든 연락주세요 풀무원로하스 내몸밸런스판매원 풀무원건강생활 풀무원 바른먹거리풀무원 건강스타그램 풀무원유산균 여름건강,풀무원로하스 내몸밸런스판매원 풀무원건강생활 풀무원 바른먹거리풀무원 건강스타그램 풀무원유산균 여름건강
대기업과 일한다는 것은 쉽지 않은 일이면서도 기쁜일이다 먹거리에 있어 국민들의 신용을 받아온 기업이 사인해준 계약서를 손에 들었을 때 얼마나 뿌듯하던지 이제부터 우리회사 부식은 풀무원이다 바른먹거리풀무원,바른먹거리풀무원
오늘은 풀무원에서 하는 바른먹거리 온라인 교육 요즘 온라인 교육 잘 나와서 좋은데매번 예약하기도 힘들고 날짜랑 시간 맞춰 접속하는것도보통일이 아니네 아침에 일찍 일어나서 피곤했는지 오후에 졸던 아이 깨워서 본인은 원치않는 줌 수업 강행하는 엄마 그래도 잘해줘서 고마워 또 이것저것 신청할게 풀무원 바른먹거리온라인교육 바른먹거리풀무원,풀무원 바른먹거리온라인교육 바른먹거리풀무원
풀무원입니다 일까지 자담터 제품 구입시 생활공작소손소독제 를 선물로 드립니다 이번달 자담터 신제품 출시 뷰티제품 프로모션 올가 산지직송행사 등 여러행사 진행중입니다 제 프로필 자담터바로가기 주소클릭 후 간단가입 하시면 모든혜택 다 받으실 수 있으세요 궁금점 있으시면 언제든 연락주세요 풀무원 바른먹거리풀무원 풀무원로하스 풀무원건강생활 고객혜택 선물스타그램 득템이벤트,자담터 생활공작소손소독제 자담터바로가기 풀무원 바른먹거리풀무원 풀무원로하스 풀무원건강생활 고객혜택 선물스타그램 득템이벤트
월 일까지 자담터 스타터키트 행사 진행합니다 이번달 자담터 신규가입 고객님 또는 스타터키트 한번도 사용 안하신 자담터 고객님도 구입 가능하세요 여름필수템 톤업크림 가격 원으로 셀리뉴 안심바디워시로션 클랜징티슈까지 받으실 수 있는 대박행사 입니다 제 프로필 자담터바로가기 주소클릭 후 간단가입 하시면 모든혜택 다 받으실 수 있으세요 궁금점 있으시면 언제든 연락주세요 풀무원 바른먹거리풀무원 풀무원로하스 풀무원건강생활 이씰린글로리판매원 득템 뷰티스타그램 톤업크림추천 선크림추천,자담터 스타터키트 여름필수템 톤업크림 대박행사 자담터바로가기 풀무원 바른먹거리풀무원 풀무원로하스 풀무원건강생활 이씰린글로리판매원 득템 뷰티스타그램 톤업크림추천 선크림추천
ㅡ유나랑 함께 티라미수 만들기 오후 간식으로 맛있게 냠냠 부모참여수업 쿠킹클래스 바른먹거리풀무원,부모참여수업 쿠킹클래스 바른먹거리풀무원
겉바속촉 타사 에어프라이어를 쓰시는 분이 풀무원 스팀쿡에어프라이어 와 비교해 주시는 가지 특별점 첫째 스팀세척이 된다둘째 스팀요리 찜요리가 된다셋째 올스텐형이다 기존 겉바 에어프라이어에 속촉이 추가된 음식을 드셔보실 수 있으세요 제 프로필 자담터바로가기 주소클릭 후 간단가입 하시면 모든혜택 다 받으실 수 있으세요 현재 할인 종이호일증정 행사 진행합니다 궁금점 있으시면 언제든 연락주세요 에어프라이어추천 자담터 바른먹거리풀무원 풀무원건강생활 풀무원로하스 풀무원 고객혜택 주부스타그램,겉바속촉 스팀쿡에어프라이어 자담터바로가기 에어프라이어추천 자담터 바른먹거리풀무원 풀무원건강생활 풀무원로하스 풀무원 고객혜택 주부스타그램
풀무원입니다 수험생 직장인 그리고 기억력 면역력 눈건강 긴장완화 한번에 관리 원하시는 분들께 강추드리는 스펙업 소개드려요 기억력개선 면역력 증진을 위한 안전홍삼 함유 스트레스로 인한 긴장완화에 도움되는 테아닌 함유 눈건강 혈행건강을 위한 오메가 함유 면역 아연 함유까지 스펙업으로 하루 한포 스마트하게 관리해 주세요 궁금점 있으시면 언제든 연락주세요 풀무원로하스 스펙업판매원 스펙업 풀무원건강생활 수험생건강 직장인건강 바쁜현대인 바른먹거리풀무원,풀무원로하스 스펙업판매원 스펙업 풀무원건강생활 수험생건강 직장인건강 바쁜현대인 바른먹거리풀무원
해님텃밭이야기,
해님어린이집아이 참 예뻐라 예쁜 해님이들의 손 예술경험을 쑥쑥 담아가는우리 아이들 학년도에는만 세부터 만 세 유아까지예술 프로그램을 만나요 연령별 해님선생님들과 꼬마 작가님들이 그려가는 이야기 많은 응원 부탁드립니다 해님으로 오세요 아이들을 위한 멋진 놀이터가 기다립니다 해님어린이집은 아이들을 위해 연구합니다,해님어린이집아이
해님어린이집 해님 텃밭으로 아가 감자를 만나러 가요 코로나 로 멈추었던 해님나들이가조금씩 움직이기 시작했습니다 부디 조그마한 움직임이멈추지 않기를 바랍니다 우리 해님이들 하복 예쁘죠 상하의 맞춤이 예술이에요해님 선생님들도 셋뚜셋뚜예요 지나가시는 분들마다 어쩜 이리 예쁘냐며 칭찬일색 역시 우리 해님이들 선생님들 인기란 해님으로 오세요 사랑과 행복 기쁨과 미소가 넘치는 아이들의 놀이터 해님어린이집입니다 해님어린이집은 아이들을 위해 연구합니다,해님어린이집
해님어린이집영아들부터 유아까지 해님은 하나의 놀이이더라도 연령별로 접근이 다를 수 있도록 고민하고 실행합니다 영아기에는 생소한 놀이가 경험으로 누적되도록 유아기에는누적경험이 학습의 배경지식으로 다가가도록 해님으로 오세요 영아보육과 유아교육전공의전문보육교직원들이아이들을 위해 아이들과 함께아이들의 놀이터를 만들어갑니다 해님어린이집은 아이들을 위해 연구합니다,해님어린이집영아들부터
너희들 온라인수업 이 계속 있으니 결국 끼니 를 집에서 다 해결해야 하니애미가 삼시세끼 를 다 해주긴 어려브니 풀무원샵 폭풍쇼핑 으로냉장고 밀키트 채워주마 ㅎㅎ 분키친순두부찌게 느무 맛있네요총각김치 샐러드도 대박맛 아이스팩 분리수거도 넘 친환경 적임요 바른먹거리풀무원 밀키트추천 건강하게먹자 맛있게먹자 풀무원식품,온라인수업 끼니 삼시세끼 풀무원샵 밀키트 분키친순두부찌게 친환경 바른먹거리풀무원 밀키트추천 건강하게먹자 맛있게먹자 풀무원식품
미세먼지까지 말끔하게피부장벽까지 탄탄하게아기부터 어른까지 안전하게끈적임 없이 촉촉하게 온가족 바디제품 바디안심워시 바디안심로션 월 일까지 자담터 행사 진행합니다 구입시 고급 휴대용 손소독안심티슈 를 듬뿍 드려요 식물유래계면활성제 는 기본 거품도 풍성하게 생기고 말끔하게 샤워되세요 설페이트프리 그린등급 알러젠프리 피부 예민하신분들께 강추드려요 피부자극테스트완료 까지가족을 젤 우선으로 생각하는 주부의 마음을 담아 만들었습니다 제 프로필 자담터바로가기 주소클릭 후 간단가입 하시면 모든혜택 다 받으실 수 있으세요 추천로하미 부탁드립니다 궁금점 있으시면 언제든 연락주세요 바디워시 바디로션 바른먹거리풀무원 풀무원 풀무원로하스 풀무원건강생활 온가족바디케어 안심워시 안심로션 가격도착해요 향도굿,바디안심워시 바디안심로션 자담터 손소독안심티슈 식물유래계면활성제 설페이트프리 그린등급 알러젠프리 피부자극테스트완료 자담터바로가기 바디워시 바디로션 바른먹거리풀무원 풀무원 풀무원로하스 풀무원건강생활 온가족바디케어 안심워시 안심로션 가격도착해요 향도굿
나를 넘 좋아하는지 출산 이후 년내내 붙어 있는 살들 특히 내 뱃살들 이젠 그만 헤어지자 슬림뷰티업 이 나오기를 고대하고 고대한 저였네요 ㅎㅎ핑거루트는 물론 비타민 콜라겐 히알루론산까지 라인도 살리고 피부도 살리고 런칭기념 구입시 유산균도 증정되니 이번기회에 쟁겨놓기로 하루 정 목넘김도 넘 편하니 진짜 잘 안챙겨먹는 저한테 딱 좋은 스쿼트도 홈필라테스도 욜심히 해서 예전 그때로 가즈아 제 프로필 자담터바로가기 주소클릭 후 간단가입 하시면 구입도 유산균도 받으실 수 있으세요 추천로하미 임정민로하미 부탁드립니다 궁금점 있으시면 언제든 연락주세요 핑거루트 비타민 콜라겐 히알루론산 풀무원 바른먹거리풀무원 풀무원로하스 풀무원건강생활 자담터 체지방감소 피부보습 살들아빠져라 피부촉촉 줌마그램 바른다이어트 피부건강 다이어트,슬림뷰티업 자담터바로가기 핑거루트 비타민 콜라겐 히알루론산 풀무원 바른먹거리풀무원 풀무원로하스 풀무원건강생활 자담터 체지방감소 피부보습 살들아빠져라 피부촉촉 줌마그램 바른다이어트 피부건강 다이어트
광고 바른 입맛 훈련을 시작해요 풀무원 베이비밀 영양덮밥 인터뷰 성빈 개월 이가 입이 짧아 영양에 대한 걱정이 많았던 권유리 님풀무원 베이비밀 영양덮밥으로 만나고 걱정을 덜었다고 하는데요 영상 인터뷰로 확인해보세요 문의 풀무원 베이비밀 풀무원 베이비밀 풀무원베이비밀 풀무원이유식 베이비밀이유식 바른먹거리 바른먹거리풀무원 이유식 배달이유식 시판이유식 이유식추천 이유식배달 유아식,광고 풀무원 베이비밀 풀무원베이비밀 풀무원이유식 베이비밀이유식 바른먹거리 바른먹거리풀무원 이유식 배달이유식 시판이유식 이유식추천 이유식배달 유아식
광고천천히 씹는 훈련을 도와줘요 풀무원 베이비밀 병행기 이유식 인터뷰현서 개월 가 이유식 중기에서 후기로 넘어갈 때갑자긴 커진 입자로 이유식을 거부해 고민했던 한가연 님풀무원 베이비밀 병행기 이유식은 된죽과 함께 진밥을 병행할 수 있어아이가 천천히 씹는 연습을 하는 데 도움이 되었다고 해요 영상 인터뷰로 확인해보세요 문의 풀무원 베이비밀 풀무원 베이비밀 풀무원베이비밀 풀무원이유식 베이비밀이유식 바른먹거리 바른먹거리풀무원 이유식 배달이유식 시판이유식 이유식추천 이유식배달 유아식,광고천천히 풀무원 베이비밀 풀무원베이비밀 풀무원이유식 베이비밀이유식 바른먹거리 바른먹거리풀무원 이유식 배달이유식 시판이유식 이유식추천 이유식배달 유아식
광고한우 메뉴로 영양 걱정 끝 풀무원 베이비밀 중기 이유식 인터뷰유주 개월 가 이유식을 거부해매일매일 식탁에서 전쟁이였던 유정은 님매끼니 단백질이 포함된풀무원 베이비밀 중기 이유식으로영양 챙겨주기 좋았다고 하는데요 영상 인터뷰로 확인해보세요 문의 풀무원 베이비밀 풀무원 베이비밀 풀무원베이비밀 풀무원이유식 베이비밀이유식 바른먹거리 바른먹거리풀무원 이유식 배달이유식 시판이유식 이유식추천 이유식배달 유아식,광고한우 풀무원 베이비밀 풀무원베이비밀 풀무원이유식 베이비밀이유식 바른먹거리 바른먹거리풀무원 이유식 배달이유식 시판이유식 이유식추천 이유식배달 유아식
오늘 도착한 바디안심워시 바디안심로션 오자마자 바로 써봤네요 사용후기 남겨드려요 워시는 한번만 펌핑해도 충분히 거품이 잘 생기고잘 헹궈지는건 물론 산뜻향에 아이들도 넘 좋아하는 급한맘에 핸드워시처럼 써봤는데 ㅎ 좀 전 샤워 시 샤워타월에 한번 펌핑하니 거품 풍성 그리고 빨리 헹궈지네요 로션은 넘 가볍지도 넘 무겁지도 않은 사계절용으로 딱 좋은 바르고 난 뒤 은은한 향 넘 좋네요 알러젠프리 그린등급 설페이트프리 니 더 안심하고 쓸 수 있을듯요 제 프로필 자담터바로가기 주소클릭 후 간단가입 하시면 구입하실 수 있으세요 구입시 손소독티슈 증정됩니다 궁금점 있으시면 언제든 연락주세요 바디워시 바디로션 자담터 풀무원 바른먹거리풀무원 풀무원로하스 풀무원건강생활 미세먼지세정 시간보습 안티폴루션 촉촉 산뜻 기분좋은향 끈적이지않아요 안심워시 안심로션,바디안심워시 바디안심로션 알러젠프리 그린등급 설페이트프리 자담터바로가기 손소독티슈 바디워시 바디로션 자담터 풀무원 바른먹거리풀무원 풀무원로하스 풀무원건강생활 미세먼지세정 시간보습 안티폴루션 촉촉 산뜻 기분좋은향 끈적이지않아요 안심워시 안심로션
자담터 바디안심워시 바디안심로션 런칭 착한성분 으로 안심샤워 안심보습 하세요 그린등급 성분들은 기본 설페이트프리 알러젠프리 출시기념 일까지 구입시 손소독안심티슈 를 선물로 드립니다 황근추출물로 피부 노폐물 미세먼지를 말끔하게 신선초추출물과 코코넛유래성분으로 피부장벽을 탄탄하고 촉촉하게 온가족 바디제품 으로 강추드려요 제 프로필 자담터바로가기 주소클릭 후 간단가입 하시면 모든혜택 다 받으실 수 있으세요 추천로하미 임정민로하미 부탁드립니다 궁금점 있으시면 언제든 연락주세요 풀무원 바른먹거리풀무원 풀무원로하스 풀무원건강생활 황근 신선초 코코넛유래성분 바디샤워 바디로션 출시이벤트,자담터 바디안심워시 바디안심로션 착한성분 안심샤워 안심보습 그린등급 설페이트프리 알러젠프리 손소독안심티슈 바디제품 강추드려요 자담터바로가기 풀무원 바른먹거리풀무원 풀무원로하스 풀무원건강생활 황근 신선초 코코넛유래성분 바디샤워 바디로션 출시이벤트
풀무원 협찬이제 막국수의 계절이 다가옵니다 요즘같은 시대에 맛집 탐방은 너무 어렵고 이제 풀무원 메밀 막국수로 집에서 즐거보세요 칼칼한 양념장과 시원한 동치미 육수의 콜라보가 돋보이는 춘천식 메밀 막국수 가쓰오풍미가 살아있는 짭쪼름한 간장소스와 고소한 들기름의 조화가 일품인 들기름 메밀 막국수 인친님들은 어느 쪽을 선택하실 건가요 사실 조리라고 하기에도 너무 민망할 정도로 초간단 왕초보도 할 수 있다 메밀면만 분 삶고 건져서 찬물에 거품이 다 사라지도록 헹구고 나머지 재료 다 넣고 비벼주면 끝이에요 너무 쉽죠 춘천식 막국수는 신랑과 제가 먹고 들기름 막국수는 아이들 줬어요 나중에 아이들이 좀 남겨줘서 들기름 막국수도 먹어봤는데 전 담백하면서도 짭조름 고소한 들기름 막국수가 참 매력있더라고요 양념이 둘 다 강하거나 과하지 않아요 입안에 들어갔을 때 좀 싱거운가 느끼다가 끝에 혀에 감도는 알싸함이 있어요 매운 거 못 드시는 분들은 설탕을 조금 추가하면 더 낫다고 하더라고요 들기름 막국수도 씹을수록 메밀면 자체에 담백함이 느껴져서 전 좋았어요 둘 다 괜찮았지만 하나를 선택하라면 전 들기름 메밀 막국수에 한 표 입니다 들기름막국수 춘천막국수 풀무원들기름막국수 풀무원춘천식막국수 바른먹거리풀무원 초간단홈쿡 슈퍼맘쏘놀,풀무원 협찬이제 들기름막국수 춘천막국수 풀무원들기름막국수 풀무원춘천식막국수 바른먹거리풀무원 초간단홈쿡 슈퍼맘쏘놀
제가 너무나도 기다렸던 핑거루트로 만든 슬림뷰티업 드디어 담주 출시됩니다 핑거루트 는 물론 비타민 피쉬콜라겐 히알루론산이 들어간 정제로 만들어 챙겨 드시기도 넘 편하세요 체지방 감소 항산화 건강관리 콜라겐도 같이 섭취되어 촉촉한 피부관리까지 체지방관리와 피부관리를 동시에 해주는 여름 여성필수템 입니다 출시기념 셋트 구입시 하루 정 만원 억면역유산균 일분 포 만원상당 증정 되세요 선주문도 진행중입니다 문의 부탁드려요 궁금점 있으시면 언제든 연락주세요 슬림뷰티업 핑거루트 비타민 콜라겐 히알루론산 체지방감소 주름개선 탄력개선 보습개선 윤기개선 풀무원 바른먹거리풀무원 풀무원로하스 풀무원건강생활 여성필수템 여름필수템 복부비만개선,슬림뷰티업 핑거루트 비타민 콜라겐 히알루론산 체지방감소 주름개선 탄력개선 보습개선 윤기개선 풀무원 바른먹거리풀무원 풀무원로하스 풀무원건강생활 여성필수템 여름필수템 복부비만개선
만들고 보니 동해랑 광이 생각이 났는지 이꽝 쭈쭈 동해 거린다ㅎㅎ 그래 마쟈마쟈왼쪽은 광이 오른쪽은 동해야 그나저나 애껴먹을줄 알았더니가차없이 베어먹네 울아들,
바른먹거리풀무원 딸기 과일 프로,바른먹거리풀무원 딸기 과일 프로
마감퇴근 후 집에 와서 꼬마김밥싸기 분컷가능ㅋㅋㅋㅋ 먹는것도 분컷가능 풀무원 풀무원꼬마김밥세트 바른먹거리풀무원 풀무원매니아,마감퇴근 꼬마김밥싸기 분컷가능 분컷가능 풀무원 풀무원꼬마김밥세트 바른먹거리풀무원 풀무원매니아
자담터 월 일까지 풀무원 창사기념을 맞아 홍삼대첩 발효오디와배 녹용진 엘더베리진 데일리비타민 선스틱 하나사면하나더 진행합니다 제 프로필 자담터바로가기 주소클릭 후 간단가입 하시면 모든혜택 다 받으실 수 있으세요 특히 코로나 예방에 좋은 데일리비타민 셀렌 구입 강추드립니다 총 개월분 원 궁금점 있으시면 언제든 연락주세요 풀무원 바른먹거리풀무원 풀무원로하스 풀무원건강생활 선스틱 비타민 셀렌 홍삼 녹용 득템 선물스타그램 창사기념 대박이벤트 가족건강 건강스타그램,자담터 홍삼대첩 발효오디와배 녹용진 엘더베리진 데일리비타민 선스틱 하나사면하나더 자담터바로가기 풀무원 바른먹거리풀무원 풀무원로하스 풀무원건강생활 선스틱 비타민 셀렌 홍삼 녹용 득템 선물스타그램 창사기념 대박이벤트 가족건강 건강스타그램
오늘까지 풀무원 자담터최대 하나사면하나더 행사 진행합니다 부모님께 지인분들께 나에게 건강선물 정성선물 마음담아 전해보세요 제 프로필 자담터바로가기 주소클릭 후 간단가입 하시면 모든혜택 다 받으실 수 있으세요 궁금점 있으시면 언제든 연락주세요 바른먹거리풀무원 풀무원건강생활 풀무원로하스 선물 득템 알뜰쇼핑 어버이날선물 홍삼추천 홍삼대첩 안전한홍삼 유산균추천 면역포스트바이오틱스 포스트바이오틱스 기초화장품추천 풀무원글로리 마이크로바이옴,풀무원 자담터최대 하나사면하나더 건강선물 정성선물 자담터바로가기 바른먹거리풀무원 풀무원건강생활 풀무원로하스 선물 득템 알뜰쇼핑 어버이날선물 홍삼추천 홍삼대첩 안전한홍삼 유산균추천 면역포스트바이오틱스 포스트바이오틱스 기초화장품추천 풀무원글로리 마이크로바이옴
저번주말 홈콕놀이 쿠키만들기 바른먹거리풀무원 맛은좀아쉽,저번주말 홈콕놀이 쿠키만들기 바른먹거리풀무원 맛은좀아쉽
우유 컵분량 의 단백질 거기다 프리바이오틱스까지알찬구성으로 건강 다이어트두가지 다 해보세요 운동하고난후 근력탄탄하게꼭 보충해주기 등급원유로 만드는풀무원 레깅스밀 좋은재료 바른먹거리풀무원 풀무원곡성점,레깅스밀 좋은재료 바른먹거리풀무원 풀무원곡성점
광고 협찬 풀무원간식템노엣지 꽉찬 토핑피자모짜렐라 핫도그모짜렐라 치즈볼순두부 치즈 그라탕 볼로네제요거톡 종 초코그래놀라 링앤초코 스타볼 고단백두부텐데 플무원 노엣지 꽉찬 토핑피자 베이컨 파이브치즈 쫄깃하고 담백한 도우에 가지 이상의 치즈 토핑이 듬뿍 올라간 냉동피자끝부분이 노엣지라 끝까지 다 맛있게 먹을 수 있어서 굿 치즈도 듬뿍 베이컨도 듬뿍오븐이나 에어프라이어로 간단한 조리가 되니 갑자기 놀러온 아이친구들 간식 모짜렐라 핫도그현미와 감자가루를 더해 더욱 고소하고 바삭해지면서쫄깃담백한 스트링 치즈와 소시지로 마무리한 풀무원 핫도그로 어린이간식 지글지글 치즈가 녹아내리고 있는 피자와바삭바삭해진 핫도그까지 크킄크크크 쭉쭉 늘어나는 치즈는 진짜 아이러브유우리아들이 너무 잘 먹음 요거톡 종맛있는 초코와 건강까지도 놓치않는 그래놀라 그리고 달콤한 요거트까지 섞어서 먹으면 심심한 요플레에토핑이 함께해서 더 꿀맛 ㅋㅋ 풀무원 두부텐더결이 살아있는 결두부로 만들어 쫄깃한 식감을 맛보고속은 촉촉하고 겉은 바삭 콜레스테롤 트랜스지방 제로건강하고 맛있게 즐길 수 있어서 더욱 마음에 드는 두부텐데에어프라이어에 분이면 완성 밥한그릇을 뚝딱 하더라고요 아이가 너무 고기만 먹는다면 두부텐데 적극 추천 다양하게 알차게 준비할 수 있으면서쉽고 간편하게 할 수 있어서 더욱 마음에 드는 풀무원 집콕간식아이도 어른도 모두 만족하고 즐길 수 있어서 굿 집콕간식 방콕간식 두부간식 풀무원간식템 집콕간식템 바른먹거리풀무원 노엣지토핑피자 요거톡 두부텐데 모짜렐라치즈볼 모짜렐라핫도그 아이들간식 어린이간식 어린이반찬,광고 협찬 집콕간식 방콕간식 두부간식 풀무원간식템 집콕간식템 바른먹거리풀무원 노엣지토핑피자 요거톡 두부텐데 모짜렐라치즈볼 모짜렐라핫도그 아이들간식 어린이간식 어린이반찬
더 이상 미루지 마세요 고마워요 말한마디 평생을 자식만 바라보며 고생하신 부모님께 늘 옆에서 나의 행복을 응원해주는 가족 친구 지인에게 그리고 오늘도 수고한 나에게 고마운 인사와 함께 정성선물 미리 준비해 보세요 제 프로필 자담터바로가기 주소클릭 후 간단가입 하시면 최대 하나사면하나더 혜택 받으실 수 있으세요 일까지 궁금점 있으시면 언제든 연락주세요 홍삼대첩 발효오디와배 하나사면하나더 면역포스트바이오틱스 두개사면하나더 글로리 세트 효소클렌저 증정 풀무원 풀무원로하스 풀무원건강생활 고객혜택 바른먹거리풀무원 감사의달 선물스타그램 감동선물,고마워요 정성선물 자담터바로가기 하나사면하나더 홍삼대첩 발효오디와배 하나사면하나더 면역포스트바이오틱스 두개사면하나더 글로리 효소클렌저 풀무원 풀무원로하스 풀무원건강생활 고객혜택 바른먹거리풀무원 감사의달 선물스타그램 감동선물
드뎌 자담터 고메온더테이블 런칭 되었습니다 고화력 자동조절기능 예쁜 쿡웨어 종 증정까지 그리고 일까지 글로리 종셋트 구입시 효소클렌저 정품 증정되세요 마이쿠폰 알파벳 기입하시면 천원 할인쿠폰도 증정되세요 이번주 고메온더테이블 과 글로리 종셋트 구입하시고 연락주시면제가 정성선물 보내드릴께요 제 프로필 자담터바로가기 주소클릭 후 간단가입 하시면 모든혜택 다 받으실 수 있으세요 추천로하미 임정민로하미 궁금점 있으시면 언제든 연락주세요 고메 구인덕션 구인덕션 구인덕션추천 혼밥아이템 요리스타그램 화해유해성분 알러젠프리 피부환경개선 마이크로바이옴 효소파우더 풀무원 풀무원로하스 풀무원건강생활 바른먹거리풀무원 주부스타그램,자담터 고메온더테이블 글로리 효소클렌저 자담터바로가기 고메 구인덕션 구인덕션 구인덕션추천 혼밥아이템 요리스타그램 화해유해성분 알러젠프리 피부환경개선 마이크로바이옴 효소파우더 풀무원 풀무원로하스 풀무원건강생활 바른먹거리풀무원 주부스타그램
자담터 월 일 화 오전 시 분까지 홍삼대첩 발효오디와배 하나사면하나더 행사 진행합니다 프로 할인 도 같이 진행됩니다 홍삼대첩 포 안전한홍삼 은 기본 저온진공홍삼 으로 사포닌 함량 업 발효오디와배 포 안전한원료 는 기본 풀무원유산균 으로 발효시켜 건강 업 우리가족건강 그리고 선물 로도 강추드려요 제 프로필 자담터바로가기 주소클릭 후 간단가입 하시면 모든혜택 다 받으실 수 있으세요 추천로하미 임정민로하미 궁금점 있으시면 언제든 연락주세요 홍삼대첩 건강즙추천 바른먹거리풀무원 풀무원 풀무원건강생활 풀무원로하스 고객혜택 부모님선물 선물스타그램,자담터 홍삼대첩 발효오디와배 하나사면하나더 행사 할인 안전한홍삼 저온진공홍삼 사포닌 안전한원료 풀무원유산균 우리가족건강 선물 강추드려요 자담터바로가기 홍삼대첩 건강즙추천 바른먹거리풀무원 풀무원 풀무원건강생활 풀무원로하스 고객혜택 부모님선물 선물스타그램
이번주 일 토요일 오전 시 전까지 풀무원 유산균 두개사면하나더 행사 진행합니다 기초면역 중 가장 중요한 장건강 포스트바이오틱스 함유 된 면역포스트바이오틱스콜라겐도 같이 섭취 원하신다면 저분자콜라겐유산균 추천드립니다 굿바이다이어트 도 행사 진행합니다다가올 여름 슬림한 몸매 피부건강 미리 준비해 보세요 제 프로필 자담터바로가기 주소클릭 후 간단가입 하시면 모든혜택 다 받으실 수 있으세요 추천로하미 임정민 로하미 궁금점 있으시면 언제든 연락주세요 유어락 자담터 유어락유산균 유산균추천 포스트유산균 풀무원 바른먹거리풀무원 풀무원로하스 풀무원건강생활 면역유산균 면역력키우기,이번주 풀무원 유산균 두개사면하나더 기초면역 장건강 포스트바이오틱스 면역포스트바이오틱스콜라겐도 저분자콜라겐유산균 굿바이다이어트 자담터바로가기 유어락 자담터 유어락유산균 유산균추천 포스트유산균 풀무원 바른먹거리풀무원 풀무원로하스 풀무원건강생활 면역유산균 면역력키우기
매일매일 기초영양소 기초면역 챙기는데는 효모 만큼 좋은게 없는거 같아요 단백질을 에너지 근육으로 만들어 주는 비타민 군 도 듬뿍 제 프로필 자담터바로가기 주소클릭 후 간단가입 하시고 생생효모비타 검색하시면 상세정보 보실 수 있으세요 오늘하루도 활기찬하루 보내세요 비타민 추천 바른먹거리풀무원 풀무원 풀무원건강생활 풀무원로하스 임산부영양제 영양제추천,매일매일 기초영양소 기초면역 효모 에너지 비타민 군 자담터바로가기 생생효모비타 오늘하루도 활기찬하루 비타민 추천 바른먹거리풀무원 풀무원 풀무원건강생활 풀무원로하스 임산부영양제 영양제추천
비타민 과 미네랄 을 동시에 드시는 끝까지 신선한비타민 으로 소화 흡수도 뛰어난 그리고 제일 중요한 안전한비타민 우리가족 테라타민비타민 으로 피로회복 면역력강화 영양섭취 챙겨주세요 이번달 행사진행중 입니다 궁금점 있으시면 언제든 연락주세요 비타민추천 유기농비타민 천연원료비타민 비타민 비타민 고함량 바른먹거리풀무원 풀무원 풀무원로하스 풀무원건강생활 하루한팩 건강챙기기,비타민 미네랄 신선한비타민 안전한비타민 우리가족 테라타민비타민 피로회복 면역력강화 영양섭취 행사진행중 비타민추천 유기농비타민 천연원료비타민 비타민 비타민 바른먹거리풀무원 풀무원 풀무원로하스 풀무원건강생활 하루한팩 건강챙기기
키자니아 탄 풀무원 동물복지 달걀 농장 유니폼도 어찌 이리 깜찍할꼬농장에서 마트까지 신선하게마트가서 달걀살때마다 이야기하겠군 키자니아 키자니아부산 개월아기 살 바른먹거리풀무원 풀무원동물복지달걀농장 동물복지달걀농장경영인 세젤귀 귀욤뽀짝 어제 아빠와데이트 럽스타그램 사랑해 육아스타그램 직업체험,키자니아 키자니아부산 개월아기 살 바른먹거리풀무원 풀무원동물복지달걀농장 동물복지달걀농장경영인 세젤귀 귀욤뽀짝 어제 아빠와데이트 럽스타그램 사랑해 육아스타그램 직업체험
오늘 은 이벤트진행중 역쉬 핫한제품 은 요거젤 이네요 날씨도 더워지고 영양소가 많이 필요한 계절아침에 아이들 간단식하고 챙겨먹기 딱 좋은 챙겨주고 나면 엄마가 왠지 뿌듯해지는 아이들에게 맛있게 간편하게 특히 안전하게 건강하게 챙겨주시고 싶은 맘님들 강추드려요 풀무원 풀무원로하스 바른먹거리풀무원 풀무원건강생활 키즈비타민 아이비타민 젤리비타민 무첨가비타민 풀무원비타민 안전비타민,오늘 이벤트진행중 핫한제품 요거젤 강추드려요 풀무원 풀무원로하스 바른먹거리풀무원 풀무원건강생활 키즈비타민 아이비타민 젤리비타민 무첨가비타민 풀무원비타민 안전비타민
오늘하루 자담터 세탁세제 섬유유연제 두개사면하나더 행사 진행합니다 배 고농축 으로 강력세척 피톤치드 함유로 항균 과 저자극 무형광증백제 무파라벤 무합성색소 미세플라스틱 무첨가 식물성 원료로 생분해 되는 로하스 세제 입니다 제 프로필 자담터바로가기 아래 주소클릭 후 간단가입 하시면 모든혜택 다 받으실 수 있으세요 궁금점 있으시면 언제든 연락주세요 주부스타그램 세탁세제추천 섬유유연제추천 바른먹거리풀무원 풀무원 풀무원로하스 풀무원건강생활 지구사랑 이웃사랑,오늘하루 자담터 세탁세제 섬유유연제 두개사면하나더 고농축 피톤치드 항균 저자극 무형광증백제 무파라벤 무합성색소 생분해 로하스 세제 자담터바로가기 주부스타그램 세탁세제추천 섬유유연제추천 바른먹거리풀무원 풀무원 풀무원로하스 풀무원건강생활 지구사랑 이웃사랑
오늘하루 자담터 올가 두개사면하나더 진행합니다 여성들을 위한 뷰티풀석류 껍질부터 뿌리까지 통째로 넣은 자색양파즙 제주산 유기농 양배추즙까지 제 프로필 자담터바로가기 아래 주소클릭 후 간단가입 하시면 모든혜택 다 받으실 수 있으세요 궁금점 있으시면 언제든 연락주세요 풀비타 올가석류즙 올가양파즙 올가양배추즙 바른먹거리풀무원 풀무원 건강즙,오늘하루 자담터 올가 두개사면하나더 자담터바로가기 풀비타 올가석류즙 올가양파즙 올가양배추즙 바른먹거리풀무원 풀무원 건강즙
면역력 챙기기 삼시세끼따뜻하게 월 주차꼬띠식단 바른먹거리풀무원 자연드림 핫도그 시리얼 꼬마아띠어린이집,삼시세끼따뜻하게 월 주차꼬띠식단 바른먹거리풀무원 자연드림 핫도그 시리얼 꼬마아띠어린이집
여전히 어려운 식품방송이디만 많이 배우고 즐기면서 하는중 금욜은 오전 오후 풀무원 브랜드데이 라방과 함께 마무리 다온이꺼 잔뜩 쟁여서 뿌듯 바른먹거리풀무원 브랜드데이 식품쇼호스트,바른먹거리풀무원 브랜드데이 식품쇼호스트
오늘하루 자담터 비타민 셀렌 하나사면하나더 행사 진행합니다 총 두통 네달분 원 구입되세요 하루 딱 한알로 비타민 와 셀렌을 동시에 산도가 중성화 된 비타민 를 찾으시는 분 항산화 관리 원하시는 분 균형 잡힌 영양공급 필요하신 분께 추천드려요 제 프로필 자담터바로가기 주소클릭 후 간단가입 하시면 모든혜택 다 받으실 수 있으세요 궁금점 있으시면 언제든 연락주세요 항산화비타민 유해산소제거 항산화건강 바른먹거리풀무원 풀무원 풀무원로하스 풀무원건강생활 건강스타그램,오늘하루 자담터 비타민 셀렌 하나사면하나더 항산화 자담터바로가기 항산화비타민 유해산소제거 항산화건강 바른먹거리풀무원 풀무원 풀무원로하스 풀무원건강생활 건강스타그램
나른한 봄하루 한 포로 활기 찾으세요 오늘 단하루 자담터 홍삼대첩 하나사면하나더 진행합니다 국내산 인삼으로 안전하게 저온건조방식으로 만든 홍삼으로 사포닌 업 잔류농약 중금속 검사도 철저하게 발효약도라지 맥문동 갈근 천궁 감초를 넣어 더 건강하게 제 프로필 자담터바로가기 주소클릭 후 간단가입 하시면 모든혜택 다 받으실 수 있으세요 궁금점 있으시면 언제든 연락주세요 대박행사 대박이벤트 봄이벤트 풀무원 바른먹거리풀무원 풀무원로하스 풀무원건강생활 풀무원홍삼 안전한홍삼 홍삼추천 자연을담은장터,봄하루 자담터 홍삼대첩 하나사면하나더 자담터바로가기 대박행사 대박이벤트 봄이벤트 풀무원 바른먹거리풀무원 풀무원로하스 풀무원건강생활 풀무원홍삼 안전한홍삼 홍삼추천 자연을담은장터
저번주 주말에 맛있는 짜글이 먹고온 뒤바로 식단표에 반영해버린 영양사 맛있는 건 같이 먹어야죠 그쵸 고기 일인량 드으음뿍 잡았어요 여러분이 좋아하시는 단백질오늘 가득 충전하세오 짜글이 오늘뭐먹지 쌈싸먹는찌개 메뉴추천 식판샷 구내식당 바른먹거리풀무원 풀무원푸드앤컬쳐,짜글이 오늘뭐먹지 쌈싸먹는찌개 메뉴추천 식판샷 구내식당 바른먹거리풀무원 풀무원푸드앤컬쳐
오늘 하루 득템 목록바른먹거리 풀무원 그리고 엄키가 사준 이안이 신발이안이는 어 뭐지 하고 보다가 감동받아 눙물 풀무원 애기신발 바른먹거리풀무원 아디다스슈퍼스타키즈 냉장고과부하 아들스타그램,풀무원 애기신발 바른먹거리풀무원 아디다스슈퍼스타키즈 냉장고과부하 아들스타그램
신학기 적응체력관리가 중요해요 영아들은 삼시세끼 밥만 잘 먹어줘도 기본적인 베이스는 갖춰지겠죠 꼬띠들 잘 먹어줘서 고마워 월식단 바른먹거리풀무원 자연드림 떡공방다락초전점 점심시간먹방 간식타임꿀맛 꼬마아띠어린이집 신학기순항중,월식단 바른먹거리풀무원 자연드림 떡공방다락초전점 점심시간먹방 간식타임꿀맛 꼬마아띠어린이집 신학기순항중
국내 최대규모의 생산라인과최고품질의 타이어를 생산하는 금호타이어 와의 입점계약을 성공 하였습니다 박수박수 많은 시행착오와 좌절감 힘듦 요동치는 멘탈 정말 꼭 무조건 넘기도 힘든 저금호타이어 정문을넘고야 말겠다는 집념하나로 겁없이 달려 들었습니다 기쁘고 벅차고 눈물도살짝 찔끔 했구요 더 열심히살자 다시한번다짐도 하고 채찍질도 해보구요 오늘따라 유난히 밤하늘이 이뻐 보이네요 풀무원녹즙 곡성가맹점 바른먹거리풀무원 꾸준함이쌓이면넘을수없는실력이된다,풀무원녹즙 곡성가맹점 바른먹거리풀무원 꾸준함이쌓이면넘을수없는실력이된다
오늘은 세계여성의날 더욱 더 좋은 날 보내세요 풀무원건강생활 에서도 오늘 여성의 날 기념 웨비나 진행했습니다 서울대 박형무 교수님 연세대 서석교 교수님풀무원기술원 최은혜 박사님이 열강 해주셨네요 검정콩 호프 개별인정형 대두추출물등복합물 심혈관건강 뼈건강에도움 골다공증위험감소 갱년기증상완화 국내최초 이소플라본 건강기능식품 국내최대함량 그리고 국내최다판매 로젠빈 안전하고 효과있는 풀무원 여성건강기능식품 입니다우선 일주일 체험신청 해보세요 보내주시면 도와드릴께요 궁금점 있으시면 언제든 연락주세요 바른먹거리풀무원 풀무원로하스 갱년기 로젠빈수 로젠빈체험신청,세계여성의날 풀무원건강생활 웨비나 개별인정형 대두추출물등복합물 심혈관건강 뼈건강에도움 골다공증위험감소 갱년기증상완화 국내최초 건강기능식품 국내최대함량 국내최다판매 로젠빈 풀무원 여성건강기능식품 체험신청 바른먹거리풀무원 풀무원로하스 갱년기 로젠빈수 로젠빈체험신청
오늘 드뎌 첫째부터 셋째까지 다 등교 이게 얼마만인지 아침 육개장으로 든든히 먹고 아들은 테라타민비타민 두딸은 요거젤우리부부도 챙겨먹고 오늘하루도화이팅 월요일시작 초중고 다둥이부부 바른먹거리풀무원 풀무원로하스 우리가족건강 건강이최고,오늘하루도화이팅 월요일시작 초중고 다둥이부부 바른먹거리풀무원 풀무원로하스 우리가족건강 건강이최고
잘먹을께 풀무원 다니는 사촌누나의 선물 번창하세요 풀무원ㅋㅋ 바른먹거리풀무원 풀무원 아기간식 우리간식,바른먹거리풀무원 풀무원 아기간식 우리간식
초등입학 하시는 맘님들 풀무원로하스를 처음 접하시는 맘님들 저에게 맘님성함 연락처 주소 자녀명 보내주시면 키즈치약 키즈칫솔 개 만원상당 를 무료로 보내드립니다 선착순 진행되며 택배비 원 부탁드립니다 다른 체험분도 같이 보내드릴께요 궁금점 있으시면 언제든 연락주세요 예비초 예비초등맘 바른먹거리풀무원 풀무원 풀무원로하스 풀무원건강생활 키즈치약 키즈칫솔 키즈치약 무료체험,초등입학 예비초 예비초등맘 바른먹거리풀무원 풀무원 풀무원로하스 풀무원건강생활 키즈치약 키즈칫솔 키즈치약 무료체험
한국에서가장존경받는기업 풀무원 오늘따라 로하미 인게 자랑스러워지네요 풀무원 답게 저도 믓진 로하미 되어볼께요 바른먹거리풀무원 풀무원로하미 내자식에게먹일수없는건만들지도팔지도말라 원경선원장님 이웃사랑 생명존중 식품기업 최다수상,한국에서가장존경받는기업 풀무원 로하미 바른먹거리풀무원 풀무원로하미 내자식에게먹일수없는건만들지도팔지도말라 원경선원장님 이웃사랑 생명존중 식품기업 최다수상
어릴때 먹은 보약 한첩은 어른이 되어 먹는 보약 백첩 부럽지 않습니다 아이보감키 산삼배양근 홍삼 특허 폴리칸 칼마엠 으로 성장 면역 체력 두뇌발달 까지 요거젤 비타민 미네랄 비타민 아연 함유로 매일매일 영양가득 그리고 맛있게 섭취할 수 있는 안전한 효과있는 아이보감키 요거젤 로다가오는 신학기 아이들건강 챙겨주세요 궁금점 있으시면 언제든 연락주세요 바른먹거리풀무원 풀무원 풀무원로하스 풀무원건강생활 첨가물제로 중금속제로 예비초등맘 맘스타그램 아이보감 홍삼 어린이비타민,성장 면역 체력 두뇌발달 안전한 효과있는 아이보감키 요거젤 신학기 아이들건강 바른먹거리풀무원 풀무원 풀무원로하스 풀무원건강생활 첨가물제로 중금속제로 예비초등맘 맘스타그램 아이보감 홍삼 어린이비타민
면을 좋아하는 아이들 어제 먹고 남은 카레를 어찌하나 튀기지 않은면이라 해서 안심하고 카레라면을 인기있었음 다이어트를 하고 있다는 아이를위해 튀기지않은 라면 좋은것 같아요여드름도 안날것같아용협찬 아닙니다 내돈내산 건강식단 건강식품 바른먹거리풀무원,건강식단 건강식품 바른먹거리풀무원
프로바이오틱스 프리바이오틱스 포스트바이오틱스 믿을 수 있는 바른먹거리풀무원 자담터 가입시 또는 김여정 입력 후 득템하세요 풀무원유산균 개 사면 개 덤 증정 풀무원쇼핑몰 자담터 어플 다운 ㅡ간단 회원 가입 후 핵이득템 특허받은 특화된기술 김치유산균 필수영양소 아연유산균 비타민 유산균 프락토올리고당 경화유 첨가제제로 방부제 좋은 성분만 담았어요,프로바이오틱스 프리바이오틱스 포스트바이오틱스 바른먹거리풀무원 김여정 풀무원유산균 풀무원쇼핑몰 자담터 특허받은 특화된기술 김치유산균 아연유산균 비타민 유산균 프락토올리고당 첨가제제로 방부제
지금부터 오늘 한정수량 자담터 홍삼대첩 한셋트 구입시 포 만원 발효오디와배 한셋트 포 만원 선물로 드립니다 홍삼 으로 안전하게 저온진공홍삼 으로 흡수율 가지 전통약재 함유로 더욱 더 건강하게 제 프로필 자담터바로가기 주소클릭 후 간단가입 하시면 모든혜택 다 받으실 수 있으세요 궁금점 있으시면 언제든 연락주세요 풀무원 바른먹거리풀무원 풀무원로하스 풀무원건강생활 고객혜택 하나사면하나더 홍삼추천 농약 건강스타그램 대박행사,한정수량 자담터 홍삼대첩 발효오디와배 홍삼 저온진공홍삼 자담터바로가기 풀무원 바른먹거리풀무원 풀무원로하스 풀무원건강생활 고객혜택 하나사면하나더 홍삼추천 농약 건강스타그램 대박행사
셋째랑 늦은점심짜지않고맛있는 만두 건강한 먹거리를 위해 생각한다는 상품에 쏙 마음이들어서 감사해서 장봐왔다 내돈 내산 건강한 먹거리 간식추천 만두 바른먹거리풀무원,간식추천 만두 바른먹거리풀무원
오늘 자담터 두개사면하나더 행사품목 발효오디와배 유기농본 피톤치드세제 칫솔 투플러스원 진행합니다 제 프로필 자담터바로가기 주소클릭 후 간단가입 하시면 모든혜택 다 받으실 수 있으세요 전 세탁세제 사러 출똥 합니다 궁금점 있으시면 언제든 연락주세요 풀무원 바른먹거리풀무원 풀무원로하스 풀무원건강생활 생리대추천 세탁세제추천 건강즙추천 칫솔추천 주부스타그램,오늘 자담터 두개사면하나더 발효오디와배 유기농본 피톤치드세제 칫솔 투플러스원 자담터바로가기 풀무원 바른먹거리풀무원 풀무원로하스 풀무원건강생활 생리대추천 세탁세제추천 건강즙추천 칫솔추천 주부스타그램
오늘부터 자담터 설프라이즈 쇼핑 릴레이 진행합니다 오늘은 비타민 셀렌 두개사면하나더 진행합니다 두달분 정 원 입니다 하루 한정으로비타민 와 셀렌 동시 섭취하시고더욱 더 건강해 지세요 제 프로필 자담터바로가기 주소클릭 후 간단가입 하시면 모든혜택 다 받으실 수 있으세요 궁금점 있으시면 언제든 연락주세요 바른먹거리풀무원 풀무원로하스 고객혜택 풀무원 풀무원건강생활 비타민 과 셀렌 을 한번에 건강스타그램 건강이최고,자담터 설프라이즈 쇼핑 비타민 두개사면하나더 자담터바로가기 바른먹거리풀무원 풀무원로하스 고객혜택 풀무원 풀무원건강생활 비타민 셀렌 건강스타그램 건강이최고
자담터 신규가입 특별이벤트 진행합니다 일 이번주 일요일까지 스타터키트 억면역유산균 홍삼대첩 생강계피차 손소독티슈 원 상당 키트를 원 에 구입 친구추천 미션 친구분이 자담터 가입시 추천인 에 고객님 입력가입하시고 스타터키트 구입하신 친구분이 분 이상 되시면 고객님께 발효오디와배 한박스를 선물 로 드립니다 추천 로하미는 임정민 로하미 부탁드립니다 제 프로필 자담터바로가기 주소클릭 하시고 로하스 소식으로 들어가시면 모든정보 다 보실 수 있으세요 궁금점 있으시면 언제든 연락주세요 바른먹거리풀무원 풀무원 풀무원로하스 고객혜택 풀무원건강생활 특별행사 이벤트 체험분 유산균추천 홍삼추천 항균티슈 생강차 키트,자담터 신규가입 특별이벤트 자담터바로가기 바른먹거리풀무원 풀무원 풀무원로하스 고객혜택 풀무원건강생활 특별행사 이벤트 체험분 유산균추천 홍삼추천 항균티슈 생강차 키트
자담터 설연휴 배송 내일 오전 시 마감 됩니다 설특판행사는 오늘까지 진행합니다 혹시 아직 설선물 준비하지 못하셨다면 면역포스트바이오틱스 발효오디와배 홍삼대첩 설선물 로 추천드립니다 두개사면하나더 드려요 제 프로필 자담터바로가기 주소클릭 후 간단가입 하시면 모든혜택 다 받으실 수 있으세요 궁금점 있으시면 언제든 연락주세요 바른먹거리풀무원 풀무원 고객혜택 풀무원로하스 풀무원건강생활 유어락 유어락유산균 유산균추천 포스트바이오틱스 풀무원유산균 김치유산균 홍삼 홍삼추천 바른홍삼 풀무원홍삼 올가 건강즙 건강스타그램 건강을선물하세요,자담터 면역포스트바이오틱스 발효오디와배 홍삼대첩 설선물 두개사면하나더 자담터바로가기 바른먹거리풀무원 풀무원 고객혜택 풀무원로하스 풀무원건강생활 유어락 유어락유산균 유산균추천 포스트바이오틱스 풀무원유산균 김치유산균 홍삼 홍삼추천 바른홍삼 풀무원홍삼 올가 건강즙 건강스타그램 건강을선물하세요
이웃을 사랑한다면서 어떻게남의 건강을 헤치는농약을 칠수 있느냐 이웃을 돕는것이나를 돕는 것이다 회사가 망할지언정소비자에게 손해가 돼선 안된다우리는 이 원칙을 어길수 없다 원경선 원장님의 뜻풀무원은 계속 이어나갈 것입니다 풀무원의 바른먹거리 철학풀무원인이라 새삼 자랑스러운나는 풀무원로하스의 로하미 풀무원로하스 바른먹거리풀무원 원경선원장님 풀무원이라자랑스러움 풀무원로하스로하미,풀무원로하스 바른먹거리풀무원 원경선원장님 풀무원이라자랑스러움 풀무원로하스로하미
자담터 설선물 특별행사 진행합니다 일까지 진행합니다 면역포스트바이오틱스 콜라겐유산균 홍삼대첩 발효오디와배 위스마일 뷰티풀석류 무안황토자색양파즙 두개사면하나더 진행합니다 김선물세트 도 특가 로 진행됩니다 제 프로필 자담터바로가기 주소클릭 후 간단가입 하시면 모든혜택 다 받으실 수 있으세요 궁금점 있으시면 언제든 연락주세요 바른먹거리풀무원 풀무원 풀무원로하스 고객혜택 풀무원건강생활 올가 풀비타 설선물 건강을선물하세요 건강스타그램 유어락 유어락유산균 홍삼,자담터 설선물 특별행사 면역포스트바이오틱스 콜라겐유산균 홍삼대첩 발효오디와배 위스마일 뷰티풀석류 무안황토자색양파즙 두개사면하나더 김선물세트 특가 자담터바로가기 모든혜택 바른먹거리풀무원 풀무원 풀무원로하스 고객혜택 풀무원건강생활 올가 풀비타 설선물 건강을선물하세요 건강스타그램 유어락 유어락유산균 홍삼
코로나로 요즘 자주 재택근무 중 내일 오전 고객님께 드릴 진효원 집에서 포장 추석이후 오랫만에 포장했는데도 제손이 기억하고 있네요 ㅎㅎ늘 단정하신 고객님께 딱 어울리는 단정한 포장 완성 좋은선물 되세요 풀무원홍삼 홍삼추천 바른홍삼 설행사 설선물추천 풀무원 바른먹거리풀무원 홍삼 홍삼 풀무원로하스 풀무원건강생활 부모님선물 선물스타그램 건강스타그램 건강이최고 건강을선물하세요,재택근무 진효원 포장 좋은선물 풀무원홍삼 홍삼추천 바른홍삼 설행사 설선물추천 풀무원 바른먹거리풀무원 홍삼 홍삼 풀무원로하스 풀무원건강생활 부모님선물 선물스타그램 건강스타그램 건강이최고 건강을선물하세요
풀무원입니다 월 일까지 다음주 월요일까지 자담터 설선물 특별행사 진행합니다 유어락유산균 종세트 특가 원 브리엔 종세트 구입시 브리엔 에센스 정품증정 홍삼대첩 발효오디와배 진행합니다 포 만원 그리고 발효오디와배 홍삼대첩 손소독세트 유어락 브리엔 만원이상 구입시 만원상당 저분자피쉬콜라겐 뷰티푸룬 박스 를 선물로 드립니다 뷰티푸룬 유통기한은 년 월 일 까지입니다 제 프로필 자담터바로가기 주소클릭 후 간단가입 하시면 모든혜택 다 받으실 수 있으세요 궁금점 있으시면 언제든 연락주세요 행복한 건강한 주말 보내세요 유어락 유어락유산균 콜라겐유산균 포스트바이오틱스 홍삼추천 저온진공홍삼농축액 홍삼 발암물질프리 안전한홍삼 브리엔 엔젤리카허브 신선초 그린등급 설선물추천 바른먹거리풀무원 풀무원 풀무원로하스 풀무원건강생활 고객혜택,자담터바로가기 유어락 유어락유산균 콜라겐유산균 포스트바이오틱스 홍삼추천 저온진공홍삼농축액 홍삼 발암물질프리 안전한홍삼 브리엔 엔젤리카허브 신선초 그린등급 설선물추천 바른먹거리풀무원 풀무원 풀무원로하스 풀무원건강생활 고객혜택
자담터 설선물 얼리버드이벤트 진행합니다 일까지 유어락유산균 종세트 특가 원 브리엔 종세트 구입시 에센스 추가증정 홍삼대첩 포 만원 진행 발효오디와배 포 만원 진행 만원 이상 구입시 만원상당 저분자피쉬콜라겐 뷰티푸룬 박스를 선물로 드립니다 뷰티푸룬 유통기한은 년 월 일 까지입니다 제 프로필 자담터바로가기 주소클릭 후 간단가입 하시면 모든혜택 다 받으실 수 있으세요 궁금점 있으시면 언제든 연락주세요 설선물추천 바른먹거리풀무원 풀무원 풀무원로하스 고객혜택 유어락 유산균추천 포스트바이오틱스 콜라겐유산균 홍삼추천 홍삼 저온진공법 저온진공홍삼농축액 엔젤리카허브 신선초 그린등급 알러젠프리,자담터 설선물 얼리버드이벤트 유어락유산균 브리엔 홍삼대첩 발효오디와배 저분자피쉬콜라겐 뷰티푸룬 자담터바로가기 설선물추천 바른먹거리풀무원 풀무원 풀무원로하스 고객혜택 유어락 유산균추천 포스트바이오틱스 콜라겐유산균 홍삼추천 홍삼 저온진공법 저온진공홍삼농축액 엔젤리카허브 신선초 그린등급 알러젠프리
랜선 회사 조카 두찌의 귀여운 노래자랑마트 다녀오더니 갑자기 풀무원 노래를 부른다고 졸귀탱 노래자랑 조카스타그램 바른먹거리풀무원 풀무원 노노카 영상도보고 두찌영상도 보는 나의 일상,노래자랑 조카스타그램 바른먹거리풀무원 풀무원 노노카
풀무원 입니다 자담터 신규고객 대박이벤트 무 려 원 할인쿠폰 증정 원 원에 구입하실 수 있으세요 한정수량 진행합니다 그리고 일까지 팩 칫솔세트 하나사면하나더 유기농본 두개사면하나더 진행합니다 제 프로필 자담터바로가기 주소클릭 후 간단가입 하시면 모든혜택 다 받으실 수 있으세요 궁금점 있으시면 언제든 연락주세요 바른먹거리풀무원 신규이벤트 테라타민비타민 홍삼추천 비타민추천 생강계피차 대박행사 본생리대 물염색 안전이우선 면역제품,풀무원 자담터 대박이벤트 팩 칫솔세트 하나사면하나더 유기농본 두개사면하나더 자담터바로가기 바른먹거리풀무원 신규이벤트 테라타민비타민 홍삼추천 비타민추천 생강계피차 대박행사 본생리대 물염색 안전이우선 면역제품
풀무원입니다 일까지 자담터 면역포스트바이오틱스 두개사면하나더 특별행사 진행합니다 달분 하루두포 포이고 특별혜택가 원 입니다 장건강 은 기본 유익균 유해균 프로바이오틱스 프리바이오틱스 포스트바이오틱스 함유 면역 항산화 관리도 동시에 아연 비타민 함유 우유성분 없는 유산균 함유 더욱 더 장을 편안하게 배변활동 변비 과민성대장 도 원활하게 풀무원 김치유산균 함유 한국인의 필수 유산균 입니다 천연 상큼 오렌지맛으로 온가족 모두 다 맛있게 드실 수 있으세요 합성향료무첨가 입니다 제 프로필 자담터바로가기 주소클릭 하시고 간단가입 하시면 모든혜택 덤도 할인 도 다 받으실 수 있으세요 궁금점 있으시면 언제든 연락주세요 유산균 풀무원유산균 김치유산균 바른먹거리풀무원 풀무원 대박행사 유어락 유어락유산균 포스트바이오틱스 프로바이오틱스 프리바이오틱스 유산균,자담터 면역포스트바이오틱스 두개사면하나더 특별행사 특별혜택가 장건강 면역 항산화 아연 비타민 변비 과민성대장 온가족 합성향료무첨가 자담터바로가기 덤도 할인 유산균 풀무원유산균 김치유산균 바른먹거리풀무원 풀무원 대박행사 유어락 유어락유산균 포스트바이오틱스 프로바이오틱스 프리바이오틱스 유산균
풀무원입니다 월 일까지 이번주 일요일까지 자담터 특별행사 진행합니다 유어락유산균 홍삼대첩 본생리대 올가 생활공작소 제품 개 구입시 개를 더 드립니다 그리고 이번달 고객님 지인분 자담터 소개시 지인분 가입하실때 추천인 에 고객님 아이디 기입하시면 몇일안으로 두분 다 원 할인쿠폰 증정되세요고객님이 신규가입 이시면 추천인 하시고 연락주세요 제 프로필 자담터바로가기 주소클릭 하시고 간단가입 하시면 되세요 궁금점 있으시면 언제든 연락주세요 대박행사 면역포스트바이오틱스 풀무원유산균 설선물추천 유산균추천 홍삼추천 생리대추천 유기농생리대 유기농본 바른먹거리풀무원 고객혜택,자담터 유어락유산균 홍삼대첩 본생리대 올가 생활공작소 자담터바로가기 대박행사 면역포스트바이오틱스 풀무원유산균 설선물추천 유산균추천 홍삼추천 생리대추천 유기농생리대 유기농본 바른먹거리풀무원 고객혜택
풀무원입니다 자담터 생기충전저분자콜라겐 유산균 할인행사 진행중입니다 개월분 포 원 원 제 소개 자담터바로가기 주소클릭 또는 자담터앱설치 간단가입 후 추천코드 임정민로하미 하시면 혜택가 로 구입되세요 생기충전 피부를 위한 저분자콜라겐 히알루론산 엘라스틴 함유 장을 튼튼하게 그리고 가벼운 몸을 위해 풀무원 김치유산균 함유 합성향료무첨가 레몬 라임 함유로 맛있게 드실 수 있으세요 그냥 드셔도 굿 우유나 요거트에 타서 드셔도 궁금점 있으시면 언제든 연락주세요 바른먹거리풀무원 풀무원로하스 풀무원건강생활 유어락 풀무원콜라겐 유어락콜라겐 안심콜라겐 저분자콜라겐 예쁘게 생기있게 건강하게,자담터 생기충전저분자콜라겐 할인행사 자담터바로가기 혜택가 히알루론산 엘라스틴 풀무원 김치유산균 합성향료무첨가 바른먹거리풀무원 풀무원로하스 풀무원건강생활 유어락 풀무원콜라겐 유어락콜라겐 안심콜라겐 저분자콜라겐 예쁘게 생기있게 건강하게
고객님들 블랙데이 행사 주문하신 제품들 택배 준비하다 보니 점심은 패 스 했네요 택배 다 보내드리고 인근에 계신 고객님들 제품은 댁 앞에 놓아두고 집에오니 벌써 저녁오자마자 허겁지겁 밥먹고 있는중요 제품 구입하신 고객님 중 부모님 영양제 추천 부탁하셔서 말씀드리니 종류별로 다 보내달라고 하셔서 고객님의 맘이 넘 예뻐 샘플 넉넉히 넣어 보내드리니 기분 뿌듯하네요 늘 고맙다고 해주시는 고객님들 계셔서 넘 힘이 납니다 저도 늘 넘 감사드립니다 바른먹거리풀무원 풀무원 풀무원로하스 풀무원건강생활 임정민지부장 임정민로하미 이웃사랑 고객사랑,바른먹거리풀무원 풀무원 풀무원로하스 풀무원건강생활 임정민지부장 임정민로하미 이웃사랑 고객사랑
풀무원입니다 이번주 자담터 면역포스트바이오틱스 가 출시되었습니다 달분 하루두포 포 특별혜택가 원 제 소개 자담터바로가기 주소 클릭 또는 자담터 앱설치 후 간단가입 추천코드 임정민로하미 하시면 특별 혜택가 로 구입되세요 완벽한 장건강은 기본 유익균 유해균 프로바이오틱스 프리바이오틱스 포스트바이오틱스 함유 면역 항산화 관리도 동시에 아연 비타민 함유 우유성분 없는 유산균 함유 더욱 더 장을 편안하게 배변활동 변비 과민성대장 도 원활하게 풀무원 김치유산균 함유 한국인의 필수 유산균 입니다 천연 상큼 오렌지맛으로 온가족 모두 다 맛있게 드실 수 있으세요 궁금점 있으시면 언제든 연락주세요 바른먹거리풀무원 풀무원 풀무원건강생활 풀무원로하스 임정민지부장 풀무원유산균 유어락 프로바이오틱스 프리바이오틱스 포스트바이오틱스 합성향료무첨가 안심유산균 유산균추천 저분자콜라겐 비타민 도 특별행사 중입니다,자담터 면역포스트바이오틱스 자담터바로가기 혜택가 바른먹거리풀무원 풀무원 풀무원건강생활 풀무원로하스 임정민지부장 풀무원유산균 유어락 프로바이오틱스 프리바이오틱스 포스트바이오틱스 합성향료무첨가 안심유산균 유산균추천 저분자콜라겐 비타민 특별행사
건강하게 자라렴 충남공주 신관동어린이집 대아 차어린이집 대아 차다인어린이집 바른먹거리풀무원 다인어린이집,충남공주 신관동어린이집 대아 차어린이집 대아 차다인어린이집 바른먹거리풀무원 다인어린이집
풀무원 입니다 천사가 선물한 약초 엔젤리카허브 신선초 발효 자담터 브리엔 런칭기념 특별행사 진행합니다 일까지 브리엔 종셋트 구입시 클랜저 에센스 모이스처라이저 총 원 모이스처라이저 정품 원 을 무료로 선물 로 드립니다 토너 에센스 미스트 를 하나로 담은 에센스 진정 미백을 한번에 로션 크림 을 하나로 모이스처라이저 산뜻 촉촉 보습력 노폐물과 만나면 크림으로 변하는 매직 버블클린저 자극없이 말끔히 클랜징 전성분 안전등급 으로 특히 민감피부 에 적극 추천드려요 제 소개 자담터 바로가기 또는 자담터앱설치 간단가입 후 추천코드 임정민로하미 하시고 구입하시면 되세요 행주티슈 도 내일 오전 시까지 특별행사 진행합니다 궁금점 있으시면 언제든 연락주세요 화해앱 알러젠프리 그린등급 바른먹거리풀무원 풀무원건강생활 풀무원로하스 고객혜택 크리스마스행사 연말행사,풀무원 엔젤리카허브 신선초 자담터 브리엔 런칭기념 특별행사 브리엔 선물 토너 에센스 미스트 로션 크림 버블클린저 클랜징 민감피부 행주티슈 화해앱 알러젠프리 그린등급 바른먹거리풀무원 풀무원건강생활 풀무원로하스 고객혜택 크리스마스행사 연말행사
내 자식에게 먹일 수 없는것은 만들지도 말고 팔지도 말라고 하셨던 고 원경선원장님 의 말씀이 정말 인상깊어지난 년동안 바른먹거리 로 고객님들과 쭉 소통했던 시간들 오늘 문득 돌이켜 보니 참 뿌듯하네요 계속 쭉 원경선 원장님의 이웃사랑 생명존중 맘을 담은 바른먹거리풀무원 로하미 되어볼께요 풀무원 내자식에게먹일수없는건만들지도팔지도말라 풀무원로하스 이웃사랑 생명존중,원경선원장님 바른먹거리 바른먹거리풀무원 로하미 풀무원 내자식에게먹일수없는건만들지도팔지도말라 풀무원로하스 이웃사랑 생명존중
풀무원 입니다 데일리칼슘 소개드려요 칼슘 종 배합으로 흡수 효과 업 폴리감마글루탐산 성분으로칼슘이 바로 뼈로 흡수되어 골다공증 건강은 물론 심혈관 건강에도 굿 비타민 마그네슘 함유로 우리몸 뼈 신경 근육을 튼튼하게 합성 감미료 무첨가로 안전하게섭취하실 수 있으세요 궁금점 있으시면 언제든 연락주세요 풀무원칼슘 데일리칼슘 바른먹거리풀무원 풀무원로하스 풀무원건강생활 뼈건강 심혈관건강 골다공증예방 건강스타그램,풀무원 풀무원칼슘 데일리칼슘 바른먹거리풀무원 풀무원로하스 풀무원건강생활 뼈건강 심혈관건강 골다공증예방 건강스타그램
오라니어 스텐팬 특별행사 진행합니다 유해물질제로 과불화화합물 제로 반영구적사용 스텐 열효율최고 통 중스텐 건강한 빠른 오래쓰는스텐팬입니다 그리고 가스렌지부터 인덕션까지 다 사용 가능하세요 궁금점 있으시면 언제든 연락주세요 스텐팬추천 바른먹거리풀무원 풀무원 풀무원건강생활 풀무원로하스 연말행사 대박행사 주부스타그램 엄마밥상 아이밥상 가격문의주세요,오라니어 스텐팬 특별행사 유해물질제로 과불화화합물 반영구적사용 스텐 열효율최고 통 중스텐 스텐팬추천 바른먹거리풀무원 풀무원 풀무원건강생활 풀무원로하스 연말행사 대박행사 주부스타그램 엄마밥상 아이밥상 가격문의주세요
인증샷이벤트 뒤늦게 참여,인증샷이벤트
바른먹거리풀무원,바른먹거리풀무원
동,
연말 풀무원로하스 대박 이벤트 키즈치약 진행합니다 총 개 원에 구입하실 수 있으세요 가지 어린이 구강 맞춤케어 충치예방 구취제거 치태제거 등 무첨가 안심처방 꼭 아이들치약은 전성분 확인하시고 구입하세요 가지 유기농 인증성분으로 치아 를 튼튼하게 로즈마리 카모마일 알로에 당근 카렌듀라추출물 함유 소중한 우리아이 안전하게 튼튼하게 완벽하게 치아를 관리해 줍니다 궁금점 있으시면 언제든 연락주세요 자담터 에서도 구입 가능하세요 로하미코드 임정민로하미 치아건강 어린이치약 저불소치약 천연계면활성제 바른먹거리풀무원 풀무원 풀무원건강생활 유기농치약 맛있는치약 하나사면하나더,풀무원로하스 대박 이벤트 키즈치약 어린이 구강 안심처방 유기농 치아 튼튼하게 소중한 우리아이 안전하게 튼튼하게 완벽하게 자담터 치아건강 어린이치약 저불소치약 천연계면활성제 바른먹거리풀무원 풀무원 풀무원건강생활 유기농치약 맛있는치약 하나사면하나더
지은언니의 추천으로 사온 풀무원 백면뜯어보니 내가 좋아하는 얇은 면에 튀기지않아 왠지 부담스럽지않은 라면건더기스프도 뭔가 실해보이고 스프봉다리가 넘 큰거 아녀 조개 곰탕 국물이 시원하구만 애들이랑 안먹음 청양고추 얇게 채썬거 살짝 올려먹음 더 맛날거같으다한끼 맛있게 떼웠당 ㅋ 바른먹거리풀무원 풀무원백면 튀기지않은면 개운깔끔 맵지않은라면 홍면은무슨맛일지,바른먹거리풀무원 풀무원백면 튀기지않은면 개운깔끔 맵지않은라면 홍면은무슨맛일지
오늘 이번달 마감을 하고 편하게 외식을 하고 싶었으나 요즘 조금 조심해야 될거같아 외식은 패스 후다닥 무우배추김치 썰어 스팸넣어 볶아 김치볶음밥 계란탕 만들기 나에게토닥토닥 이번달도수고했어 다음달도 화이팅 합니다그리고 고객님들 늘 넘 감사드립니다 바른먹거리풀무원 풀무원 풀무원로하스 자담터 로하미 임정민지부장 풀무원정민 오라니어인덕션 풀무원인덕션 건강이최고,김치볶음밥 계란탕 나에게토닥토닥 이번달도수고했어 화이팅 바른먹거리풀무원 풀무원 풀무원로하스 자담터 로하미 임정민지부장 풀무원정민 오라니어인덕션 풀무원인덕션 건강이최고
ㅋㅋ ㅎ 일에,
,
바른먹거리 풀무원 마미유 아이들에게 정말로 안전한 가지 유산균과 유산균 함유 면역미네랄 아연 성장비타민 비타민 초유 스톨레밀크 비타민 그리고 프리바이오틱스 종까지 무색소 무감미료는 기본오렌지 추출 분말 함유로 맛도 새콤달콤해 아이들이 맛있게 섭취할 수 있으세요 궁금점 있으시면 언제든 연락주세요 유산균 스톨레밀크 어린이유산균 바른먹거리풀무원 어린이건강식품 풀무원로하스 프로바이오틱스 프리바이오틱스 아연 초유 맛있는유산균 면역제품,바른먹거리 풀무원 마미유 유산균 스톨레밀크 어린이유산균 바른먹거리풀무원 어린이건강식품 풀무원로하스 프로바이오틱스 프리바이오틱스 아연 초유 맛있는유산균 면역제품
풀무원입니다 여성의 삶의질을 업그레이드 시켜주는 로젠빈 소개드려요 식물성 여성호르몬 복합물 함유 검정콩이소플라본 호프 감초 더더욱 효과있고 안전하게 여성건강을 도와주고 아스타잔틴 비타민 마카추출물 함유 피부에도 뼈에도 호르몬에도 더욱 더 효과를 빠르게 개별인정형 보라지감마리놀렌산 함유 혈행 및 콜레스테롤 개선 월경전증후군까지 케어해 줍니다 체험신청 받습니다 언제든 연락주세요 행복한 저녁 보내세요 대상받았어요 여성전문제품 바른먹거리풀무원 풀무원로하스 풀무원건강생활 여자이니까 주부스타그램,대상받았어요 여성전문제품 바른먹거리풀무원 풀무원로하스 풀무원건강생활 여자이니까 주부스타그램
풀무원입니다 이번달 고메인덕션 특별행사 진행합니다 고메인덕션 렌탈구입시 라이스팟 풀무원청소기 또는 하이스튜팟 증정행사 진행됩니다 총 만원 상당의 선물이 증정 되세요 보다 합리적인 가격 버튼 하나로 매일 맛있는 밥을 만들어주는 렌탈로 부담없이 구입하실 수 있는 월 원 년납 계약금 만원 총 구 인덕션으로 한구는 국내최대 대형화구 가지고 있어 요리하기 더 좋은 렌탈기간동안 무상 는 물론 개월차 고급스런 그레이로 상판교체 서비스 가장 중요한 발열체는 년 무상보증 진행됩니다 궁금점 있으시면 언제든 연락주세요 인덕션 풀무원인덕션 전기렌지 바른먹거리풀무원 풀무원로하스 라이스팟 아르센청소기 고메인덕션 풀무원정민,인덕션 풀무원인덕션 전기렌지 바른먹거리풀무원 풀무원로하스 라이스팟 아르센청소기 고메인덕션 풀무원정민
