,본문
0,모든 남자아이돌 옷장과 협찬에서 비니와 벙거지를 없애주세요 환경오염입니다 지구야미안해
1,쓰레기를 버리지말자는 주장에 환경오염과 환경미화원의 노고를 생각하면 옳은비판이었다고 논쟁을 종료하자는 사람들이 아니라 그걸 쓰레기를 버린 나에대한 공격으로 간주하고 불쾌감을 느낀 사람들이 쓰레기를 버릴 권
2,환경오염때문에 온거면 환경주제도꺼낼수잇어요
3,그래서 쓰레기를 무단투기하지 말라는 주장이 타집단에서 나오면 그게 옳다고 동의하는게 아니라 쓰레기를 무단투기해서 그걸 지적당한 자신들의 불쾌감을 우선시하며 쓰레기를 버릴 권리를 주장하며 자신이 논쟁 아니
4,공룡행성에서 왜왓어요 환경오염때문인가요
5,내가 매번 꿈꾸면 저런 미래사회 나오는데 전국팔도가 테마파크처럼 돼서 고속도로를 타면 돈을 내는게 아니라 내리면 그지역 입장권을 끊어야 돼 부도난 건물이 즐비한 테마도시도 있고 환경오염 테마도시도 있음 침수된 도시도 있고
6,현장포커스 인천 대무의로 농지성토 공사장 관리 감독 절실 인천 대무의로 일대 유수지 앞 농지성토 공사 현장의 환경오염 방치에 대해 인근 주민들이 행정기관
7,지구 이대로 괜찮은건가 전세계에 역병에 화재에 시위에 환경오염에 난리가아닌데
8,기후정의를 말하다 기후변화 와 인종차별 은 맞닿은 문제 비즈트리뷴 마이크로소프트 측에 따르면 환경 불평등과 인종차별 간의 연관성은 세기에 일어난 환경오염
9,교수님이 원하는 답은 환경오염을 줄이기 위해서 였는데
10,그렇네 고기먹으면 환경오염
11,걍 포카만 팔아라 환경오염이에
12,썩다못해 환경오염까지 ㄷㄷ
13,살의 나 다이치 하 왜 인생아 있을까 사람이 있을까 인간이 없으면 환경오염도 안될텐데 한숨 아놔 중 병 오진다
14,배양육 동물애호 비건 축산업에서 발생하던 환경오염과 동물윤리 문제 해결될 수 있을까요
15,나는 여기 산다는 이유로 종종 숨쉴 때마다 기후세 내는데 운좋기 좋은 환경에 태어나 살면서 자국들에서 어떤 식으로 환경오염을 남의 나라에 떠넘기는지 생각도 않고 터진 입이라고
16,저도 사본 적은 없지만 기름값 쫌 싼 거 외에는 장점은 없는 것 같아요 소음과 승차감때문에 사시면 후회하실 듯요 특별한 목적이 있으면 모를까 환경오염도 그렇고 전 비추입니다
17,저런 하수구 음식물쓰레기 처리기 쓰면 안됌 환경오염 다른집 하수구 막혀서 민폐오지게 줌 그리고 불법임
18,뭐 그런데 결국 로켓 발사장이란게 말 그대로 환경오염의 극치라 환경 반대론자들에게 이야기 될 수 밖에 없는 지점은 있다 봅니다
19,자차 그만 타고 대중교통 이용하자고 환경오염 어쩌구하는 사람은 아침 시 저녁 시 지하철 버스 안타본 사람이 분명함
20,비닐라벨이 전체에서 위쪽으로만 붙어져서 환경오염이 덜해요 가 한국어발음 라이트 로 재탄생했어요 블랙보리 글씨체가 바뀌었어요 라벨이 바뀌면서 하이트진로가 가운데
21,아 삶 취준 인생 미래 그런 거 모르겟고 어제는 배수아 푸른 사과가 있는 국도 읽따가 어라라 누가 내인생 스포일러를 해놧네 싶어서 굳이 내가 삶을 한번 더 살 필요가 잇을까 일종의 환경오염을 실천하는 것이 아닌가 그런 생각을
22,ㅋㅋㅋㅋㅋㅋㅋㅋㅋㅋㅋㅋㅋㅋㅋ말만 상냥할 것 같은 ㅋㅌㅋㅌㅋ 당신이 하는 짓은 환경오염이에요
23,환경오염시키면 브룽이라 아파요 바다에 쓰레기를 버리지 마세요
24,완전 완전 타래 다 읽어봤는데 진짜 너무 갓커에요 환경오염에 대한 메시지를 커뮤에 녹아든게 너무 멋있어요
25,시발날투디세카이로보내주ㅏ 그럼적어도거기엔환경오염이없지않을까 환경오염이 걱정된다면 우에키의법칙에 들어가서 우에키를 환경운동가로 키워내기
26,집에 장난감 개잇는데 어떻게 모든게 싫은거니 얘들아 환경오염 그만하고싶어 죽여줘
27,환경오염 오타쿠
28,코덕 맴찢영상 왜 어ㅐ 만드는거임 볼때마다 환경오염밖에 생각 안나
29,그렇죠 저도 옛날에는 그런 환경오염 포스터를 그리기도 했는데 딱히 미술에 재능이 있던 건 아니라서 상은 타지 못했지만 말입니다 먼 하늘을 바라보며 작게 웃고는 그렇겠죠
30,그건 환경오염이 아닐까요
31,그새끼들이 재활용하는게 환경오염 막는데 제일 효과적
32,지구가 의지를가지고 환경오염시키는 나라를 조진다면 순위 순위는어딜까
33,비닐라벨이 전체에서 위쪽으로만 붙어져서 환경오염이 덜해요 가 한국어발음 라이트 로 재탄생했어요 블랙보리 글씨체가 바뀌었어요 라벨이 바뀌면서 하이트진로가
34,환경오염 이야기도 그렇고 사람이 더 태어나봐야 좋은 거 없다 싶고 뭐 이런 이야기 하면 이상한 눈초리 하는 사람 많을듯하지만ㅋㅋ 애기 있는 분은 계속 애기 자랑하고 진짜 관심 도
35,세계 제 경제 대국임에도 불구하고 미국 서민들은 왜 점점 가난해지는가 그 세금 다 어디로간거 자유 민주주의 정의의 이름으로 전쟁무기 마음껏 사막에 뿌리면서 누구 배불려준거 지구 환경오염 어쩔 양쪽 악행
36,여기에 각종 환경오염으로 인한 기후위기까지 디스토피아가 가까워 지는건가 싶어요 ㅠㅠ
37,왜 내가 해피밀 시킬 때는 환경오염에 한숟 얹었다는 마음의 죄책감만 들게하더니
38,남한에도 우라늄 매장량이 경제성있을 것으로 예상되어 광산개발 추진된 지역이 여럿 있지만 지방정부가 환경오염등을 우려해 금지한 상태
39,착한 그런가 이어지는 네 말에 잠시 고민하고 음 구하는 역할 뭐 아픈 친구 보건실에 데려다주기 이런것도 구하는거에 포함되는건가 아님 실수로 발 헛딛인 친구들 잡아주기
40,세계 제 경제 대국임에도 불구하고 미국 서민들은 왜 점점 가난해지는가 그 세금 다 어디로간거 자유 민주주의 정의의 이름으로 전쟁무기 마음껏 사막에 뿌리면서 누구 배불려준거 지구 환경오염 어쩔
41,아 환경오염 지금당장쓰레기주으러겟아웃
42,환경오염보단 환경의 복수같긴한데요
43,플라스틱사용과다로인한환경오염 보
44,텀블러 선물이 여기저기서 너무 많이 들어온다 환경보호를 위해서 텀블러를 쓰라지만 인장 텀블러 개 이상이면 환경오염에 더 가까운 거 아닌지
45,나갑지기겸뱀이넘좋은걸 범죄자아기 이 문제아들이 저지르는일 길고양이들과 환경오염 대책 회의 설빙 가서 떡볶이 주문하기 인형뽑기에 만원쓰기 주유소에서 인스타사진찍기
46,수제장인정신의계승으로지구환경오염과재활용장신구적극사용하기를같이소통과협력해보기를바랍니다
47,헐나도가리비자살했다는줄알고 환경오염문제가심각하구나 하면서 주의깊게바라보니까 깔끔하게 손질된 가리비 관자살이었음
48,씨스피라시 재밌다 환경오염은 어업의 쓰레기와 남획 때문임 근데 환경사업이 돈이 되니까 쉬쉬하는 거지 겨우 플라스틱 빨대 때문이라면서 애초에 어업이 사라지면 일자리가 없으니까 근본적 해결방안
49,이딴걸 만든새끼나 돈받고 파는새끼나 돈주고 사는새끼나 대가리에 뭐가처들은거야 씨발 다이어트를 할것같으면 콜라를 처 마시질 말던가 제로콜라를 마시던가 소용량 마실거면 캔콜라는 장식인가 벌레같은새끼들 환경오염주범이여
50,탄소 배출과 환경오염 자원 고갈에 대한 비용이 경제성장 지표엔 계산되지 않는다 행복 사랑 아이와 엄마와의 밀착 관계 걸어다닐 수 있는 동네 시간의 흔적이 묻은 건축물 신뢰 용서 서비스를 잘 해주는 단골 가게 주인의 가치도 말이다
51,알파고 있는데 왜 환경오염 시키면서 숨 쉬어 당장 죽어
52,더위로 인해 해수온도가 올라 물고기들이 폐사한다 정상적인 해결법 해수온상승 등 이상기후의 원인이 되는 환경오염을 막는다 인간들의 해결법 고수온 버틸 수 있는 품종을 개발한다 와 인간들 너무
53,환경오염을 안시키려면 자살 이 가장 빠르겠습니다만 실제로 이걸 바라시진 않겠고 해결을 해야겠죠 다들 저렇게 비판해도 당일 새벽배송 없으면 화낼분들 많고
54,지인이 마녀캐 짜줬다 신나서 허버허버 그림 강을 사랑하는 마녀 환경오염때문에 요즘은 성격 더 더러워졌다고 합니다 춋또 마녀쿤
55,나 대통령되면 릴스랑틱톡없애고 인스타 유머계정 다터트려줌 먹방한답시고 환경오염 존나하는거 사형 ㄴ중국이랑다를게뭔가요
56,신고지라 자체도 고지라 대 헤도라에 대한 오마주가 들어가 있죠 고지라의 핵 은유를 환경오염 으로 전유하고자 시도한 게 고지라 대 헤도라였는데 이걸 다시 원자력으로 인한 재난 으로 전유를 시도한 게 신고지라니까요
57,아니 미장원 온세상 무스랑 스프레이 팡 머리에 쏟아부었냐구여 환경오염의 주범이 여기있었네
58,마이바니가 환경오염의 주범이었다니
59,동물은 죽으면 일반쓰레기로 종량제봉투에 넣어서 버리는게 원칙적으로는 그렇다매 진짜너무하다 물론 환경오염때메 땅에묻는거 안좋은건알겟는데ㅜㅜ
60,마치 길가에 담배꽁초를 버린 사람한테 가서 지금 니가 하는 행위가 환경오염을 일으킨다는 점에서 핵발전소를 폭파시켜 방사능을 유출시키는 테러범이랑 뭐가 다르냐 고 고래고래 소리지르는 느낌입니다
61,야이씨발색히들아 차 타지말고 버스나 타 이 환경오염의 주범자들아 좆같은색히들아
62,이메일 삭제했을때 환경오염에 도움된다는 말을 혐오 하는편
63,이제 정치트윗은 안할려하지만 이 얘기는 마지막으로 꼭하고싶어요 뭐만 하면 환경오염탓하는데 어떤 논리로 저러는지 모르겠어요 또 싸드들고와서 전자파가 인체에 유효하다하면서 떠드는 것을 상상
64,오늘날 우리에게 일용할 전기차를 주옵시고 우리에게 내연기관차를 사하여 준 것
65,불태우는것도 환경오염이야
66,남대표고 환경오염이고 다 떠나서 떠날수없다는걸알지만 애초에 브라를 월마다 하나씩 받을 이유가 있나요 필요한 제품을 필요한 때에 구매하면 되지 않나요
67,칭찬받고싶은데 딱히 잘한게 없는것 같아요 그럼 아무거나 말해봐요 나 오늘 밥 꼭꼭 잘 씹어서 안남기고 먹었어 뭐 그런거라도요 편식 안한게 왜 칭찬받을일이 아니예요 세계적으로 심각한 환경오염을 줄이
68,가족도 환경오염이라 그랬는데 감동이에요
69,느아아아아아아 뇌에든것도없는씨발롬들아너희야말로지구오염이다환경파괴주범들아전부군대다녀오고하나둘씩기력을잃으면서샤워하다가비누밟고뇌진탕으로뒤졌으면좋겠어죽어서화장하는것도환경오염이니까전부땅속에생매장해서물티슈마르듯이서서히죽어갔으면좋겠어너희는존재자체가악이야
70,지구는 미래 기준으로 먼 과거에 지속되는 환경오염으로 인해 버려져 지구에서 멀리있는 행성인 코드 로 이주하였고 저희는 이곳을 코드육사라 부릅니다 정리하자면 현재 이 지구는 버려
71,환경오염이 걱정이면 불필요한 낭비는 환경을 오염시킨다 에 핀트를 맞추고 왜 남자가 여자 속옷을 파냐 라고 뭐라 하고싶으면 그냥 그런거지뭐 무작정 욕하기엔 사람은 살아있는 자체가 환경오염임 내가 보는
72,근데 화장 다시 하고싶을때도 있는데 화장품 너무 비싸 ㅋㅋㅋㅋ 그래서 진짜 안하게 됨 ㅋㅋㅋㅋ 화장하면 지우는데도 환경오염이잖아 그래서 더더욱 안하게됨
73,용암에 사람이 들어가면 태우거나 매립하는 것보다 환경오염이 안되지 않을까 걍 사라지지 않음 용암은 몇명까지 커버 가능할까
74,진짜 그냥 뭐 복권같은걸로 하면 안되나 우리 너무 환경오염 주범 아니냐구
75,승차호출 기술 발달로 아끼게 된 에너지나 감소된 환경오염도 상당하지 않을까 아니면 걍 콜은 콜대로 키고 옛날과 다를바앚ㅅ이 정처없이 돌아다니는건가
76,공용킥보드 진짜 웃기지 말라 그래 요즘 길 가면 사방이 다 킥보드밭이야 진짜 징글징글해 타고다니는 놈들은 뭐 헬멧 착용하고 이러는 것도 아니고 인도에서도 부와앙 이지랄하는데 이거 규제 안하냐고 그리고 나중에
77,공무원 급환경직공무원 각종 환경오염으로부터 우리 국토를 보전하는 임무
78,도쿄 올림픽에서 일본의 탄소감축을 위한 노력은 효과가 있었을까요 그 결과를 알고 싶다면 구독과 좋아요 부탁드려요 탄소배출 도쿄올림픽 도쿄올림픽 올림픽 환경 환경오염
79,이 트윗은 절대 구제 공포조장아닙니다 당장 저는 오늘만해도 구제옷 세벌 샀습니다 오염이 너무 심하지 않는이상 절 대 이상한귯에서 떼온 옷이 아닙니다 ㅎㅎ 환경오염방지에 힘써주세요 구제는 정말 오랫동안 입을수있는 옷입니다
80,구제옷만 년째 사고있는 여성의팁 환경오염때문에 싸레기가 넘쳐나는지금 구제옷사는건 진짜 잘하는겁니다 개쓰레기잡유머에넘어가지말구 신조를 지켜주세요 만약 사고난뒤 가위에 눌린다면 침대밑에 가위나 칼을 두면 가위에 눌리지 않습니다
81,아니 와타나가시 축제 이거 너무 환경오염적이에요 배경이 년이긴한대
82,환경오염
83,하 나중에 죽게되면 꼭 바다에 뿌려지고싶었는데 그럼 환경오염이라매 편히 죽지도못하는
84,약간 미디어 환경오염 숫자로 보게된 것 같다
85,갈매기 똥으로 뒤덮인 태양광 환경오염의 원인이 된 태양광 정권교체가 없으면 국민혈세는 더욱 심하게 낭비될 것이다
86,귿데 포카뒤에 멘트 맘에들면 양도받으러다닐거같애 환경오염에한발짝
87,공용킥보드 진짜 웃기지 말라 그래 요즘 길 가면 사방이 다 킥보드밭이야 진짜 징글징글해 타고다니는 놈들은 뭐 헬멧 착용하고 이러는 것도 아니고 인도에서도 부와앙 이지랄하는데 이거 규제 안하냐고 그
88,양황 아이돌황의 혼모노오타쿠 양짱인 고삼때 황네 그룹 길바닥직캠 하나 보고 꽂혀서 덕질 시작함 황연진 포카는 모조리 매입하고 부산 사는데 앨범 백장씩 사서 팬싸도 꼬박꼬박감 중박도 칠랑말랑인 그룹 뭣하러 백장씩이
89,슬퍼하지마환경오염을막는것부니야
90,하 엄마가 엊그제 앨범 버리면서 쓸데없이 앨범 여러개 사지말라고 환경오염이라고 머라햇는데 ㅡㅡ
91,천미터급 세계적 고봉들이 즐비한 히말라야 산맥들과 연결되어 있는 티벳고원 거기에서 중국 동쪽의 해안가까지는 완만한 지대가 아니라 거의 폭포같이 급격한 경사를 가짐 치수는 언제나 문제이고 공업지대는 해안가에 몰
92,역병도 환경오염도 세계 몇 개국의 책임인데 지구 나눠 쓴 죄로 너무 가혹하다 동네 인도인 얘기를 들었는데 대 친구들 중 절반이 죽었다고 친인척은 말할 것도 없고
93,에 가려져서 상대적으로 덜 부각되지만 고폭탄류도 제조공정 과정에서 주변 환경오염이 심각한 것들 맨 피부에 흡수되면 두통 나는건 약과고
94,이제 이제 뭐가 등장했는지도 모름 걸어다니는 환경오염폭탄 머리 잘려도 안죽는 좀비 개의 심장이 있는 정체불명의 괴수
95,지구본 입니다 불타오릅니다 환경오염은 나쁜겁니다
96,머리도 씨발 빨리 숱쳐야지 많기는 ㅅㅂ 진짜 무식하게 많아서 엉키고 머리감는것도 촛나 그냥 환경오염의 대가임
97,장 다 보면 읍내에 딱 하나 있는 카페 들어가서 아아 샷 추가 테이크아웃하는데 집에서 챙겨온 락앤락 쉐이커 보틀 모두가 아는 그 파란 뚜껑 에다가 함 요즘 환경오염이 심하대 일회용품 안 쓴다고 장 볼 때도 핸드카트 덜덜 끌고 옴 ㅋㅋㅋㅋ 친환경 도깨비
98,환경오염 걱정하는 에코충인데 애 까는거 노이해 그 플라스틱이랑 물 아껴봤지 님이 낳은 애가 더 유해한데요
99,환경오염 주범 크래커 ㅅㅂ 포카 좀 작작내라
100,아니 신기루처럼 보이는 가상재화로 수익이 나는데 매출이 조 년에 따박따박 조 땅파고 자원 전쟁하고 공업폐기물이네 환경오염이네 고민하지 않아도 년에 따박따박 조 잘만 키우면 이보다 괜찮은 산업이 있나
101,뭔 트위터 비건 트위터 에코페미니즘 어쩌고 트위터 퀴어페미 이런 계정들 남초커뮤 가서 남자 패는 꼴 본 적이 없음 ㅋㅋㅋㅋㅋㅋㅋㅋㅋㅋㅋ 여혐도 퀴혐도 환경오염도 남자가 더 심한데 ㅋㅋ 당연함 남자보다 무조건 자주적이고
102,여성주의자 중에서도 건강 챙기면서 비건식 권유하고 공유하는 분들 많음 난 그런 분들은 좋아 여성을 외면하는 게 아니잖음 ㅋㅋ 근데 트위터에서 랟펨이랑 키배면서 성노동론 지지 쳐하는 여혐충들은 진짜 ㅋㅋㅋ 글고
103,귀찮아서 옷 안사는게 아니라 환경오염 막을려고 옷 안산다고 말하기
104,어린아이들한테 너무 각박한거랑 인종차별 글고 환경오염
105,듣지도않을씨디 자꾸 생산해내는거 그거 환경파괴야 그런쓰레기들 만들어내느라 탄소가 얼마나 배출ㄹ되겠어 난 진심으로 저기에드는 자본이아깝고 환경오염걱정됨
106,동물만 안죽인거지 환경오염이라 허위광고 아닌가요 제가 아는 비건레더는 선인장 이런거여서요
107,산불로 인해 생긴 스모그가 공기를 덮어 외부활동을 줄이라고 한다 환경오염으로 인해 더이상 실내활동 밖에 할 수 없는 배경의 소설들이 연상되는데 그게 내 목숨 반경 안의 미래일 줄이야 이런 식이
108,그러나 여성은 인구의 절반이나 되므로 소수가 아니고 사회적 생산과 노동 과정에서도 소수가 아니므로 완고하고 심한 편견쟁이들의 비하 대상일 수는 있어도 혐오의 대상이 될 수는
109,비닐같은 일회용 소재는 안쓰는게 제일이지만 차선택으로 바이오매스 플라스틱 추천드립니다 말그대로 옥수수전분이나 곡류껍질같은 식물성소재로 만든 플라스틱인데요 제조공정부터 탄소배출이 적고 불에 태워도 환경오염
110,요즘 플라스틱이 환경오염의 주범이 되서 다들 내열유리나 도자기류로 많이 바꾸시던데 나도 그랬음 하지만 내열유리랑 도자기는 한국에서 일반쓰레기 폐기물인데다 단일소재가 아니라서 재활용이 많이 힘들고 플라스틱보
111,기후변화와 환경오염에 따른 전세계적인 어획량 감소로 인해 기존의 생활방식을 고수하기 힘들게 된 인스머스의 젊은이들이 침체되어가는 마을을 부흥시키고자 아이돌을 시작하는 이야기
112,너냅킨한장이얼마나환경오염이되는줄알아 그냅킨한장에얼마나많은수고와나무가희생했는지아냐고너냅킨만들어봤어 니가뭘알아
113,아 시팔 우리집 화장실 방음 너무한다 방금 윗집이 방구 뀌고 오늘도 시원하게 환경오염 하는 소리까지 다들림 미치겠네
114,환경오염방ㄷ관죄로 싱고함니다
115,환경오염 생각안하나
116,나는 옷 사는 걸 정말 좋아하는데 패스트패션도 환경오염에 한 몫 한다고 해서 요즘 새옷 사는 거 자제 중 돌려돌려 헤질때까지 입어 ㅏ 하지만 자라 가서 구경하고 싶어 그리고 신발만은 욕심을 버리지 못하였음
117,목욕은 레전드 물낭비 환경오염이다
118,여기도 엘비노네 클나따 환경오염이 문제여써요 흰닥발을 우짠디야
119,환경오염 시발 사람들한테 지랄하지말고 기업에 좀 지랄해 이번에 어디 김이였지 플라스틱 줄여서 판매한거 개잘한거 같음 그렇게 기업이 바뀌어야지 소비자들이 시발 플라스틱 행구고 말려서 분류한다고 살림살이 좀
120,미국에서 콜라에 멘토스만 그만 쳐 넣어도 환경오염 줄어들듯
121,그러나 여성은 인구의 절반이나 되므로 소수가 아니고 사회적 생산과 노동 과정에서도 소수가 아니므로 완고하고 심한 편견쟁이들의 비하 대상일 수는 있어도 혐오의
122,부안군은 아름다운 채석강의 쓰레기관리를 헤주시길 부탁합니다 친환경미래 기후로 끙끙 코로나도 어쩌면 환경오염 기후변화와도 무관하지않을텐데 이 같은 문화 웬말입니까 부끄러운관리 부끄시민의식입니
123,이미 환경오염 할 생각에 뇌에 힘주는걸 포기한자
124,마자 돌앨범 씨디도 안듣는데 환경오염 오져 진심
125,사실 말이 대게 많아가지고 환경오염이라 불법이라는 말도 있으니가 걍 불법이라더라 하고 막아보자
126,문명 군도맵으로 했더니 환경오염 때문에 날이 갈수록 땅이 침몰해서 결국 우주로 도망침ㅋㅋㅋㅋㅋㅋㅋㅋㅋㅋㅋㅋㅋㅋ
127,ㄹㅇ 전세계인구다죽이고 이상한공장환경오염다정리하구 디지는생각함
128,빡대가리들 존나 싫다 공동체의식이라곤 없고 지 기분만 중요한 개똘추들 공기 아까워 살아있는거 자체가 환경오염이니까 멸종했으면 좋겠어
129,이제 나는 눈물도 안난다 아니 정확히 말하면 혼자있을때만 운다 나같은 인간 살아봤자 환경오염이나 더 시키고 메탄가스나 배출하지
130,꾸미기위해 옷을 새로사서 입으면 멀쩡했던 옷을 버리는게 환경오염이 되는데 안그랬으면 좋겠다
131,비트 환경오염 주범
132,되게 빛님 마음에 안들고 나왔어 환경오염 오히려 좋아 스팀펑크 진짜 미쳤다구 자세나 그림은 이쁜데 색감 되게 구려 눈 색도 괜히 스킨에 맞춘 거 같아
133,모두가 타츠마키 씨 같을 순 없으니까요 그러니 우리들 모두 환경오염이 일어나지 않도록 서로 노력을 해야만 해요
134,인간에 의한 환경오염 말하는거지 그렇게 말하면 할말이 없지만 적어도 난 자동차는 타고 다니지 않는걸
135,잘 모르겟음 나는 뭐 헤어스타일을 꼭 어떻게 해야한다고 하면 김연담처럼 하고싶은데 근데 나 염색은 웬만하면 안하기로 마음먹었음 환경오염 오진다며
136,부분적으로 동의한다 자본가는 손해를 감수하고 일대전환 같은 걸 이뤄서 다 같이 살아남기보다는 기후격변과 환경오염으로 천천히 멸망해 가는 세계에서 남들을 희생시켜 가며 버티다가 마지막으로 죽는 쪽을 선택할 것이다
137,자격증 유기농관리사 최근 환경오염과 함께 유기농업의 중요성 알게됨 유망자격증 이젠 귀농의 필수 자격증
138,이건 뭐 환경오염수준 쓰레기 큐브
139,천미터급 세계적 고봉들이 즐비한 히말라야 산맥들과 연결되어 있는 티벳고원 거기에서 중국 동쪽의 해안가까지는 완만한 지대가 아니라 거의 폭포같이 급격한 경사를 가짐 치수는 언제나 문제이고 공업지대는
140,태백시 환경오염물질배출사업장 지도 점검 결과 공개
141,코로나로 인간 존나 죽으면 환경오염 멈춰져서 지구온난화와 해수면 상승을 저지할 수 있는 거 아님 아닌거 아니까 말걸지마
142,환경오염 얘기를 하다가 노하신 게 아닐까요
143,닭은 맛잇고 가장 환경오염이 덜한 고기랬어
144,우리가 스타벅스 종이 빨대 쓰는 것보다 비트코인 채굴로 인해 환경오염이 더 심해질 거 같음
145,앞이나 공공장소라던가 허락 받지 못하는 곳에서 피워서 그렇다구요 흡연은 나쁘다는 생각을 하지만 음주를 하는 시점에서 흡연을 극단적으로 반대하지 않지만 물론 흡연실 간다면 그럼 둘러보
146,사단 낸 아들에 그 아비 장단맞추느라 궁가득한 지전들 보며 문득 환경오염 걱정하는 사람
147,그럼 자연이랑 하나되는 이걸 하자니 뭐라 정의해야 할지도 모르겠다 심각한 환경오염 파괴 지구온난화 이런걸 생각하면 맞긴 맞는데 이건 본론을 너무 벗어나는 느낌
148,스급월드는 좋겠다 무료 쓰레기 처리장도 있고 친환경 대체에너지도 있고ㅠ 재벌공이 폼 잡으면서 미친 소비를 해도 아이 저쉑 또 환경오염 시켰어 같은 생각이 안 드는 유니버스
149,블링컨국무장관님 제임호멜대사별사 삼가고인의명복을빕니다 블링컨국무장관님 각국정상들 채널소통대화당부드립니다 블링컨국무장관님 각국정상들 기후에너지 환경오염 남극얼음 녹고
150,첫번째는 기아문제를 다룬 책인 것 같아요 아직 안 읽고 집에 있어서ㅋㅋㅋ 두번째는 환경오염 기후 위기를 다룬 책이에요 문제적남자에 나오시는 타일러님이 쓰신 책인데 니름 재밌더라고요
151,하도 분리수거 못하니까 정다가 형이 이거랑 이거 구분 잘해서 버리면 환경오염을 줄일 수 있고 어쩌고 지구를 구하는거에요 라고 설명했는데 김션 귀에는 형은 지구를 지키는 영웅 으로 들리고
152,자전거 그림 작문의 모범답안은 어릴때 자전거를 좋아해 선물어쩌고 공원에 자전거를 타러가서 어쩌고 환경오염으로 자전거를 타기를 어쩌고 아주 바람직한데 내가 지은 작문은 주말에 날씨좋아서 룰루
153,환경보호 다큐 봐도 육식할 것 같은 사람들이 물론 난 그 사람들이 비건인지 아닌지 모름 환경을 보호합시다 이러는 것 같아서 답답함 내가 걍 꼬인거지 ㄱ 지구온난화와 환경오염의 주범은 인간의 육식
154,승석이 듀엣을 해야하는 이유 세계평화 환경오염 문제 해결 사람 생명 여럿 살릴 수 있음 승석 떡밥 굶주림 해결
155,차라리 아보카도도 환경오염 노동착취 드립치는 애들이 참신한 편이다
156,이름은 넬 원래 수룡이었다가 환경오염 수질오염 땜에 신체구조가 점차 변형되어가고 있다는 설정
157,저는진짜배드엔딩하면과몰입해버려서심장이무너지고울면서아파트뽑아다눈물닦는데쓰고그러다환경오염으로세계가멸망하고지구가멸망하고우주까지멸망하고
158,오 러쉬 배스밤 쓸 때 마다 반짝이 이새끼 이거 수질오염 이새끼 이랬는데 찾아보니까 천연 운모 랑 거의 유사하면서 환경오염을 하지 않는 합성 운모 를 사용하고 있다고 함
159,다꾸러도 이해불 걍 환경오염
160,순추 화염 장난 아닌데 저거 괜찮은거냐 급 환경오염 될것 같고 그런 기분인데
161,배달음식만 안 시켜먹어도 환경오염 줄일 수 있을 것 같음 진심 회사에서 점심 간식 시켜먹고 나온 쓰레기 보고 충격받음
162,영상매체 소비가 환경오염에 영향준다는걸 처음알았다
163,엔터사들이 마케팅 방식으로 인한 환경오염에 책임의식을 가지고 시스템 좀 바꿨으면 좋겠음 팬싸 응모권을 앨범 수로 치환해 장 장씩 사야 당첨될 수 있는 시스템으로 버려지는 들 뿐만 아니라 랜덤 포카
164,엘바 착한줄 알앗는데 환경오염의 주범이엇네요
165,플라스틱이나 합성섬유가 개발되지 않았다면 일상 물품을 만드는데 농산물이나 천연물질에 의존해야만 하기 때문에 수요에 비해 공급이 많이 달렸을 것이고 가격도 비쌌을 것 다만 환경오염을 줄이고 지속가능한 발전이 가능하도록 화학업계의 노력이 필요
166,코팅종이쓰는건 환경오염 아니냐 빽빽 ㅇㅈㄹ 났는데 코팅종이는 재활용이 된다고요 이 사람들아 듣고 있냐 재활용 된다고 우유팩도 코팅되어있는데 왜 재활용
167,날씨가 미친 것 같다는 생각이 자주 들더라 모두가 브이인자에 감염되면 환경오염을 조금 더 막을 수 있지 않을까 싶고 분리수거 열심히 하고 에어컨 조금만 틀어야지
168,학교에서 필독도서로 이 책을 읽게 하면 환경오염이 줄어들텐데 씨발 환경보호캠페인 선정 필독도서임 어떻게 이런 책이 나올 수가 있지
169,어제 새만금방조제에 다녀왔다 정확히는 고군산군도 아직 개발중이고 섬들을 연결 세계최장길이 방조제를 만들었으니 이제 엄청난 내부 토지개발이 남아있는데 유사이래 최대규모일듯 아직 환경오염등 여러 이슈가 남
170,나중에 쇼미더헤뒥 목걸이 토미가 힙합 버전 부르니까 욕하다가 그래 너 이 합격 하면서 던짐ㅋㅋㅋ 아 힙합 가사가 북극곰이 죽어가요 지구가 죽어가요 환경오염 부셔 찢어 이런 거였는데ㅋㅋㅋ
171,환경오염의 징후를 바로 우리 눈앞에서 마주하게 된 시기에 많은 분들과 함께 고민하고 싶어 타래로 잇습니다 오프라인 행사나 텀블벅 온라인 판매 시 일러스트 굿즈와 책을 포장할 때 비닐을 대체할 수 있는 친환경 포장
172,인간도 엄연한 자연의 일부인건 사실이지만 그러지 않을 수 있었는데 그렇게 되었다 는 점에서 환경오염은 당연하지 않아요 근데 뭐 이건 살다보면 나오는 쓰레기가 있을 수 밖에 없고 이제 줄여가자고 노력하
173,난 사실 지구 파괴한 장본인이 지구인일줄알았다 뭐 이상한 원자폭탄개발하다 터져서 망했거나 환경오염으로 행성이불탔거나
174,난폭한 청상아리까지 동해안에 상어가 몰려온다 뉴스데스크 출처 청상아리 상어 동해안 환경오염 수온상승 기후이상
175,물론 내가 살면서 환경오염에 기여한 부분이 있겠지 아주 많겠지 지금도 고기 먹고 이런저런 거 사고 하니까 근데 난 정말 옷도 한 벌 사면 정말 오래 입고 많이 사지도 않아 성인인데 초딩 때 산
176,광주시 어린이 놀이시설 등 환경오염도 진단
177,비료 품질관리 강화 불량비료 사용으로 인한 농가피해 와 환경오염 을 막기 위해 비료 품질관리 를 강화하고 비료에 대한 허위 과대광고 를 할 경우 년 이하 징역 또는 천만 원 이하 벌금 에
178,코팅종이쓰는건 환경오염 아니냐 빽빽 ㅇㅈㄹ 났는데 코팅종이는 재활용이 된다고요 이 사람들아 듣고 있냐 재활용 된다고 우유팩도 코팅되어있는데
179,담배마다 히팅스틱이 들어있다네용 환경오염 아닝가 ㄱ
180,전염병과 환경오염과 온난화 이정도면 종말이죠
181,효과보다는 그냥 파란물이 예뻐서 변기통에 약 넣는 세정제를 좋아하는데 환경오염을 가중시킨단 생각에 자중하다가 오랜만에 샀더니 파란 변기물 넘 좋음
182,나는마카롱 떡볶이 다꾸 이런 거 말고 아이돌 시장이나 좀 깠으면 좋겠어 그냥 앨범 사서 노래 듣고 싸인회 가고 공연 보고 굿즈 사고 이 선에서 끝났으면 좋겠는데 포카니 싸인회니 그런 걸로 앨범 수십 수백장
183,솔직히 코로나 위기보다 심각한게 기후 위기이다 어쩔 수 없이 사용되는 플라스틱 일회용품이 많은데 친환경적인 바이오 플라스틱 원료가 곧 상용화 될 수 있다고 한다 화이트 바이오식물 등 재생 가능한 생물자원이나 미생물 효소 등을 활용해 기존 화학 산업의 소재를 바이오 기반으로 대체하는 산업 바닷속나 땅속 등 미생물이 존재하는 곳이라면 어떤 환경에서도 생분해 되는 친환경적인 플라스틱 원료 미생물로 부터 생산됨 미생물이 먹이가 될 만한 식물 유래 성분을 섭취하고 세포내에 에너지 저장 목적으로 를 쌓아놓는다 로 빨대 플라스틱 컵 비닐 봉투 등 다양한 플라스틱 제품에 적용 가능 가 완전 분해 되는 데 걸리는 시간 짧게는 반년 길게는 수년 정도 일반 회용 플라스틱은 수백년 걸림 어쩔 수 없이 일회용품을 사용해야 할 때는 이런 친환경 소재를 이용하는 것이 좋을 듯 하다 그래도 일회용품 사용 자체를 줄여 가는게 맞겠지만 출처 동아일보 신문읽기 친환경소재 친환경바이오플라스틱 친환경플라스틱원료 미생물 기후위기 환경오염 화이트바이오 제일제당바이오사업 플라스틱제로 좋은뉴스 그린플루언서 책스타그램신문읽기 친환경소재 친환경바이오플라스틱 친환경플라스틱원료 미생물 기후위기 환경오염 화이트바이오 제일제당바이오사업 플라스틱제로 좋은뉴스 그린플루언서 책스타그램
184,오니기리 작가님 의 지목을 받아 탈플라스틱 고고챌린지 캠페인에 동참합니다 플라스틱 사용을 줄이고 개인 텀블러 또는 머그컵을 사용하고 일회용품 비닐 사용을 최소화하고 건강한 지구를 위한 고고챌린지 를 이어갈 다음 주자로유튜브 낄낄상회의 장윤석 임종혁 님을 지목합니다 우리 모두 실천해봐요 그림왕양치기 약치기그림 고고챌린지 환경오염 일회용품줄이기 탈플라스틱고고챌린지 그림왕양치기 약치기그림 고고챌린지 환경오염 일회용품줄이기 탈플라스틱
185,스브스뉴스 돌고래 종양 있는 돌고래 가 제주도에 나타났다는 의미 스브스뉴스 이 콘텐츠의 고화질 풀영상을 보고싶다면 스브스뉴스 프로필의 유튜브 링크를 클릭하세요 제주도 제주남방큰돌고래 고래 제주 해변 환경 동물 핫핑크돌핀스 환경오염 해양 멸종위기 기후변화 제주도돌고래스브스뉴스 돌고래 제주도 제주남방큰돌고래 고래 제주 해변 환경 동물 핫핑크돌핀스 환경오염 해양 멸종위기 기후변화 제주도돌고래
186,오늘은 지구의 날 최근 환경보호에 대한 사회적 인지도가 높아졌다고 느낍니다 이런 모습을 보며 영화 월 랑은 다르게 어쩌면 계속 지구를 떠나지 않고 오래오래 살아갈 수 있을 수도 있겠다 싶은 마음이 드네요 언제나 자연과 사람 지구 모두 조화롭게 살아가면 좋겠습니다 지구의날 에코 재활용 환경보호 자연보호 친환경 드로잉 그림 그림계정맞팔 일상툰 일상만화 인스타툰 인스타툰맞팔지구의날 에코 재활용 환경보호 자연보호 친환경 드로잉 그림 그림계정맞팔 일상툰 일상만화 인스타툰 인스타툰맞팔
187,지구는 지금 플라스틱 과의 전쟁 중이다 안녕하세요 한국 소비자원 대학생 서포터즈 소화전 입니다 이번에 보여드릴 카드뉴스 주제는 플라스틱 문제 실태입니다 플라스틱을 한 번이라도 써보신 분들은 아시겠지만 플라스틱은 인류에게 축복의 자원이라고 불릴만큼 획기적인 자원이었습니다 그러나 플라스틱 없이 생활하는 게 불가능할 정도로 사용량이 증가하면서 플라스틱으로 인한 문제도 심각한 상황입니다 미세플라스틱과 플라스틱 소각 생분해 시 발생되는 오염물질 은 현재 지구뿐만 아니라 모든 생명체에게 엄청난 위협이 되고 있습니다 그렇기 때문에 우리는 이제 플라스틱을 과감히 줄여야합니다 일상에서 쉽게 실천할 수 있는 플라스틱 다이어트 를 통해 조금씩 줄여나간다면 지구를 지킬 수 있지 않을까요
188,월 일 지구의 날 모두 함께 지구를 지켜주자구 오늘은 환경오염 문제의 심각성을 알리고지구를 보호하기 위해 제정된지구 환경보호의 날입니다 환경을 위해 여러분은 어떤 행동을실천하고 있는지 댓글로 공유해주세요 추첨을 통해 시원한 커피를 쏩니다 빵야 이벤트 기간 월 일 목 월 일 목 이벤트 참여 방법환경을 위한 여러분의 꿀팁을 댓글로 공유해주세요 투명패트병은 유색패트병과 분리수거 하고 있어요 게시글 좋아요 공유 친구 태그하는 센스 당첨자 발표 월 일 금 경품 커피 모바일 쿠폰 총 명 오늘 오후 시부터 분 동안 진행되는소등행사에도 많은 참여부탁드립니다 이벤트 유의사항 강원도 페이스북 인스타그램에서 참여 가능한 이벤트입니다 당첨 중복 시 인으로 경품이 제공됩니다 강원도 지구의날 환경보호 지구 보호 환경오염 에코강원도 지구의날 환경보호 지구 보호 환경오염 에코
189,가득 찬 메일함에 지구는 괴롭다
190,햇님 저 왔어요 환경의 날을 맞아 행동하는 바를거리 톤 의 플로깅 패키지를 들고 한강으로 나섰다 만보를 목표로 한강 쓰레기를 주어 담을 계획이었다 네이버가 알려준 햇님 출근 시간은 시 분 긴걸음에 지칠까 걱정하셨을까 내리쬐는 볕대신 양산을 씌우듯 하늘이 그늘막이 되어 선선했다 그동안 오염으로 몸살 앓던 지구도 오늘 쉬어가는 날이 되길 감사하는삶 일출샤워감사하는삶 일출샤워
191,오늘의 신비한 재료 사전 여러분들은 그림 작업 후다 사용한 미술 재료들은어떻게 버리시나요 쓰다 남은 튜브형 물감이나스프레이로 된 픽사티브 유화 보조제 등등 당췌 어떻게 버리는지몰라 고민이셨죠 그래서 오늘은 화방넷 막내가 차근차근 알려드릴게요 컨텐츠를 잘 참고해주세용 아 그리고 제가 알려드린 방법 이외에도미술용품 버리는 방법을 아시는 분들은댓글로 같이 공유해 주세용 우리 모두 환경을 생각하는멋찐 예술인이 됩시다 미술용품 버리기 환경오염 환경 미술도구 분리수거 물감 튜브형물감 아크릴물감 픽사티브 유화보조제 쓰레기통 화방넷 미술재료 그림재료 미술용품은 화방넷에서미술용품 버리기 환경오염 환경 미술도구 분리수거 물감 튜브형물감 아크릴물감 픽사티브 유화보조제 쓰레기통 화방넷 미술재료 그림재료 미술용품은
192,누구나 한 번쯤은 해봤을 과자봉지 딱지 접기 어떤 분들은 습관적으로 과자봉지를 접는 분도 있으시고 버리기가 쉬워서 딱지로 접어서 버리시는 분들도 있습니다 이렇게 과자봉지나 비닐을 접어서 버리면재활용을 할 수 없다고 합니다 왜 재활용을 할 수 없는지 그리고 봉지 비닐 올바르게 버리는 방법을 대하여 알려드리겠습니다
193,광주시와함께 장바구니 사용해요 광주시 광주시청 그리니 크리니 인증샷이벤트 이벤트 회용품 회용봉투 환경 보호 인스타그램이벤트 환경오염 자연 일회용봉투줄이기 일회용품줄이기 장바구니 함께해요광주시와함께 장바구니 광주시 광주시청 그리니 크리니 인증샷이벤트 이벤트 회용품 회용봉투 환경 보호 인스타그램이벤트 환경오염 자연 일회용봉투줄이기 일회용품줄이기 장바구니 함께해요
194,안녕하세요 그린패키지솔루션입니다 오늘도 어김없이 여러분께 유용한 정보를 공유해드리고자 해요 오늘의 주제는 바로 친환경 마크 입니다 친환경 제품에 대한 이야기는 많이 들어봤어도 친환경 마크에 대한 이야기는 낯설게 느겨지시는 분들이 많으실 것 같은데요 그린패키지솔루션과 함께 친환경 마크에 대해 알아보아요 더 많은 내용이 궁금하다면 그린패키지솔루션 공식 블로그로 친환경 필환경 환경용어 플라스틱 미세플라스틱 제로웨이스트 탄소중립 플로깅 녹색제품 그린뉴딜 그린패키지솔루션 식스아웃 환경보존 환경오염 플라스틱아웃 노플라스틱 분리배출 비건 채식주의 환경오염 그린서포터즈 대학생서포터즈친환경 필환경 환경용어 플라스틱 미세플라스틱 제로웨이스트 탄소중립 플로깅 녹색제품 그린뉴딜 그린패키지솔루션 식스아웃 환경보존 환경오염 플라스틱아웃 노플라스틱 분리배출 비건 채식주의 환경오염 그린서포터즈 대학생서포터즈
195,간단한 생활 습관만으로도 우리가 사는지구 환경을 지킬 수 있다는 사실 다들 알고 계신가요 오늘은 바른프렌즈와 함께 환경을 지키는 생활 속 실천 방법에 대해알아보려고 합니다 오늘부터 하나씩 지켜나가며 하루를 알차게 보내보기로 해요 장바구니 사용하기 종이 말고 전자 문서 이용하기 분리배출은 꼼꼼하고 철저하게 가까운 거리는 도보 또는 대중교통 이용하기 바른프렌즈 에이블루 커블체어 바른프렌즈 기 바른프렌즈 기 환경 지구 건강 지키기 장바구니 사용하기 전자문서 분리배출 대중교통 도보 환경오염 예방 생활속 실천 방법바른프렌즈 에이블루 커블체어 바른프렌즈 바른프렌즈 기 환경 지구 건강 지키기 장바구니 사용하기 전자문서 분리배출 대중교통 도보 환경오염 예방 생활속 실천 방법
196,세차했는데 아오ㅋ저런차는 정부에서 정리해쥤음 좋겠는데진짜 싫타 환경 환경오염 대기오염 디젤 와이프왈 방구나끼지말라구 집안대기오염주범환경 환경오염 대기오염 디젤 와이프왈 방구나끼지말라구 집안대기오염주범
197,아무것도 없어 보이는 바다이지만 가까이 들여다보면 숨어있는 쓰레기들을 만날 수 있어요 바닷 속과 비슷한 모습으로 자신을 숨기고 있는 쓰레기들을 보면 한편으론 자연으로 돌아가려 애쓰는 모습 같기도 해요
198,두 번째 지구는 없다
199,텀블러는 자주 이용하는데 종이컵홀더 매번 물먹어서 쪼골해지고 쓰레기 되서 코바늘에 빠진 엄마한테 부탁했음 땡큐땡큐 너무 편하고 이쁨 사이즈도 찰떡 종이 컵홀더 쓰지말구 요런 컵홀더 사용하는거 어때요 컵홀더 코바늘 뜨개질 재사용 쓰레기줄이기 텀블러 환경오염 오염줄이기 환경보호 환경보호실천컵홀더 코바늘 뜨개질 재사용 쓰레기줄이기 텀블러 환경오염 오염줄이기 환경보호 환경보호실천
200,한화생명해피프렌즈 딜라이트셀 기 환경 프로젝트 키링 판매 캠페인 준비 과정 디자인 저희는 해양 동물 모양의 키링을 제작해 판매하고 수익금을 전액 기부하는 활동을 준비하고 있습니다 이 활동에 쓰일 해양 동물 모양의 키링과 저희를 소개하는 명함 사진입니다 키링은 바다거북이와 점박이물범 디자인이고 명함은 왼쪽이 앞면 오른쪽이 뒷면입니다 한화생명해피프렌즈 한화생명해피프렌즈 기 딜라이트셀 한화생명 한화 월드비전 해피프렌즈 환경 환경오염 해양 해양오염 바다 환경캠페인 기부 기부키링 기부활동한화생명해피프렌즈 한화생명해피프렌즈 기 딜라이트셀 한화생명 한화 월드비전 해피프렌즈 환경 환경오염 해양 해양오염 바다 환경캠페인 기부 기부키링 기부활동
201,축산업에서 비롯되는 온실가스와 환경오염 그리고 동물윤리 문제를 해결할 수 있는 인공고기 배양육 시장이 국내에서도 고개를 들기 시작했다 종합식품기업 대상과 배양육 선도기업 스페이스에프는 년 상용화를 목표로 배양육 및 세포 배양용 배지사업을 위한 전략제휴를 체결했다고 일 밝혔다 국내 식품기업으로 배양육 대량생산에 나선 것은 대상이 처음이다 앞으로 이를 시작으로 다른 국내 식품업체들도 줄줄이 배양육 시장에 뛰어들 가능성이 높아 국내 배양육 시장도 본격화 될 것으로 보인다 배양육 은 동물세포를 세포공학기술로 배양한 인공고기다 배양육은 동물사육을 통해 생산되는 육류에 비해 온실가스 배출량이나 물 소비량 등을 줄일 수 있어 미래식품으로 주목받고 있다 글로벌 컨설팅업체 맥킨지가 지난 월 발간한 보고서에 따르면 배양육 시장은 년에 이르면 억달러 규모로 커질 것으로 전망했다 자세한 내용은 뉴스트리 홈페이지 프로필 링크 참조 배양육 축산업 동물윤리 환경오염 메탄가스 온실가스 지구온난화 비건 동물보호 동물애호 인공육 인공고기 제로웨이스트 탄소중립배양육 축산업 동물윤리 환경오염 메탄가스 온실가스 지구온난화 비건 동물보호 동물애호 인공육 인공고기 제로웨이스트 탄소중립
202,환경 미디어로 다시 태어나다작품들 전시 전시회 전시추천 전시회추천 서초 서초역 코로나 코로나 환경 환경오염 미디어 미디어아트전시 전시회 전시추천 전시회추천 서초 서초역 코로나 코로나 환경 환경오염 미디어 미디어아트
203,환경 미디어로 다시 태어나다전시 팜플렛 포스터 전시 전시회 전시추천 전시회추천 서초 서초역 코로나 코로나 환경 환경오염 미디어 미디어아트전시 전시회 전시추천 전시회추천 서초 서초역 코로나 코로나 환경 환경오염 미디어 미디어아트
204,번째 봉그깅은 연실님의 제안으로 의 콜라보 봉그깅으로 마치 유물발굴 현장 같았던 어제
205,장보기장바구니에 쏙 알차게 담음 광주시와함께 장바구니 사용해요 인증샷이벤트 광주시 광주시청 그리니 크리니 회용품 회용봉투 환경 보호 인스타그램이벤트 환경오염 자연 일회용봉투줄이기 일회용품줄이기 장바구니 함께해요 용기있는챌린지 해양환경공단광주시와함께 장바구니 사용해요 인증샷이벤트 광주시 광주시청 그리니 크리니 회용품 회용봉투 환경 보호 인스타그램이벤트 환경오염 자연 일회용봉투줄이기 일회용품줄이기 장바구니 함께해요 용기있는챌린지 해양환경공단
206,장보러 갈땐 장바구니는 필수템이죠 회용 봉투 대신 늘 장바구니 사용합니다 광주시와함께 장바구니 사용해요 인증샷이벤트 광주시 광주시청 그리니 크리니 인증샷이벤트 이벤트 회용품 회용봉투 환경 보호 인스타그램이벤트 환경오염 자연 일회용봉투줄이기 일회용품줄이기 장바구니 함께해요광주시와함께 장바구니 사용해요 인증샷이벤트 광주시 광주시청 그리니 크리니 인증샷이벤트 이벤트 회용품 회용봉투 환경 보호 인스타그램이벤트 환경오염 자연 일회용봉투줄이기 일회용품줄이기 장바구니 함께해요
207,유일하게 시간을 돌릴 수 있는 시계 환경위기시계에 대해 알아볼까요 지금 시작할 수 있는 친환경 습관 일회용품 사용 줄이기 음식 남기지 않기 대중교통 이용하기 친환경 제품 사용하기 한국중부발전 중부발전 환경위기시계 리우회의 리우환경회의 친환경 생활습관 친환경습관 기후위기 환경오염 지구환경 지구보호 시 분한국중부발전 중부발전 환경위기시계 리우회의 리우환경회의 친환경 생활습관 친환경습관 기후위기 환경오염 지구환경 지구보호 시 분
208,드디어 내일 쓰레기산 온라인 시위를 진행합니다 내일 오후 시 오후 시많은 관심과 동참 부탁드립니다 신청은 개인 으로 연락주세요 쓰레기산 쓰레기산 시위 집회 청소년 청년 환경오염 환경보호 환경운동 쓰레기 쓰레기대란 일회용품 배달 배달쓰레기 플라스틱프리 제로웨이스트쓰레기산 쓰레기산 시위 집회 청소년 청년 환경오염 환경보호 환경운동 쓰레기 쓰레기대란 일회용품 배달 배달쓰레기 플라스틱프리 제로웨이스트
209,오랜시간 공들인 전시를 내일 하게 되었습니다 짧은 기간이지만 많이 와주세요 환경 미디어로 다시 태어나다장소 롯데마트 서초점 서초역 지하 층 호 전시 전시회 전시추천 전시회추천 서초 서초역 코로나 코로나 환경 환경오염 미디어 미디어아트전시 전시회 전시추천 전시회추천 서초 서초역 코로나 코로나 환경 환경오염 미디어 미디어아트
210,광주시와함께 장바구니 사용해요 인증샷이벤트 일회용비닐대신장바구니생활화 인증샷 인증샷 회용 봉투 대신 장바구니 이용해요 필수 해시태그 광주시와함께 장바구니 사용해요 인증샷이벤트 광주시 광주시청 그리니 크리니 인증샷이벤트 이벤트 회용품 회용봉투 환경 보호 인스타그램이벤트 환경오염 자연 일회용봉투줄이기 일회용품줄이기 장바구니 함께해요광주시와함께 장바구니 사용해요 인증샷이벤트 일회용비닐대신장바구니생활화 인증샷 광주시와함께 장바구니 사용해요 인증샷이벤트 광주시 광주시청 그리니 크리니 인증샷이벤트 이벤트 회용품 회용봉투 환경 보호 인스타그램이벤트 환경오염 자연 일회용봉투줄이기 일회용품줄이기 장바구니 함께해요
211,광주시와함께 장바구니 사용해요 인증샷이벤트 광주시 광주시청 그리니 크리니 인증샷이벤트 이벤트 회용품 회용봉투 환경 보호 인스타그램이벤트 환경오염 자연 일회용봉투줄이기 일회용품줄이기 장바구니 함께해요광주시와함께 장바구니 사용해요 인증샷이벤트 광주시 광주시청 그리니 크리니 인증샷이벤트 이벤트 회용품 회용봉투 환경 보호 인스타그램이벤트 환경오염 자연 일회용봉투줄이기 일회용품줄이기 장바구니 함께해요
212,인증샷 회용 봉투 대신 장바구니 이용해요 당첨자 발표일 월 일 수 필수 해시태그 광주시와함께 장바구니 사용해요 인증샷이벤트 광주시 광주시청 그리니 크리니 인증샷이벤트 이벤트 회용품 회용봉투 환경 보호 인스타그램이벤트 환경오염 자연 일회용봉투줄이기 일회용품줄이기 장바구니 함께해요광주시와함께 장바구니 사용해요 인증샷이벤트 광주시 광주시청 그리니 크리니 인증샷이벤트 이벤트 회용품 회용봉투 환경 보호 인스타그램이벤트 환경오염 자연 일회용봉투줄이기 일회용품줄이기 장바구니 함께해요
213,광주시와함께 장바구니 사용해요 인증샷이벤트 인증샷 회용 봉투 대신 장바구니 이용해요 이벤트 기간 월 일 화 월 일 월 당첨자 발표일 월 일 수 이벤트 경품 베스킨라빈스 싱글레귤러 아이스크림 명 참여방법 광주시청 인스타그램 팔로우하기 회용 봉트 대신 장바구니를 사용하고 인증샷을개인 인스타그램에 광주시 인스타그램 태그 필수 해시태그 업로드 필수 해시태그 광주시와함께 장바구니 사용해요 인증샷이벤트 광주시 광주시청 그리니 크리니 인증샷이벤트 이벤트 회용품 회용봉투 환경 보호 인스타그램이벤트 환경오염 자연 일회용봉투줄이기 일회용품줄이기 장바구니 함께해요광주시와함께 장바구니 사용해요 인증샷이벤트 광주시와함께 장바구니 사용해요 인증샷이벤트 광주시 광주시청 그리니 크리니 인증샷이벤트 이벤트 회용품 회용봉투 환경 보호 인스타그램이벤트 환경오염 자연 일회용봉투줄이기 일회용품줄이기 장바구니 함께해요
214,인증샷 회용 봉투 대신 장바구니 이용해요 이벤트 기간 월 일 화 월 일 월 당첨자 발표일 월 일 수 이벤트 경품 베스킨라빈스 싱글레귤러 아이스크림 명 참여방법 광주시청 인스타그램 팔로우하기 회용 봉트 대신 장바구니를 사용하고 인증샷을개인 인스타그램에 광주시 인스타그램 태그 필수 해시태그 업로드 필수 해시태그 광주시와함께 장바구니 사용해요 인증샷이벤트 광주시 광주시청 그리니 크리니 인증샷이벤트 이벤트 회용품 회용봉투 환경 보호 인스타그램이벤트 환경오염 자연 일회용봉투줄이기 일회용품줄이기 장바구니 함께해요광주시와함께 장바구니 사용해요 인증샷이벤트 광주시 광주시청 그리니 크리니 인증샷이벤트 이벤트 회용품 회용봉투 환경 보호 인스타그램이벤트 환경오염 자연 일회용봉투줄이기 일회용품줄이기 장바구니 함께해요
215,안녕 히로야 요즘 인스타보니까 플로깅 하는 분들 많더라고 넘 멋있더라 그래서 나도 플로깅 인증샷 올린다 너무 보여주기식 아니냐고 노노 이렇게 좋은 일은 인증샷 남겨서 다같이 동참할 수 있도록 용기를 심어주는게 좋다고 생각해 ㅎㅎ 인스타만 봐도 환경에대해 관심을 가지고 열심히 실천하는 사람들이 정말 많더라고 어쓰히어로들이 이렇게 많이 있을줄이야 앞으로 더 많아졌음 좋겠다 그치 ㅎㅎ그럼 이망 짝
216,와 함깨하는 에코 라이프 오늘은 자동차 공회전을 줄여봐요 자동차 공회전이란 운행을 하지 않고 엔진을 작동시키는 것을 말해요 그래서 움직이진 않지만 시동이 걸려있기 때문에 공회전을 많이 하면 할수록 이산화탄소 배출량이 증가해요 그리고 또 공회전을 많이 한다면 연료낭비가 일어날 수 있습니다 오늘은 자동차 공회전을 줄여보는건 어떨까요 자동차 공회전 줄이기 이산화탄소 온실가스 연료 낭비 불필요한 엔진시동 줄이기 지구 환경 자연 환경오염 지구온난화 기후변화 지구지킴이자동차 공회전 줄이기 이산화탄소 온실가스 연료 낭비 불필요한 엔진시동 줄이기 지구 환경 자연 환경오염 지구온난화 기후변화 지구지킴이
217,몇 주 전 불난 마트가 오늘 재오픈 마트인데 불이 났음큰장바구니 가져갈껄 그래두 회용 봉투 대신 장바구니 이용 광주시와함께 장바구니 사용해요 인증샷이벤트 광주시 광주시청 그리니 크리니 인증샷이벤트 이벤트 회용품 회용봉투 환경 보호 인스타그램이벤트 환경오염 자연 일회용봉투줄이기 일회용품줄이기 장바구니 함께해요광주시와함께 장바구니 사용해요 인증샷이벤트 광주시 광주시청 그리니 크리니 인증샷이벤트 이벤트 회용품 회용봉투 환경 보호 인스타그램이벤트 환경오염 자연 일회용봉투줄이기 일회용품줄이기 장바구니 함께해요
218,안녕 히로야 지난 월 지구 표면 온도가 도로 평균보다 도가 높아진 것으로 확인됐데 우리는 년만에 가장 뜨거운 월을 맞이한 거야 대박이지 매 년마다 뉴스에 역대급 무더위라고 말을 하는 이유가 단순히 멘트가 아니었던 거라구 지구 평균온도가 년 안에 산업화 이전 대비 도 상승할 것이라는 예측이 나왔데 ㄷㄷ 이건 기존 예측한 시점 보다 년 더 빨라진 거래 더 무서운 건 과학자들은 현재 온실가스 감축이 즉각적으로 시행되지 않으면 도 가까이 상승할 것이라는 전망도 내놓았다는 거야 앞으로 열 많이 받은 지구의 온도를 낮추는데 우리 모두가 관심을 가지고 많은 노력을 기울여야 할 거 같아
219,빨간망토쌤요즘 퇴근길은 하늘이 매일 매일 다른 모습을 선물하네요 오늘은 먹구름 사이에뭔가 쏟아질 듯한 느낌의 빛이 좋은건지 나쁜건지 환경 오염으로 이제 정말 우리나라도 사계절이 사라지려나 ㅠ매일 변화무쌍한 날씨를 보게 되네요 한줄기빛 먹구름 소나기 가을 추워짐 태풍 환경오염 에너지 절약 미래 사계절 온대기후 아열대기후 봄 여름 겨울 날씨 대구 우리나라 어린이한줄기빛 먹구름 소나기 가을 추워짐 태풍 환경오염 에너지 절약 미래 사계절 온대기후 아열대기후 봄 여름 겨울 날씨 대구 우리나라 어린이
220,곧 감귤이 그림책이 나온다죵 이 그림은 어떻게 쓰일지저도 너무너무 궁금하답니다 감귤이 그림책 동화책 감귤이일상 반려견 강아지 제주섬 바다지킴이 환경동화 환경도서 환경그림책 책 제로웨이스트 미세플라스틱 환경오염감귤이 그림책 동화책 감귤이일상 반려견 강아지 제주섬 바다지킴이 환경동화 환경도서 환경그림책 책 제로웨이스트 미세플라스틱 환경오염
221,헤헷 저랑 닮았나요 월에 감귤이 그림책이 나오거든요 두둥 과연 이 장면은 어디에서 감귤이 그림책 동화책 감귤이일상 반려견 강아지 제주섬 바다지킴이 환경동화 환경도서 환경그림책 책 제로웨이스트 미세플라스틱 환경오염감귤이 그림책 동화책 감귤이일상 반려견 강아지 제주섬 바다지킴이 환경동화 환경도서 환경그림책 책 제로웨이스트 미세플라스틱 환경오염
222,오 이게 무엇일까요 곧 감귤이 그림책이 나온다는데 이 그림은 어떻게 쓰일지 궁금하눼욥 감귤이 그림책 동화책 감귤이일상 반려견 강아지 제주섬 바다지킴이 환경동화 환경도서 환경그림책 책 제로웨이스트 미세플라스틱 환경오염감귤이 그림책 동화책 감귤이일상 반려견 강아지 제주섬 바다지킴이 환경동화 환경도서 환경그림책 책 제로웨이스트 미세플라스틱 환경오염
223,리그램 환경오염 어디까지 알고 있나요 영화 삼진그룹 영어토익반 의 모티브가 된 낙동강 페놀유출 사건부터 새로 등장한 미세 플라스틱 문제까지 한국의 다양한 환경오염 사건과 쓰레기 문제들이 있는데요 자세한 내용은 카드뉴스를 확인해주세요 아울러 계정도 많은 관심과 팔로우 부탁해요 환경 쓰레기 환경오염 아리랑 아리랑티비 한국 역사 한국사 국난극복 환경문제 대외활동 대외활동맞팔 대외활동계정 맞팔 대학생 환경 쓰레기 환경문제 공부 카드뉴스 영화 좋반 소통 논장판 기 아리랑고개를넘어왔조리그램 환경 쓰레기 환경오염 아리랑 아리랑티비 한국 역사 한국사 국난극복 환경문제 대외활동 대외활동맞팔 대외활동계정 맞팔 대학생 환경 쓰레기 환경문제 공부 카드뉴스 영화 좋반 소통 논장판 기 아리랑고개를넘어왔조
224,환경오염 어디까지 알고 있나요 영화 삼진그룹 영어토익반 의 모티브가 된 낙동강 페놀유출 사건부터 새로 등장한 미세 플라스틱 문제까지 한국의 다양한 환경오염 사건과 쓰레기 문제들이 있는데요 자세한 내용은 카드뉴스를 확인해주세요 환경 쓰레기 환경오염 아리랑 아리랑티비 한국 역사 한국사 국난극복 환경문제 대외활동 대외활동맞팔 대외활동계정 맞팔 대학생 환경 쓰레기 환경문제 공부 카드뉴스 영화 좋반 소통 논장판 기 아리랑고개를넘어왔조환경 쓰레기 환경오염 아리랑 아리랑티비 한국 역사 한국사 국난극복 환경문제 대외활동 대외활동맞팔 대외활동계정 맞팔 대학생 환경 쓰레기 환경문제 공부 카드뉴스 영화 좋반 소통 논장판 기 아리랑고개를넘어왔조
225,산본중심상가 샐러디샐러드 먹고 배가 찹니다 토핑도 추가할 수 있거든요 메뉴판에 친절하게 비건 표시가 되어있답니다 단호박두부웜볼 주문 후 토핑 추가를 원할 경우 표시된 토핑으로 드레싱은 따로 비건 표기가 안돼있지만방문 전 비건편의점 예습 결과 레몬드레싱 비건입니다 너무 신맛일까봐 걱정했는데 딱 좋은 상큼함이에요 갑작스럽게 방문하게되어 일회용품에 담아왔어요 반성중 다회용기 챙겨갑시닷 신선한 채소 아삭아삭 먹고싶은 날 샐러디에서 비건 한끼 군포에서채식하기 군포채식 채식주의자 비건 군포비건 산본비건 탄소발자국 탄소발자국줄이기 환경오염 기후위기 환경보호 지구온도 탄소배출 지구온난화 기후미식 샐러디비건 산본샐러드 샐러드추천 채소습관 건강식단산본중심상가 샐러디샐러드 단호박두부웜볼 비건편의점 레몬드레싱 군포에서채식하기 군포채식 채식주의자 비건 군포비건 산본비건 탄소발자국 탄소발자국줄이기 환경오염 기후위기 환경보호 지구온도 탄소배출 지구온난화 기후미식 샐러디비건 산본샐러드 샐러드추천 채소습관 건강식단
226,드뎌 완성 이번 작품 재료들은 일회용 페트병 페트병을 자르고 녹여 형태를 만들고 색칠해 완성했당 지구를 살릴 수 있나요 제가 이 작품을 만든 의도는 해변 근처의 물속에 버려진 쓰레기들을 보면서 이러다가는 물고기 뿐만 아니라 인간들도 곧 지구에서 살지 못하는 날이 올것 같단 무서운 생각에 만들게 되었습니다 제가 표현한 작품의 재료는 재활용 플라스틱 입니다 일회용 페트병 일회용 안약통 플라스틱 장난감 케이스 들을 자르고 녹여서 모양을 잡고 물감으로 색칠 하였습니다 실제로 버려져 있는 재료를 주워 붙인것들도 있습니다 작품 속 물고기들은 물이 오염되서 방동면을 쓰고 헤험치며 살아가고 있습니다 모래 위에는 음료수 캔 아이스크림 수저 배드민턴 채 같은 쓰레기들이 수북하고 그물망이 몸에 감겨있는 성게는 캡슐통에 이쑤시게를 붙여서 만들었습니다 꽃게는 네모난 플라스틱으로 머리를 다리는 플라스틱을 자르고 녹여서 모양을 잡아 만들었고 글루건 심지를 불에 녹여서 근육을 표현했습니다 그리고 다른 물고기들도 만든 과정은 비슷합니다 바다 속도 마찬가지로 쓰레기에 둘러 쌓여있는 여러 종류의 물고기들이 보입니다 방동면을 쓰고 있는 복어 캡슐통 이쑤시게 는 쓰레기들한테 치어서 가시를 세우고 있습니다 문어는 다리에 그물망이 걸려있고 물미역 속에 숨어있는 작은 물고기들 일회용 안약통 이나 해파리 음료수통 등등 다들 방독면을 쓰고 쓰레기를 피해 다니고 있습니다 사람들이 쓰레기를 버려 하루에 죽는 물고기들의 수는 수백마리라고 합니다 바다속에 버려진 쓰레기를 물고기가 먹고 마시고 수세미 그물 비닐 철사 등 위험한 것들이 몸에 감기거나 끼어서 죽고 있습니다 더이상 생명들이 죽지않게 쓰레기들을 아무데나 버리지 말아주세요 환경을 위해 일회용품 쓰는것을 줄이고 쓰레기는 꼭 쓰레기통에 버려주세요 쓰레기로 인해 바다속 생물들이 더이상 죽지 않았으면 좋겠습니다 이상 이은세 였습니다 살 이은세작가 대한민국환경사랑공모전 정크아트 일회용품 일회용품줄이기 환경오염 환경보호 공예공모전 학생공모전 언스쿨링 자기주도작업살 이은세작가 대한민국환경사랑공모전 정크아트 일회용품 일회용품줄이기 환경오염 환경보호 공예공모전 학생공모전 언스쿨링 자기주도작업
227,지구를 위한 한 장의 시간 나무 숲보다 거대한 이산화탄소 저장소가 있다고 여러분 바다 속 숲이 나무로 이루어진 숲보다 훨씬 더 많은 이산화탄소를 저장한다는 사실 알고 계셨나요 지구와의 공존을 위해 알아가는 이야기 에코페이퍼 와 함께 해보세요 바다숲 해양오염 환경오염 환경 쓰레기 씨스피라시 이산화탄소 마이에코 세제 경제적 친환경에코페이퍼 바다숲 해양오염 환경오염 환경 쓰레기 씨스피라시 이산화탄소 마이에코 세제 경제적 친환경
228,부산현대미술관 층미술과환경자연에 관련된 예술작품전시회볼만함 무료임타임워커보러왔다가 같이봄 부산현대미술관 미술과환경 자연파괴 생태계파괴 환경오염 그림 사진 작품 볼만해부산현대미술관 미술과환경 자연파괴 생태계파괴 환경오염 그림 사진 작품 볼만해
229,에코팀 영상에서 전하고 싶었던 말 바다키퍼는 바다쓰레기를 줍는 행위가 유난떠는 것이 아닌 모두가 함께 해야 할 일임 을 알리고자 해요 바다키퍼를 보고 한번이라도 비치클린을 한다면 바다가 이렇게 더러웠구나 깨닫게 되고 내가 지금부터라도 할 수 있는 일은 뭐가 있지 궁금할 땐 인스타그램을 통해 도움을 주는 길잡이가 되고 싶어요 우리 지금부터라도 일상에서 지구를 위한 실천을 해봅시다 내 일상에 과한 것이 있다면 덜어내고 줄이고 나누어요 그리고 오래오래 함께해요
230,쓰담가족 쓰담걷기챌린지공원에서 운동 후 아이들과 주변 쓰레기 주우며 집에 귀가 합니닷 놀땐 몰랐는데 공원에 버려진 쓰레기가 많은지 몰랐다며다음에는 큰 봉투챙겨가자 며 아이들과느낀점 나눕니다 늘 뛰시는 쓰담원정대 분들대단하시고 감사합니닷 인스타에서 좋은것만 배워함께 합니다 좋은건함께해요 환경오염 주범 인간 나부터반성하는시간 쉽게생각했던자연 자연이내것도아닌데 내것마냥 나편한대로 당연함이아닌 늘감사함으로 아끼자 오하운 자기관리 년째유지어터 오늘도승리 차지혜처럼쓰담가족 쓰담걷기챌린지공원에서 쓰담원정대 좋은건함께해요 환경오염 주범 나부터반성하는시간 쉽게생각했던자연 자연이내것도아닌데 내것마냥 나편한대로 당연함이아닌 늘감사함으로 아끼자 오하운 자기관리 년째유지어터 오늘도승리 차지혜처럼
231,독소 독소세상 위험하다ㅡ 식품 환경오염ㅡ 기형아출산 암발병률 자폐성장애 등등ㅡ우리의 건강은 점점 위협받고 있다독소 독소세상 위험하다 식품 환경오염 기형아출산 암발병률 자폐성장애
232,안녕하세요 국밥이들입니다 그동안 국밥이들의 스터디를 스토리로 전하다가 오늘 오랜만에 다큐추천 게시물을 들고 왔습니다 국밥이가 추천할 다큐는 씨스피라시 입니다 넷플릿스 제작의 씨스피라시 는 우리에게 익숙한 문제들에 새로운 접근으로 화제가 되었습니다 다큐멘터리 감독은 그가 사랑하는 바다가 플라스틱으로 덮이는 것을 보고 해양 보호를 위해 일상 속에서 할 수 있는 것들을 실천했는데요 이러한 행동으로는 바다가 온전히 회복될 수 없다고 느낀 감독이 근본적인 원인을 찾아나서는 것이 다큐멘터리의 핵심입니다 국밥이들은 감독이 찾은 근본적인 원인들에 대해 함께 이야기 나눠봤으며 그렇다면 우리가 할 수 있는 것에는 무엇이 있을지 고민해봤습니다 더 자세한 내용은 국밥이들 블로그에 놀러와서 확인해주세요 링크는 프로필에 걸어두었습니다 국제개발다큐 다큐멘터리 씨스피라시 다큐리뷰 넷플릭스 환경오염 해양보호 국제개발협력 국제개발협력스터디국제개발다큐 다큐멘터리 씨스피라시 다큐리뷰 넷플릭스 환경오염 해양보호 국제개발협력 국제개발협력스터디
233,안녕하세요친환경 바이오 베이스 플라스틱 원료와 제품을 생산하는 친환경 소재 기업 입니다 에코네이쳐 안보시고 지나가면 후회하는 정보입니다 친환경 친환경포장 친환경제품 바이오베이스플라스틱 환경보호 식품 식품포장재 식품가공 식품포장 식품유통 포장재 멀칭필름 채소 야채 과일 육류 수산물 에코락 김치 김치보관통 항균 특허 기술 자체생산 자체제작 환경오염 제로웨이스트 지구온난화친환경 친환경포장 친환경제품 바이오베이스플라스틱 환경보호 식품 식품포장재 식품가공 식품포장 식품유통 포장재 멀칭필름 채소 야채 과일 육류 수산물 에코락 김치 김치보관통 항균 특허 기술 자체생산 자체제작 환경오염 제로웨이스트 지구온난화
234,안녕하세요 그린서포터즈 기 권민서입니다 그린서포터즈 활동을 한지 벌써 개월차에 접어들었는데요 오늘은 서포터즈 전과 후로 일어난 환경에 대한 생각 변화 포스팅을 준비해보았습니다 환경문제의 심각성부터 정보의 필요성 비건과 환경 환경의 소중함 친환경 기업 마지막으로 환경을 돕는 많은 사람들 에 대한 생각이 변화했습니다 함께 살펴보아요 그린패키지솔루션 식스아웃 친환경 자연분해 플라스틱 환경 환경보존 친환경포장 그린서포터즈 기 그린서포터즈 환경지킴이 환경오염 대외활동 대외활동맞팔 환경을위한기업 친환경기업 대체 플라스틱제로 화장품용기 비닐포장 식스아웃 쓰레기봉투 종량제봉투 저탄소식사 저탄소식단 온실가스그린패키지솔루션 식스아웃 친환경 자연분해 플라스틱 환경 환경보존 친환경포장 그린서포터즈 기 그린서포터즈 환경지킴이 환경오염 대외활동 대외활동맞팔 환경을위한기업 친환경기업 대체 플라스틱제로 화장품용기 비닐포장 식스아웃 쓰레기봉투 종량제봉투 저탄소식사 저탄소식단 온실가스
235,진짜 심각하대요 이기적인 사람들 매일 업뎃 좋아요와 팔로우는 사랑입니다
236,캠페인무포장가게새록이 시가랩캠페인을 함께합니다 담배꽁초는 이상 플라스틱 재질로 만들어지는걸 알고계셨나요 아무렇게나 버려진 담배꽁초의 미세 플라스틱은 우리의 환경을 오염시키고 있습니다 꽁초를 제대로 처리해주면 빗물받이 하수구의 막힘이 줄어들고해양오염도 줄일 수 있습니다 작은 습관의 변화와 실천으로우리 환경을 보호해주세요 흡연은 선택 꽁초처리는 필수 담배꽁초는 새록과 함께 시가랩해주세요 새록의 매장에 시가랩이 비치 되었습니다 시가랩은 무료배포됩니다 이 게시물에는 의 사진이 일부 사용되었습니다 무포장가게새록 새록 무포장가게 제로웨이스트 실천 노원구 담배꽁초수거시스템 시가랩 시가랩캠페인 꽁초수거 담배꽁초 환경오염 플로깅 쓰줍캠페인무포장가게새록이 무포장가게새록 새록 무포장가게 제로웨이스트 실천 노원구 담배꽁초수거시스템 시가랩 시가랩캠페인 꽁초수거 담배꽁초 환경오염 플로깅 쓰줍
237,제주 방송에서 디프다제주 보신 분 감사한 기회로 공익광고 촬영을 했어요 모두 직장인이지만 틈틈이 활동을 이어오고 있어요 지극히 평범한 디프다처럼 누구든 함께할 수 있어요 함께해요 같이 갑시다
238,오늘 아침 갑자기 소나기가 내려 쫄딱 다 맞고 출근했지 뭐예요 요즘 이렇게 갑자기 스콜처럼 비가 내리는 날이 너무 많아지고 있는 것 같아요ㅠ 그만큼 지구가 많이 아프다는거겠죠 저도 집에서나 회사에서 분리수거 필수로 하고 정말 급한거 아니면 비닐봉지나 플라스틱은 안쓰려고 노력하고 있답니다 그래서 저희 종이블럭도 제작할 때 환경에 많은 초점을 두고 제작하였답니다 블루버드 종이블럭은 식품지로 사용하였고 소이잉크로 인쇄하였습니다 재활용 가능한 종이로 만든 장난감이 플라스틱보단 약하겠지만 충분히 튼튼하고 예쁘기도 하답니다 다시 날씨이야기로 돌아가서 당분간은 이런 소나기가 자주 내린다고하니 우산 꼭 필수품으로 들고다니셔요 종이블럭종이블럭
239,오랜만에 예전에 홀로 살던 나의 사원 그 오피스텔 층 단골 카페에 형태가 있든 없든 어떤 대상을 대할 때 존중하되 관찰 대상으로만 보길 권합니다 뭔가 신비한 색안경으로 보게되면왜곡하게 됩니다 그것은 과대 해석이 되고구전이나 설화를 통해 신화가 됩니다 그리고 불필요한 숭배와 신앙이 됩니다 노예가 되지 말고 주체자가 되길 권합니다 항복 내맡김 는정말 어쩔 수 없는 것에 집착해서괴로워하지 말라는 것입니다 어쩔 수 있는 것은 서로의 평화와조화를 위해 협상하고 개선해야 합니다 언제나 부당하거나 비건강한 것으로부터저항하거나 안녕히계세요 라고 할 수 있는용기와 의식 상태가 입니다 자기 스스로를 사랑하고 존중하되자기 중심적 이기주의를 경계해야 합니다
240,영등포 평생학습관 다섯 형제를 통해 들여다본 환경오염의 역사 반쪽 섬 작은 섬은 쓰레기로 몸살을 앓았어 많은 시간이 흐른 지금 작은 섬은 어떻게 됐을까 영등포 평생학습관 은 지역주민의 삶의 질 향상과 자아실현을 위한 다양한 평생학습 프로그램 운영을 통해 자기계발 기회를 제공하고 있는데요 이렇게 다양한 활동을 하는 영등포 평생학습관 에서 월 한 책 도서로 반쪽 섬 이 선정됐습니다 반쪽 섬 을 읽고 인스타그램 게시물 또는 구글 행사 페이지에 서평을 남기면 분을 선정하여 도서상품권을 드린다고 하니 얼른 참여해 보세요 반쪽섬 환경오염 쓰레기 영등포평생학습관 환경그림책 소원나무 한 책 한 줄 서평 행사 안내영등포구 한 도서관 한 책 읽기 월의 한 책 도서 반쪽 섬 의 한 줄 서평 또는 감상평을 작성해주세요 참여기간 월 화 참여방법 반쪽 섬 읽고 서평이나 감상평 남기기 인스타그램 아래 댓글 또는 구글 행사페이지 추천작 선정 명의 추천작을 선정하여 온라인 도서문화상품권 원 증정 당첨자 공지 금 홈페이지 인스타그램에 공지 예정 문의 정보자료과 사무실 제출하신 내용은 한 도서관 한 책 읽기 관련 행사에 활용될 수 있습니다 영등포평생학습관 한도서관한책 반쪽섬 이새미작가 한줄서평 감상평 환경그림책 쓰레기문제 기후위기 서평쓰기모임반쪽섬 환경오염 쓰레기 영등포평생학습관 환경그림책 소원나무 영등포평생학습관 한도서관한책 반쪽섬 이새미작가 한줄서평 감상평 환경그림책 쓰레기문제 기후위기 서평쓰기모임
241,안녕하세요 권영길입니다 영농폐기물은 지정된 장소에 모아주세요 넓은 풍산들과 인근에서 거두어온 농약빈병 수거 작업을 도왔습니다 우리 농촌 들녘에서 사용하다 버린 농약빈병과 폐비닐 등 영농폐기물을 아무 곳에서 방치한다면 기름진 땅과 하천을 망칠 수 있습니다 이날 새마을 회원과 마을 주민들이 농약빈병을 적기에 수거해 작업장에 모아 선별하고 보관함으로서 환경오염을 줄이고 수질오염 방지에 큰 역할을 했습니다 농약빈병을 제때 수거하지 않으면 잔류농약이 흘러 토양을 해치고 수질오염을 시킬 수 있습니다 농가에서는 농약빈병과 폐비닐 등 영농폐기물이 아무 곳에나 방치되지 않게 각별히 신경 쓰셔서 깨끗하고 아름다운 우리 농촌을 만드는데 함께 힘써주십시오 또한 영농폐기물은 환경오염과 수질오염을 방지하기 위해 지정된 장소에 모아주실 것을 당부드립니다 함께 수고하신 모든 분께 고맙다는 말과 큰 박수를 보냅니다 고맙습니다 수고하셨습니다 보다 나은 환경과 기름진 농토를 만들어 후손들에게 물려줄 수 있도록 농업에 큰 관심과 열정을 바치겠습니다 안동 안동시 권영길 안동사랑 풍산 빈농약병 폐비닐 영농폐기물 수거 작업장 지정장소 환경오염 수질오염 예방 후손 농업 열정안동 안동시 권영길 안동사랑 풍산 빈농약병 폐비닐 영농폐기물 수거 작업장 지정장소 환경오염 수질오염 예방 후손 농업 열정
242,출처 코로나 유행과 전 세계의 방사능 환경오염 와타나베에쯔지 년 월 발표
243,환경오염의 종류 대기오염 수질오염 토양오염 ㅣ유이엔티가 알려드립니다사람들은 생활하며 생산과 소비활동을 합니다 이러한 인간의 각종 활동으로 배출되는매연 분진 악취 소음 진동 오수 오물 폐기물 방사능물질 등이 생활 환경을 오염시켜 인간 또는 생물의 건강 생존 활동에 장애를 주는 오염현상을 환경오염이라고 합니다 간단하게 살펴보면 대기오염 수질오염 토양오염이 있습니다 오늘은 환경을 파괴하는 이 세 가지 오염에 대해 알아보겠습니다 유이엔티 환경비즈니스플랫폼 환경비즈니스 환경비지니스 의료폐기물 환경분석데이터 유이엔티블로그 한국폐기물협회 폐기물처리 김형섭 김형섭대표 환경오염 환경오염종류 수질오염 대기오염 토양오염 나로부터유이엔티 환경비즈니스플랫폼 환경비즈니스 환경비지니스 의료폐기물 환경분석데이터 유이엔티블로그 한국폐기물협회 폐기물처리 김형섭 김형섭대표 환경오염 환경오염종류 수질오염 대기오염 토양오염 나로부터
244,라카이 코리아에서 컵을 샀는데 환불은안할래 오가는택배유류비 환경오염 나돈많 사실귀찮환불은안할래 오가는택배유류비 환경오염 나돈많 사실귀찮
245,반석고 카드뉴스 마스크 환경오염 일회용마스크반석고 카드뉴스 마스크 환경오염 일회용마스크
246,내일도 아니 언제나 지켜줄게 지구야 어쓰히어로 같이 동참하실 분
247,뱃속에 비닐봉지가 가득한 거북이온난화로 녹아내리는 빙하이상기후로 어디는 불바다 어디는 물바다타는 듯한 더위와 세상을 다 얼릴듯한 추위이 모든 것이 다 사람에 의한 것 처음 라는 세제를 만들 때 부터 세제 때문에 물이 오염되는 걸 막기위해 생분해성 세제를 만들고건강한 땅과 영양이 풍부한 원료식물을 위해 생태계 농법을 고집하는 오랜 시간 이어온 지구보호에 대한 신념과 철학이 제품 하나하나 마다 들어있는 회사 진작에 더 많은 사람들이 이 환경을 생각하는 제품을 쓰고 식품을 먹었더라면 과연 어땠을까 이제라도 환경제품으로 바꿔보는 게 필환경 시대에 진정한 가치소비 아닐까 암웨이제품을쓰는이유 기후변화 환경오염 어쩔 필환경 가치소비 착한소비 생분해성세제 생태계농법 환경프로그램상 환경기금 토요일 디비씨 줌미팅암웨이제품을쓰는이유 기후변화 환경오염 어쩔 필환경 가치소비 착한소비 생분해성세제 생태계농법 환경프로그램상 환경기금 토요일 디비씨 줌미팅
248,조깅하다가 똘뱅이한테방구먹이는 아빠 개월아기 조깅중 휘청휘청걸음마 방구먹이기 눈에는눈방구엔방구 방구반사 저질 좋은거가르치는아빠 환경오염 마스크필수개월아기 조깅중 휘청휘청걸음마 방구먹이기 눈에는눈방구엔방구 방구반사 저질 좋은거가르치는아빠 환경오염 마스크필수
249,키위북스 초등추천도서 플라스틱의정체를밝혀라 환경오염 환경보호 미세플라스틱 탄소제로키위북스출판사에서 허니에듀 를 통해 서평이벤트로 받았던 책 환경오염과 보호 그리고 실천에 대해관심이 높아지는 요즘 초등학생 아들에게 읽어보길 권하면서도분명 재밌어 할거야 했던 어른의 눈으로도 재밌었고 내용 또한 꼭 알아야 할 지식적인면이 다 담겨 있었다 특히 플라스틱으로 인한 문제를 해결하려는전세계적인 움직임과 대체안인 바이오플라스틱 오염 된 바다를 위한 해결방안이이해하기 쉽게 그려진 그림들과 함께 설명되어 있다는 점이 가장 추천하게 되는 요소 읽고나면 분리수거나 일회용품 사용을 한번 더 생각하게 해 준다키위북스 초등추천도서 플라스틱의정체를밝혀라 환경오염 환경보호 미세플라스틱 탄소제로키위북스출판사에서 허니에듀
250,지구다챌린지 시즌 고기없는 화요일 어제의 고기없는 월요일 미션을 오늘 수행했다 점심 후식 아이들과 남편 저녁상까지 전부 고기없이 점심엔 에서 비건 김치 고기없는 찜닭 비건 비빔국수 고기없는 베지볼 라구소스 파스타까지 밥 먹구 옮겨간 에서는 마실 것 한 잔씩과비건 도너츠 호박 케이꾸 바나나 쪼꼬 케이꾸 한 조각씩 저녁땐 남편과 아이들 저녁 메뉴로 대체육과 채소를 볶아 만든 고명을 얹은 비빔국수 꿀맛 비건 전문 식당이 아니어도 비건 옵션이 있는 곳들이점점 더더더더더더더 많아지면 참 좋겠다 제로웨이스트 플라스틱프리 비건 비건지향 채식 집밥 채식밥상 비건고기 환경운동 환경보호 지구다챌린지 기후위기 환경오염제로웨이스트 플라스틱프리 비건 비건지향 채식 집밥 채식밥상 비건고기 환경운동 환경보호 지구다챌린지 기후위기 환경오염
251,안녕 히로야 오늘 길 가다가 공장 매연 엄청 마시고 왔어 켈록켈록 아직도 목이 아프다 그 와중에 기침할 때 사진 찍혀버림 귀엽게 나왔다고해서 괜찮은 척 쿨하게 인스타 올렸는데 그래도 기침하는 사진 저장금지 매연 마신 게 넘 짜증나서 알아본 이산화탄소 배출량 순위 전 세계에서 위는 중국 위는 미국 위는 인도더라고 그런데 우리나라도 위로 충분히 위기감을 가져야 하는 수준 결코 좋은 순위가 아니니까 말이야 유엔 기후변화에 관한 정부 간 협의체 의 도 특별 보고서에 따르면 지구 연간 이산화탄소 배출량이 년까지 년 배출량 대비 까지 줄어야 한다고 말했데 그래서 우리도 일상 속에서 실천할 수 있는 몇 가지를 알려주려고 해 대중교통 이용하기 재활용 재사용이 가능한 제품 이용하기 에어컨 필터 깨끗하게 청소하기필터를 깨끗하게 청소해 주는 것만으로도 이산화탄소를 줄일 수 있고 덤으로 전기세도 절약 가능해 음실물 쓰레기 줄이기음식물 쓰레기양을 만 줄여도 연간 억 원 정도가 절약되고 온실가스 배출양도 줄고 에너지 절약까지 에너지 효율이 좋은 전자제품 사용하기 사용하지 않는 기기 플러그 뽑기 대기전력을 아껴서 온실가스 배출을 줄일 수 있죠 이중 하나라도 실천해서 우리 맑은공기 많이 마시자구요
252,바다 바라 바래 보다 프로젝트리서치트립 기록 화 번째 일정은 이추룩 썬샤인 의 김승환감독님과의 미팅 이추룩 썬샤인 은 년 제작된 분짜리 단편영화로 플라스틱과 재활용이 불가능한 물질들이 매일 바다로 쏟아져 들어와 우리 세상을 망치고 있다는 인식을 높이는 것 을 목적으로 만들어졌다 해양쓰레기에 관한 젊은이들의 빛나는 마음에 대한 이야기이다 이추룩 은 제주말로 이만큼 과 같은 말이다 또한 포스터를 보면 한글 제목 아래로 이라고 함께 적혀 있다 즉 이토록 빛나는 이자 빛나는 것 처럼 보여도 라는 해석도 가능하다 이추룩썬샤인 을 시청하고 싶으신 분은 을 주시면 링크를 보내드립니다 상업적 이용이 아닌 개인적 관심과 시청 목적 또한 김승환감독님은 년 부터 재주도좋아 라는 단체로 일상 비치코밍 과 함께 매년 바라던바다 라는 이름의 비치코밍페스티벌 을 열기도 했다 코로나 이후 미진행 중 더불어 반짝반짝지구상회 라는 공간에서는 전시 공연 원데이 클래스 등을 운영하며 제주를 찾는 사람들이 제주 바다를 소비의 대상이 아닌 아끼고 지켜야 될 대상으로 인지할 수 있도록 여러가지 활동들을 펼치고 있다 우리는 팀을 나눠 김승환 감독님의 오디오라디오 스튜디오 사무실이 있는 아시아 애니메이션센터 에서 만났다 감독님이 제주에 들어와 경험했던 일들에서부터 어떻게 재주도 좋아 이추룩 썬샤인 등을 기획하고 운영하게 되었는지 육지것이 제주에 자리하기 시작할 때 경험하는 일들 제주를 향한 어떤 마음이 이런 활동을 펼치게 하게 되었는지 와 같은 이야기를 들을 수 있었다 우리가 바다 바라 바래 보다 프로젝트로 모이게 된 이야기와 함께 자연을 향한 마음을 나누며 우리가 앞으로 움직여 나갈 지점을 공유해 볼 수 있는 동료됨을 다지게 된 의미있는 시간이었다 감독님의 여러 방면에서의 제주를 위한 활동들 너무나 멋지고 멋지고 멋져요 앞으로 기획하고 계신 새로운 작품들도 응원하며 기대하고 있겠습니다 본 프로젝트는 계정의 프로필링크 카카오 같이가치 를 통해 응원과 후원하실 수 있답니다 응원 댓글 공유를 눌러주시면 여러분의 마음이 기부됩니다 많관부 지구숨숨 카카오같이가치 아름다운재단 제주도 바다바라바래보다 에코필름 너와나의바다 환경오염 해양오염 기후위기 환경프로젝트 환경영상 제주바다 아름다운제주를지켜주세요이추룩썬샤인 재주도좋아 비치코밍 바라던바다 비치코밍페스티벌 반짝반짝지구상회 지구숨숨 카카오같이가치 아름다운재단 제주도 바다바라바래보다 에코필름 너와나의바다 환경오염 해양오염 기후위기 환경프로젝트 환경영상 제주바다 아름다운제주를지켜주세요
253,플로빙 제주 한림항 월요일 새벽 버디님과 통화를 하던 중에 한림항으로 산책을 나간 버디님이 쓰레기 무덤으로 변해버린 바다를 발견했고 바로 전달받은 사진 속 항구는 너무 심각한 상황이었다 한두 명이 해결할 수 있는 일이 아니라서 당장 첫 비행기를 끊고 시간 쪽잠을 자며 제주에 도착했다 오전은 쓰레기를 줍기 위한 절차를 해결하고 의 힘을 얻어 플로버들을 모았다 대체휴일이지만 월요일이었고 갑작스럽게 벌어진 일이라 많이 오시지 못해도 괜찮다고 안되면 우리끼리라도 하자고 이야기했는데 감사하게도 명 남짓한 인원이 모였다 쓰레기로 가득 찬 한림항은 영상으로만 보던 해외의 쓰레기 바다와 별반 다르지 않다 퍼내고 퍼내도 계속 나오는 각종 어업 생활 쓰레기는 이미 썩어서 악취를 풍기고 바다는 흙탕물처럼 탁하게 오염되어 있었다 쓰레기 사이사이에 어찌 죽었는지 알 수 없는 물살이와 고양이 시체들이 떠 있다 주변에서는 보지 말라고 말렸지만 나는 봐야만 했다 참혹하고 가슴이 찢어져도 똑바로 보지 않으면 앞으로 나아갈 수 없다 죽은 시체는 하나도 무섭지 않다 이들을 이렇게 죽음으로 내몰아 버리는 환경이 사회가 그 속에 속해 있는 내가 나는 더 무섭다 쓰레기를 주우며 많은 죽은 것들과 죽어가는 것들을 보았지만 오늘 이곳은 죽음과 가장 가까운 바다였다 끊임없이 밀려오는 쓰레기 앞에서 당장 눈앞의 죽음에 애도할 시간도 없었다 묻힐 곳 하나 만들어 주지 못하고 보내버린 이들이 머릿속에 아른거리지만 이런 생각도 사치라고 여겨질 만큼 쓰레기는 줄어들지 않는다 갑작스러운 플로빙 일정에도 제주 곳곳에서 플로버들이 모여 쓰레기를 담는다 끝이 없는 쓰레기와 몸을 뒤덮는 악취 앞에서 모두 지치고 힘들었을 텐데 오염된 물에 발을 담가도 웃으며 자신의 일을 다해간다 플로빙이 끝나고 바라본 바다는 햇살이 부서져 황홀하게 빛난다 다이버들은 빛나는 바다로 들어가 쓰레기로부터 지친 몸과 마음을 다시 바다에게서 치유받는다 죽음과 가까운 바다 반대편에는 이렇게 살아있는 바다가 있다 삶도 죽음도 어느 것 하나 외면할 수 없다면 살아가는 동안 둘 다 소중히 하고 싶다 이름 없는 작은 생들이 먼저 도착한 그곳은 억압도 고통도 없는 그런 곳이기를 그곳에서 마음껏 뛰어놀고 자유롭게 헤엄치길플로빙
254,우리 두번째 기록 안녕하세요 비점오염 서포터즈 기 우리 입니다 이번에는 코엑스에서 열린 전시회에서 비점오염 을 알리기 위한 오프라인 홍보 활동이 이루어졌습니다 비점오염을 얼마큼 알고있을지 스티커판을 이용하여 시민들의 인식을 알아보았는데요 비점오염에 대한 인식이 아직 부족합니다 앞으로 더 많은 사람들이 비점오염이 무엇인지 알고 예방할 수 있도록 저희 우리 팀이 더욱 노력하겠습니다 많은 관심과 응원 부탁드려요 좋아요와 댓글 달아주시면 감사하겠습니다 유튜브 우리 검색 인스타그램 블로그 대외활동 대외활동맞팔 대외활동선팔맞팔 환경보전협회 환경부 비점오염 비점오염예방 비점오염예방서포터즈 좋아요 구독 우리대외활동 대외활동맞팔 대외활동선팔맞팔 환경보전협회 환경부 비점오염 비점오염예방 비점오염예방서포터즈 좋아요 구독 우리
255,괭이갈매기 서천 장항송림산림욕장 새 새사진 자연 야생동물 괭이갈매기 갈매기 환경오염새 새사진 자연 야생동물 괭이갈매기 갈매기 환경오염
256,파루 태양광 양축트랙커라고 도 회전 한다고 하네요처음보는 태양광패널이에요
257,대한지질학회 학생기자단 인터뷰 편 고려대학교 환경지구미생물학연구실 권만재 교수님 인터뷰입니다 취재 대한지질학회 학생기자단 기 민하은 정민지매주 화요일 대한지질학회 학생기자단의 기사가 카드뉴스 형태로 업로드되고 있습니다 대한지질학회 공식블로그로 오시면 더 자세한 내용을 확인하실 수 있습니다 대한지질학회 대한지질학회학생기자단 대한지질학회학생기자단 기 고려대학교 지구환경과학과 지질환경 환경지구미생물학연구실 권만재 권만재교수님 고려대 환경지질학 활성단층 미생물 환경오염 오염저감 지질학 지질학과 지질학전공 지질과학과 지질환경과학과 지구과학교육과 지구시스템학과대한지질학회 대한지질학회학생기자단 대한지질학회학생기자단 기 고려대학교 지구환경과학과 지질환경 환경지구미생물학연구실 권만재 권만재교수님 고려대 환경지질학 활성단층 미생물 환경오염 오염저감 지질학 지질학과 지질학전공 지질과학과 지질환경과학과 지구과학교육과 지구시스템학과
258,제로웨이스트는 처음인데요 소일작가님 의 책 제로웨이스트는처음인데요 의 일부 내용이에요 몇 장 넘기자마자 뜨끔했던 부분 작가님 제 얘기를 쓰셨군요 집에 온갖 물건이 많은 맥시멀시스트 가 생각한 제로웨이스트 는 그저 쓰레기를 줄이고 다회용품 사용 제대로된 분리배출 정도인데 생각보다 일회용품 대신 다회용품으로 바꿔서 사용할 수 있는 방법이 많더라구요 일회용품이 편해서 자주 사용하긴 하지만 버릴 때마다 뜨끔 하고 반성은 안하는 사람 쓰레기를 으로 만드는 것은 어차피 불가능하고 에서 로 만드는 노력만해도 좋다고 하는데 오늘부터 하나씩 해봐야겠어요소일작가님 제로웨이스트는처음인데요 맥시멀시스트 제로웨이스트
259,회용 봉투 대신 장바구니 이용해요 광주시와함께 장바구니 사용해요 인증샷이벤트 광주시 광주시청 그리니 크리니 인증샷이벤트 이벤트 회용품 회용봉투 환경 보호 인스타그램이벤트 환경오염 자연 일회용봉투줄이기 일회용품줄이기 장바구니 함께해요광주시와함께 장바구니 사용해요 인증샷이벤트 광주시 광주시청 그리니 크리니 인증샷이벤트 이벤트 회용품 회용봉투 환경 보호 인스타그램이벤트 환경오염 자연 일회용봉투줄이기 일회용품줄이기 장바구니 함께해요
260,오늘도 꽃집그냥 지나치지 못했다꽃과 함께 집으로 오는 길에 비가 쏟아지기 시작했다쏴아하는 비소리 넘어 어디선가 아이들이 까르륵 거리는 소리가 들렸다멀리보니 우산이 없는 세쯤 되는 아이와 세쯤 되는 아이가 어린이집 하원길에 비를 맞고 엄청 행복해한다 그 옆 엄마는 웃지 않는다 아이들 씻길 걱정하나 감기걸릴까 걱정하나 얼마 전까지 황사와 미세먼지 때문에 마스크를 썼는데 지금은 코로나 로 인해 모든 사람이 마스크를 쓴다이러다가 마스크를 벗지 못하는 세상이 계속되는건 아닐까 비맞고 좋아하는 저 어린 아이들의 미래가 걱정된다 나의 미래도 망원동 코로나 기후위기 환경오염꽃집그냥 망원동 코로나 기후위기 환경오염
261,제로웨이스트라이프수돗물을 마시는것 만으로도환경보호를 할 수 있다는거 알고 계신가요 미국에서 생수 페트병을 만드는데매년 석유 만 배럴이 쓰이고 있습니다 연구소의 조사에 따르면바르셀로나 인구가 생수만 마신다고 가정할때생수 추출 가공 과정에서 해마다생물 종이 멸종한다는 결론을 얻었다고 합니다 생태계에 미치는 영향은 생수가수돗물보다 무려 배나 크다고 해요 수돗물을 음용할때는 탄소 발생량이 당 만 발생되는 것에 비해생수를 마실때는 배가 많은 정수기는 배 많은 이 발생된다고 합니다 수돗물을 마시는것만으로도 환경보호에 큰 도움이 되겠죠 한국의 수질지수는 개국 중에 위 검사항목은 가지로 일본 호주 캐나다보다더 많은 영역을 검사하고 있습니다 집에서 나오는 수돗물 수질이 불안하다면전문수질검사원의 가정방문 수질검사를 이용해보세요 무료로 진행되며 물사랑 홈페이지에서 신청할 수 있습니다 또 마이워터 국가상수도시스템에서동네수질을 확인할수 있습니다 수돗물을 마시기로 가장 쉬운 환경보호를 실천해보세요 저는 개인적으로 물을 끓여마시는걸 좋아하는데요 여름에는 유칼립투스 를 겨울에는 연잎차를 끓여마시고 있어요 수돗물 음용으로 제로웨이스트 함께해요 자세한 포스팅은 블로그를 참고해주세요 환경보호 미니멀라이프 미니멀라이프도전 환경오염 환경오염줄이기 제로플라스틱 세컨핸드샵 패션스타그램 빈티지샵 수돗물가치인플루언서제로웨이스트라이프수돗물을 제로웨이스트 환경보호 미니멀라이프 미니멀라이프도전 환경오염 환경오염줄이기 제로플라스틱 세컨핸드샵 패션스타그램 빈티지샵 수돗물가치인플루언서
262,착해가지구 플라스틱 재활용 환경오염 재활용상점 제로웨이스트샵 자원순환가게이전에 자주가던 카페가 폐업을하고새로운 가게가 생겼다 전부터 가보고싶었는데갈때마다 문이닫혀서 어떤가게일까 많이궁금했었다오늘은 볼일을보고 돌아오는길에 문이열려있어서 구경을하고왔다취지가 너무 훌륭하다라고 느꼈다나는 우리나란 플라스틱쓰레기를 많이배출하는나라라가나름생각을해왔다실제로 바다도플라스틱쓰레기가많아지고가면갈수록 매립을할곳도 적어지고 플라스틱이포화가 되었다고느껴진다그래서그런지 플라스틱쓰레기를버릴땐 세척후에 라벨을제거해서내가버린쓰레기가 재활용이되었므면좋겠다 라고생각을한다하지만 일일히 노동자가 수작업으로 분류를해서우리가 제대로 버리지않으면 결국쓰레기로되는 아쉬운현실 ㅜㅜ이가게를들르고 어떤가게인지 설명을듣게되었다플라스틱을 배출할때 이곳에서 단위로 판매를할수있고 직접분리수거를할수있다또한 소량의 판매수익도얻을수있다다음엔 이곳에서 판매를해봐야겠다 층엔 재활용소품들도 있었다오늘은 리코타치즈나 마스카포네치즈를만들때 유용한 면보와씹는치약을 구매커피찌꺼기 커피박 으로 연필이나 화분등으로 재탄생이되고나무소품이나 면제품등을 여러구경해봤다다음엔 유리나 스테인레스빨대를써보는것도괜찮을것같다저자극약산성비누도 궁금할거같고호기심이 가득생기는가게다 다음에 다시들려봐야지착해가지구 플라스틱 재활용 환경오염 재활용상점 제로웨이스트샵 자원순환가게이전에
263,나는누구일까요바다의 천연기념물 제 이름은 점박이물범 이에요 동그란 머리와 큰 눈망울 오동통한 몸에 귀여운 얼굴을 가진 저는이름처럼 검은색의 불규칙한 반점 무늬가 몸 전체에 퍼져 있어요 저는 멸종위기 야생생물 등급이자 천연기념물 제 호로 지정된 해양보호생물이에요 한국에서 발견할 수 있는 유일한 해양포유동물이랍니다 점박이물범의 이야기 한 번 들어보실래요 표준을 준수하는 어업은환경영향을 최소화한다는 원칙에 따라멸종 위기 생물들을 보호하기 위해폐그물 분실을 관리하는 방안을 마련하고 있습니다 점박이물범이 살아가는 건강한 바다 함께 지켜 주실 거죠 지속가능어업 함께지켜요 천연기념물 점박이물범 물범 바다생물이야기 해양관리협의회 지속가능성 건강한바다 오늘바다 에코라벨 인증 해양생물 바다생물 해양환경 해양보호 해양자원보호 멸종위기 멸종위기종 환경오염 해양오염나는누구일까요바다의 지속가능어업 함께지켜요 천연기념물 점박이물범 물범 바다생물이야기 해양관리협의회 지속가능성 건강한바다 오늘바다 에코라벨 인증 해양생물 바다생물 해양환경 해양보호 해양자원보호 멸종위기 멸종위기종 환경오염 해양오염
264,녹녹의 초록한 환경뉴스 환경을 지키는 간헐적 채식 채식 이 환경오염을 줄일 수 있다 과도한 육류 소비를 줄이면 인당 연간 이상의 이산화탄소 감축 효과가 발생된다는 사실 우리 모두 육류 소비를 줄이고 일주일에 한 번 간헐적 채식 을 통해 환경과 우리의 건강까지 챙겨보는 것이 어떨가요 우바세챌린지 우리가바꾸는세상우바세챌린지 우리가바꾸는세상
265,오늘도 난 장바구니와 함께마트를 횡단중 오늘저녁은 뭘 해야하나 광주시와함께 장바구니 사용해요 인증샷이벤트 광주시 광주시청 그리니 크리니 인증샷이벤트 이벤트 회용품 회용봉투 환경 보호 인스타그램이벤트 환경오염 자연 일회용봉투줄이기 일회용품줄이기 장바구니 함께해요광주시와함께 장바구니 사용해요 인증샷이벤트 광주시 광주시청 그리니 크리니 인증샷이벤트 이벤트 회용품 회용봉투 환경 보호 인스타그램이벤트 환경오염 자연 일회용봉투줄이기 일회용품줄이기 장바구니 함께해요
266,일시장안에 새로운 변화시장에 무인점포가 사장님 급한일 있으셨나 ㅎ 데비마이어그린백 챙겨가서 아오리 사과 담기 장바구니 들고 시장보기 광주시청 인증샷 회용 봉투 대신 장바구니 이용해요 광주시와함께 장바구니 사용해요 인증샷이벤트 말바우시장 광주시 광주시청 그리니 크리니 인증샷이벤트 이벤트 회용품 회용봉투 환경 보호 인스타그램이벤트 환경오염 자연 일회용봉투줄이기 일회용품줄이기 장바구니 함께해요 광주시와함께해요데비마이어그린백 광주시와함께 장바구니 사용해요 인증샷이벤트 말바우시장 광주시 광주시청 그리니 크리니 인증샷이벤트 이벤트 회용품 회용봉투 환경 보호 인스타그램이벤트 환경오염 자연 일회용봉투줄이기 일회용품줄이기 장바구니 함께해요 광주시와함께해요
267,안녕하세요 그린패키지솔루션입니다 오늘은 플라스틱과 친환경 패키지의 차이점은 뭘까 라는 주제로 여러분께 이야기해드리려 하는데요 최근 환경오염의 심각성에 대한 이슈가 대두화되면서 플라스틱과 친환경 패키지에 대해 관심을 가지고 계신 분들이 많으실 것 같아요 그런데 여러분 플라스틱과 친환경 패키지의 차이점이 무엇인지 제대로 알고 계셨나요 최근 코로나 의 장기화 인 세대 가구 증가 등으로 인해 배달음식이나 새벽배송에 대한 수요가 높아지면서 이로 인한 환경오염 또한 심각해지고 있는 상황인데요 플라스틱이 우리 환경에 좋지 않은 영향을 미친다는 사실을 모두 알고 있기는 하지만 플라스틱이 정확히 우리 환경에 어떤 영향을 미쳐 오염을 유발하는지에 대해서는 알지 못하고 계신 분들이 더 많은 것 같은데요 그렇다면 지금부터 플라스틱의 문제점은 무엇인지 그리고 친환경 패키지의 중요성에 대해 다함께 알아보도록 할까요 더 많은 내용이 궁금하다면 그린패키지솔루션 공식 블로그로 친환경 필환경 환경용어 플라스틱 미세플라스틱 제로웨이스트 탄소중립 플로깅 녹색제품 그린뉴딜 그린패키지솔루션 식스아웃 환경보존 환경오염 플라스틱아웃 노플라스틱 분리배출 비건 채식주의 환경오염 그린서포터즈 대학생서포터즈친환경 필환경 환경용어 플라스틱 미세플라스틱 제로웨이스트 탄소중립 플로깅 녹색제품 그린뉴딜 그린패키지솔루션 식스아웃 환경보존 환경오염 플라스틱아웃 노플라스틱 분리배출 비건 채식주의 환경오염 그린서포터즈 대학생서포터즈
268,지구를위해 환경을위해 광주시와함께 장바구니 사용해요 인증샷이벤트 인증샷 회용 봉투 대신 장바구니 이용해요 이벤트 기간 월 일 화 월 일 월 당첨자 발표일 월 일 수 이벤트 경품 베스킨라빈스 싱글레귤러 아이스크림 명 참여방법 광주시청 인스타그램 팔로우하기 회용 봉트 대신 장바구니를 사용하고 인증샷을개인 인스타그램에 광주시 인스타그램 태그 필수 해시태그 업로드 필수 해시태그 광주시와함께 장바구니 사용해요 인증샷이벤트 광주시 광주시청 그리니 크리니 인증샷이벤트 이벤트 회용품 회용봉투 환경 보호 인스타그램이벤트 환경오염 자연 일회용봉투줄이기 일회용품줄이기 장바구니 함께해요광주시와함께 장바구니 사용해요 인증샷이벤트 광주시와함께 장바구니 사용해요 인증샷이벤트 광주시 광주시청 그리니 크리니 인증샷이벤트 이벤트 회용품 회용봉투 환경 보호 인스타그램이벤트 환경오염 자연 일회용봉투줄이기 일회용품줄이기 장바구니 함께해요
269,나의 마음을 나누다 자연 일회용품 코로나 팬데믹 환경오염 윤회 유산 바이러스 택배 어리석음 후손 자신 빚 생존 죽음 쓰레기 분리수거 힘 윤회 자연보호자연 일회용품 코로나 팬데믹 환경오염 윤회 유산 바이러스 택배 어리석음 후손 자신 빚 생존 죽음 쓰레기 분리수거 힘 윤회 자연보호
270,리그램 인증샷 회용 봉투 대신 장바구니 이용해요 이벤트 기간 월 일 화 월 일 월 당첨자 발표일 월 일 수 이벤트 경품 베스킨라빈스 싱글레귤러 아이스크림 명 참여방법 광주시청 인스타그램 팔로우하기 회용 봉트 대신 장바구니를 사용하고 인증샷을개인 인스타그램에 광주시 인스타그램 태그 필수 해시태그 업로드 필수 해시태그 광주시와함께 장바구니 사용해요 인증샷이벤트 광주시 광주시청 그리니 크리니 인증샷이벤트 이벤트 회용품 회용봉투 환경 보호 인스타그램이벤트 환경오염 자연 일회용봉투줄이기 일회용품줄이기 장바구니 함께해요리그램 광주시와함께 장바구니 사용해요 인증샷이벤트 광주시 광주시청 그리니 크리니 인증샷이벤트 이벤트 회용품 회용봉투 환경 보호 인스타그램이벤트 환경오염 자연 일회용봉투줄이기 일회용품줄이기 장바구니 함께해요
271,안녕하세요친환경 바이오 베이스 플라스틱 원료와 제품을 생산하는 친환경 소재 기업 입니다 추석 선물 마음을 담아 정성껏 준비해서 보낸 식품이 상하면 마음이 아프겠죠 저희 에코네이쳐 포장재는 항균작용을 통해 식품의 신선도를 장기간 유지해 줍니다 친환경 친환경포장 친환경제품 바이오베이스플라스틱 환경보호 추석선물 추석 특허 기술 포장재 식품 식품포장재 채소 야채 과일 육류 수산물 항균 자체생산 자체제작 플라스틱 제로웨이스트 지구온난화 환경오염 지구온난화친환경 친환경포장 친환경제품 바이오베이스플라스틱 환경보호 추석선물 추석 특허 기술 포장재 식품 식품포장재 채소 야채 과일 육류 수산물 항균 자체생산 자체제작 플라스틱 제로웨이스트 지구온난화 환경오염 지구온난화
272,우리 퀴즈 이벤트 힌트 서포터즈 이벤트 이벤트참여 이벤트그램 상품 대외활동 대외활동맞팔 대외활동선팔맞팔 환경보전협회 환경부 비점오염 비점오염서포터즈 여우비 우리 우리사이서포터즈 이벤트 이벤트참여 이벤트그램 상품 대외활동 대외활동맞팔 대외활동선팔맞팔 환경보전협회 환경부 비점오염 비점오염서포터즈 여우비 우리 우리사이
273,이번주 포렌뉴스 주제는 플라스틱 환경 오염 입니다 오늘은 넷플릭스 오리지널 다큐멘터리 브로큰 제 화 플라스틱 재앙 편을 소개하려고 해요 플라스틱 이외에도 화장품 부작용 담배 중독 일회용 가구의 사회 문제를 다루며 총 개의 에피소드로 구성되어 있으니 다양한 사회적 이슈를 알아가고자 하는 분들께 많은 도움이 될 것 같아요 위시사이클링 재활용이 되지 않는 쓰레기를 재활용품 수거함에 넣는 행위 사실 지금까지 만든 모든 플라스틱은 아직도 존재한다고 해요 이는 절대 사라지지 않으며 자연적으로 분해되려면 년이 걸리는데 아직까지는 이 사실조차 검증이 어려운 상황이지요 이러한 플라스틱의 생산량은 년마다 배로 증가하고 있으며 플라스틱 환경 오염의 본질적인 문제를 해결하기 위해서는 석유화학기업이 플라스틱의 생산량 자체를 줄이고 폐기물로 인한 환경오염 정화작업에 힘써야 할 것입니다 플라스틱 재활용 표기 중 번을 제외하면 실제로 재활용 가능한 것은 없습니다 이러한 재활용 순환 마크는 미국 플라스틱 기업들이 마케팅을 위해 도입하기 시작한 것입니다 이러한 상황 속에서 우리는 기업이 성장하되 지구를 훼손하지 않는 올바른 규제환경을 조성해야 합니다 소비자 일상 속 작은 것부터 제로 웨이스트 실천을 위해 노력정부 소비자의 친환경적 행동을 독려해줄 법제와 규정 마련과학계 안전한 플라스틱 개발 및 인체 내분비계를 교란시키지 않는 화학물질 만들기기업 플라스틱 재활용 시장 확대 및 바이오 플라스틱 등 대체재에 투자개인의 행동은 매우 중요합니다 우리가 매일하는 작은 행동들이 하나하나 쌓이고 이것들이 모여 작지 않은 영향을 미치며 결국 지구 환경의 변화를 이끌어 낼 것입니다
274,제주 사회적 거리두기가 단계로 격상이 됨에 따라 디프다에서 진행하는 다함께 소규모 봉그깅은 월 말로 연기되었어요 하지만 봉그깅마시깅은 계속 참여가능해요 거리두기 지침에 따라 저녁 시 이후에는 명만 참여가능하니 이점 꼭꼭 지켜주세요 봉그깅하러 가긴 어렵지만 집에서도 충분히 봉그깅 할 수 있어요 바로 쓰레기 줄이기인데요 내가 배출하는 쓰레기들을 잘 살펴보고 줄일 수 있는 한가지를 줄여보는 건 어떨까요 생각보다 불편하지 않고 마음도 뿌듯해져요 바로 쓰레기를 줄이기 어렵다면 분리배출 방법을 찾아보고 올바른 분리배출을 해보면 어떨까요 멸균팩과 종이를 구분하여 배출하는 멸종위기 캠페인에 참여해보거나 제주에 계신다면 용기냉가게 캠페인도 참여해보면 좋을 것 같아요 어려운 시기이지만 지혜롭게 집에서도 봉그깅해봐요 함께해요 같이갑시다멸종위기 용기냉가게
275,지구숨숨의 꽃피우는 이 블루머 은샘이 이번 프로젝트에 아카이버로 참여하여 우리의 프로젝트를 기록합니다 바다 바라 바래 보다 프로젝트리서치트립 기록 화 우리의 첫번째 일정은 지구별숨숨마을 주민이기도 한 귤의정원바령 이다 선흘의 산아래턱 즈음 위치한 무농약유기농 귤 정원 바령 은 제주 말인데 소와 말을 이용해 땅을 비옥하게 만드는 방법을 뜻하는 단어로 제주의 자연 유기농법이라고 할 수 있다 무농약과 유기농은 같지 않은데 무농약은 말 그대로 농약이고 유기농은 화학비료라고 할 수 있다 자연의 섭리를 잘 관찰하여 적용하면 인공 화학의 무언가를 쓰지 않고도 맛있는 귤을 먹으며 우리 몸과 지구 땅과 물 을 건강하게 할 수 있다 그래서 바령의 귤은 껍질째로 먹을 수 있고 요즘 시기에는 청귤을 수확하면 청귤청을 담궈 새콤달콤한 차를 마실 수 있다 농장지기들 두 분의 이야기를 듣고 넓은 귤정원 을 산책하며 귤나무와 어울려 자라는 다양한 식물들을 곤충들을 만날 수 있었다 아주 건강하고 행복한 모두들 바령은 예초 잡초제거 를 할때도 그 풀에 터 잡은 곤충들을 위해 듬성듬성하게 풀들을 제거하고 베어낸 풀 사이에 있던 곤충들이 근처의 베지 않은 풀 틈으로 이동할 수 있도록 베어낸 풀들은 그 자리에 눞혀 깔아 흙이 되게 한다 눕혀진 풀들이 시간과 자연의 힘으로 비료가 된다 바령 정원의 길은 정말로 푹신푹신하고 초록초록했다 농약 대신으로는 제주의 바닷물을 사용한다고 하셨다 나무가 염해를 입지 않도록 희석한 바닷물을 나무에 골고루 뿌려주는 것으로 해충을 방제하고 계셨다 청정 제주 바다가 깨끗하게 유지되어야 우리는 더 맛있고 건강한 귤을 오래오래 먹을 수 있다 민들레샘 바령지기님 이 직접 뜨신 귤 모자를 쓰고 귤정원에서 찰칵찰칵 비닐로 업싸이클링하여 만드신 예쁜 바구니 가방들도 있었다 우리는 청귤따기체험 대신 농장을 찾을 분들이 곧 만날 수 있을 스머지스틱만들기 를 미리 체험해볼 수 있었다 귤정원을 산책하며 바구니에 쑥과 로즈마리를 잘라 담았다 그리곤 처음에 바령의 이야기를 들었던 곳에 다시 모여 바령의 봄쑥으로 만든 쑥떡을 바령의 귤꽃으로 양봉한 귤꽃꿀 에 찍어 먹었다 그리고 귤꽃꿀차 와 함께 차와 떡을 먹으며 나뭇가지에 감겨있는 실로 잘라 온 쑥과 로즈마리를 차근히 둘러 묶어주었다 이제는 볕과 바람에 잘 마르기를 기다리면 된다 스머지스틱은 향과 연기로 공간과 에너지를 정화하는 도구 하늘도 눈 앞도 바닥도 푸르디 푸르고 귀도 코도 입까지 즐거운 바령 방문기 제주도 선흘감귤농장 감귤정원 친환경농법 무농약 유기농 친환경 귤농장 본 프로젝트는 계정의 프로필링크 카카오 같이가치 를 통해 응원과 후원하실 수 있답니다 응원 댓글 공유를눌러주시면 여러분의 마음이 기부됩니다 많관부 지구숨숨 카카오같이가치 아름다운재단 제주도 바다바라바래보다 에코필름 너와나의바다 환경오염 해양오염 기후위기 환경프로젝트 환경영상 제주바다 아름다운제주를지켜주세요지구별숨숨마을 귤의정원바령 무농약유기농 바령 귤정원 청귤따기체험 스머지스틱만들기 귤꽃꿀 귤꽃꿀차 제주도 선흘감귤농장 감귤정원 친환경농법 무농약 유기농 친환경 귤농장 지구숨숨 카카오같이가치 아름다운재단 제주도 바다바라바래보다 에코필름 너와나의바다 환경오염 해양오염 기후위기 환경프로젝트 환경영상 제주바다 아름다운제주를지켜주세요
276,자원순환 안녕하세요 우 바 세 챌린지의 팀 입니다이번엔 자원순환 게시물로 돌아왔습니다 자원순환이란 폐기물 발생을 줄이고 만들어진 폐기물을 재활용 또는 처리하며 자원의 순환과정을 환경친화적으로 이용 관리하는 것을 말합니다우리도 을 통해 자원순환에 동참할 수 있어요 자원을 단순히 한 번 쓰고 버리는 것이 아니라 재사용하고 소비를 줄여 우리 모두 자원순환을 위해 노력해요 환경 환경보호 대외활동 대외활동맞팔 우바세 우바세챌린지 선팔맞팔 대학생 부경대 폐기물처리 폐기물 쓰레기 재활용 자원순환 환경오염환경 환경보호 대외활동 대외활동맞팔 우바세 우바세챌린지 선팔맞팔 대학생 부경대 폐기물처리 폐기물 쓰레기 재활용 자원순환 환경오염
277,코로나 로 자동차 극장에 대한 수요가 늘어 대기업도 자동차 극장 시장에 뛰어들 만큼 인기를 끌고 있지만 정작 환경오염을 유발할 수 있는 자동차 공회전 문제는 뒷전이라는 지적이 일고 있다 자동차 자동차극장 자동차공회전 공회전 환경 환경오염 환경문제 대기오염 코로나 코로나 사태 뉴스 데일리뉴스자동차 자동차극장 자동차공회전 공회전 환경 환경오염 환경문제 대기오염 코로나 코로나 사태 뉴스 데일리뉴스
278,바 하 에코팀 유튜브에 바다키퍼 소개 영상이 올라갔어요 링크는 프로필 설명에 있습니다 아니면 유튜브에 에코팀 검색하시면 바로 나와요 바다키퍼의 목적 목표 활동방법 등이 소개되어 있으니 시간 되시면 조회 및 공유 부탁드립니다 우리 함께 같이 쓰레기 주워요 더운 날 함께 고생해주시고 장황하게 늘어놓은 말을 달변가처럼 편집해주신 한규님 께 정말 감사드려요 너무 더운데 함께 쓰레기 주워준 친구들 모두 감사합니다 촬영지원에코팀
279,이전에는 봄을 생각하면 벚꽃을 떠올렸지만 지금은 미세 먼지를 걱정하잖아요 지금 환경을 보호하지 않으면 다음 세대는 우리가 누렸던 깨끗하고 아름다운 바다를 볼 수 없을 거예요 쉐코가 지구를 위해 다양한 환경 오염물 회수 기술을 개발하는 이유입니다 인터뷰 전문은 프로필 링크를 통해 확인하세요 매월 첫째 셋째주 화요일 발행됩니다
280,북극 자연 환경오염 생태파괴 미래 포스터 북극곰 휴식 자연파괴 환경보호 온난화북극 자연 환경오염 생태파괴 미래 포스터 북극곰 휴식 자연파괴 환경보호 온난화
281,바 하 오랜만이쥬 하하 오늘은 양양 물치해변 에서 바다키퍼 크루 님과 꿀파도 타고 밀린 바다사용료 지불했습니다 물치해변은 강 하류와 바다가 만나는 곳이에요 그러다보니 아주 오래된 쓰레기가 많았어요 주운 페트병과 캔들은 삭아있는 게 많았고 벌레가 들끓기도 했어요 주울 수 있는 것만 주웠는데도 큰 봉지가 꽉 찼습니다 해변을 따라 쓰레기가 엄청나게 밀려와있었는데 다 주울 수가 없어서 안타까울 뿐 다들 황금휴일 잘 보내셨나요 혹시나 비치클린 깜빡 하셨다면 조금이라도 실천하는 일주일이 되시길 바라요양양 물치해변 바다키퍼 바다사용료
282,편리한 일상생활을 위해 사용하는 일회용품은 거의 대부분이 플라스틱인 경우가 많죠 여러분은 플라스틱 제품을 일주일에 몇 개 정도 사용하나요 전 세계적으로 플라스틱 폐기물 배출량이 늘어나면서 지구 온난화 미세 플라스틱 문제 생태계 교란 등 환경문제가 심각해지고 있는데요 최근 국민권익위원회가 플라스틱 폐기물에 대한 국민의견을 조사했다고 해요 지금 청렴부산 블로그에서 해당 내용을 만나보세요 청렴부산 플라스틱 플라스틱줄이기 환경오염 일회용품 배달 포장용기 탈플라스틱 폐기물 배출청렴부산 플라스틱 플라스틱줄이기 환경오염 일회용품 배달 포장용기 탈플라스틱 폐기물 배출
283,일 현지시간 영국 가디언은 해양 플라스틱에 적응해 살아가는 미생물집단 플라스틱스피어 라고 불리는 곳에서 플라스틱을 먹는 사는 박테리아가 발견됐다고 보도했다 플라스틱스피어 는 박테리아와 곰팡이를 포함한 플라스틱으로 이뤄진 생태계를 지칭하는 말이다 현재는 이 의미가 확장돼 게나 해파리 등 해양 플라스틱에 서식하는 생물체들을 모두 아우르는 뜻이다 그런데 얼마전 페트병을 분해할 수 있는 박테리아도 발견됐다 이른바 플라스틱을 먹는 박테리아다 티오클라바 과 바실루스 로 알려진 이 박테리아들은 현재 실험실로 옮겨진 상태다 플라스틱스피어에서 자라는 새로운 유기체의 발견이었다 그렇다면 이 박테리아들이 쓰레기섬 문제를 해결할 수 있을까 이에 대해 제틀러 박사는 일부 미생물은 플라스틱을 먹이로 삼을 수 있다는 점을 인정하지만 이는 연구실에서 박테리아에게 탄소만 공급해 실험한 결과일뿐 실제 자연환경과 다를 수 있다 며 가능성에 대한 확대해석을 경계했다 자세한 내용은 뉴스트리 홈페이지 프로필 링크 참조 플라스틱 쓰레기 쓰레기섬 해양쓰레기 박테리아 플라스틱스피어 제로웨이스트 탄소배출 지구온난화 환경오염 기후위기플라스틱 쓰레기 쓰레기섬 해양쓰레기 박테리아 플라스틱스피어 제로웨이스트 탄소배출 지구온난화 환경오염 기후위기
284,위의 포스터는 실제로 저희 학교에서 쓰레기 분리배출 캠페인 할때 썻던 포스터였는데요 많은 재활용쓰레기 중에 비닐만 따로 모아서 버려도 쓰레기의 부피가 쑤욱 줄어든다고 합니다 앞으로 많은분들이 비닐쓰레기를 깨끗이 씻어서 버리면 좋겠습니다 환경 환경보호 부산청소년환경위원회 환경캠페인 중고등학생 환경문제 환경오염 환경지키기 환경지킴이 비닐쓰레기 분리배출 환경포스터 모두모두 할수있다 누구든지 할수있다 좋아요 맞팔환경 환경보호 부산청소년환경위원회 환경캠페인 중고등학생 환경문제 환경오염 환경지키기 환경지킴이 비닐쓰레기 분리배출 환경포스터 모두모두 할수있다 누구든지 할수있다 좋아요 맞팔
285,안녕하세요 부산청소년환경위원회 입니다부산에서 환경을 생각하는 중고등학생들이 모여 직접 환경문제에 대해 이야기 하고 방안을 생각하며 환경정책도 생각합니다많은분들과 함께 환경을 생각하며 환경을 위해 활동할 수 있었으면 좋겠습니다 감사합니다 환경 환경보호 부산청소년환경위원회 환경캠페인 중고등학생 환경문제 환경오염 환경지키기 환경지킴이 모두모두 할수있다 누구든지 할수있다환경 환경보호 부산청소년환경위원회 환경캠페인 중고등학생 환경문제 환경오염 환경지키기 환경지킴이 모두모두 할수있다 누구든지 할수있다
286,도쿄 올림픽의 탄소배출 감축 성과가 많은 찬사를 받았는데요 일본은 실제로 탄소 배출 감축을 위해 많은 노력을 기울였고 실제 효과가 있었을까요 에서 실제 도쿄 올림픽의 탄소배출량 감축 성과를 런던올림픽과 리우올림픽과 비교해 보았습니다 이번 주 웹사이트에 올라갈 도쿄 올림픽 탄소 감축 전체 보고서가 궁금하시다면 를 방문해주세요 탄소배출 도쿄올림픽 도쿄올림픽 올림픽 환경 환경오염 탄소발자국 탄소배출탄소배출 도쿄올림픽 도쿄올림픽 올림픽 환경 환경오염 탄소발자국 탄소배출
287,지구다챌린지 시즌 그린 인플루언서 팔로우 하기 원래 내일 화욜 미션인데 오늘 미션을 내일 하려고 스위치 여러 모양으로 지구를 지키기 위해 힘쓰는 그린 인플루언서들이 엄청 많은 중에 조금씩 팔로우를 해왔다 내가 팔로잉 하는 그린 인플루언서 분들이랑 지인들이막 뒤죽박죽 섞여 있기도 해서 쉽게 캡처 가능한 부분만 예시로 종종 지구를 지키는 다른 분들의 피드를 보며귀감을 얻기도 하고 도전이 되기도 하고 힘도 얻는다 아 이렇게 함께 하는 지구 지킴이들이 있구나 하고 제로웨이스트 플라스틱프리 그린인플루언서 비건 에너지절약 플로깅 미니멀리스트 지구지킴이 환경운동 환경보호 지구다챌린지 기후위기 환경오염제로웨이스트 플라스틱프리 그린인플루언서 비건 에너지절약 플로깅 미니멀리스트 지구지킴이 환경운동 환경보호 지구다챌린지 기후위기 환경오염
288,안녕하세요 오늘은 지속가능한 미래를 위한 화장품 을 고르는 법에 대한 내용을 컷툰으로 준비해 보았습니다 이제는 정말로 우리가 소비하는 화장품 브랜드가 환경에 끼치는 영향에 대해 생각해봐야 할 때입니다 대표적인 방법은 지속 가능한 미래를 위한 노력 리필 스테이션 친환경 원재료 사용 최소한의 포장 등 을 하고 있는 브랜드를 택하는 것입니다 특히 친환경 원재료를 사용하는 것은 중요한데요 폐기되는 화장품 성분들이 바다와 강 상수도 시설 등으로 흘러 들어갈 수 있기 때문이에요 여기에 추가로 화장품에 함유되기도 하는 팜오일 팜유 이 지구에 끼치는 악영향에 대해서도 간략하게 다뤄보았습니다 이 컷툰을 통해 우리 지구를 생각하는 지속 가능한 미래를 위한 화장품 브랜드를 택하는 법에 대해 관심을 갖고 생각해보게 되는 계기가 되었으면 좋겠습니다
289,목포제로웨이스트수세미 재배중 일상에서 사용중인 제품중에서환경파괴없이 자급자족 할 수 있는 제품을 찾다설겆이에 사용하는 수세미 열매가너무 만족스러워 직접 재배를 결심 제로웨이스트홈 카페에서씨앗을 나눔 받아 모종으로 키워밭에 심었더니 우아 엄청 잘자랍니다 밭관리자인 아버지의 정성이 만바라보는 우리가족의 마음이 너무 뿌듯하고수확해서 사용할 생각을 하니 넘 행복합니다 제로웨이스트 실천공동체 회원들과주변 지인들에게도 나눠드려서 기후위기 제로웨이스트 환경오염 미세플라스틱 관련 문제에 관심을 갖게 하려고 합니다밭한켠에 수박도 자라고우리 아버지 보물 호도 우뚝 멋지네요 이번 경험을 토대로 내년엔 더 큰 무언가에 도전할까 고민중목포제로웨이스트수세미 제로웨이스트홈 제로웨이스트 기후위기 제로웨이스트 환경오염 미세플라스틱
290,제주도 해양쓰레기본부 제로라이프 오늘은 해양쓰레기본부에 방문했다 제주시문화도시와 해양환경단체가 협업한 해양쓰레기의 일생을 담은 전시였다 우리가 사용한 플라스틱의 마지막 그 끝은 어딘지를 알아보는 전시라고 했다 나는 아직 전시된 플라스틱의 끝이 보이지 않았다 우리 손을 떠났다고 끝이 아닌 느낌을 받았고 이제까지 내가 소비했던 플라스틱도 어딘가에서 이렇게 존재감을 뿜어내고 있겠구나라는 생각에 벽보고 반성했다 집가면 몇 주째 나와함께하는 텀블러 를 더 아껴줘야겠다제주도 해양쓰레기본부 제로라이프
291,얼그레이 향이 은은하게 퍼지는 비건스콘너무 달지 않아서 누구나 호불호 없이맛있게 먹을 수 있어요 비건디저트 맛집 메종드뽀는스토어팜에서 예약 후 픽업하는 시스템으로 운영돼요메종드뽀 비건디저트로 홈카페 즐기며코로나 시기 모두 힘내요 군포에서채식하기 군포채식 채식주의자 비건 군포비건 산본비건 탄소발자국 탄소발자국줄이기 환경오염 기후위기 환경보호 지구온도 탄소배출 지구온난화 기후미식 비건디저트 비건간식 얼그레이스콘 산본디저트추천 산본스콘맛집 디저트클래스 우유없는빵 우유알러지 유당불내증 홈카페 비건홈카페얼그레이 군포에서채식하기 군포채식 채식주의자 비건 군포비건 산본비건 탄소발자국 탄소발자국줄이기 환경오염 기후위기 환경보호 지구온도 탄소배출 지구온난화 기후미식 비건디저트 비건간식 얼그레이스콘 산본디저트추천 산본스콘맛집 디저트클래스 우유없는빵 우유알러지 유당불내증 홈카페 비건홈카페
292,지구를 지키는 에코백 비닐을 사용하는 대신 에코백을 사용하는 모습을 사진찍어 와 함께 업로드 하면 추첨을 통해 문화상품권을 드립니다 에코백 환경오염 환경오염줄이기 환경오염방지 환경오염심각 비닐사용줄이기 그린피스 그린피스서울사무소 바다 바다오염 이벤트 이벤트그램 이벤트참여 이벤트선물 선물 선물받기 스타트업 문화상품권 문화상품권이벤트에코백 환경오염 환경오염줄이기 환경오염방지 환경오염심각 비닐사용줄이기 그린피스 그린피스서울사무소 바다 바다오염 이벤트 이벤트그램 이벤트참여 이벤트선물 선물 선물받기 스타트업 문화상품권 문화상품권이벤트
293,패스트패션 환경오염 환경 노동문제 패션 의류 옷 유행 미세플라스틱 합성섬유 디스포져블 문제점패스트패션 환경오염 환경 노동문제 패션 의류 옷 유행 미세플라스틱 합성섬유 디스포져블 문제점
294,쓰레기산 온라인 화상 시위 안내 일시 금 장소 온라인 화상 링크는 개인 문자로 전달 주관 청년지구경영연합 시위 내용 쓰레기 홍수를 막을 우산을 함께 펼쳐봐요 동행 쓰레기가 모여 대한민국을 뒤덮었다 퍼포먼스 쓰레기산 청년 분 발언대신청링크 프로필 하단 링크를 확인하세요 전국에 개가 넘는 쓰레기산이 쓰레기산 산처럼 쓰레기가 쌓여있어 쓰레기산이라 부릅니다 개인의 욕심을 위해 업체로부터 돈을 받고 쓰레기를 모아두었고 방치된 쓰레기산은 지구의 토양 수질 대기오염의 큰 원인이 됩니다 개의 산 근처에 살고있는 서민들에게 지독한 악취와 엉망이된 환경으로 일상을 망가트리고 있습니다 국민의 혈세 억원으로 이제껏 치워진 쓰레기산 미청넷은 이런 현실을 변화시키기 위해청년지구경영연합의 이름으로 쓰레기산 피켓을 들기로 했습니다 쓰레기산을 알리고 더이상 개인의 욕심으로 지구의 환경을 위협하는 일을 멈추는 일에 함께 해주세요 쓰레기산 쓰레기산 쓰레기 환경오염 환경운동 미청넷 지지배 청바지 청년지구경영연합쓰레기산 쓰레기산 쓰레기 환경오염 환경운동 미청넷 지지배 청바지 청년지구경영연합
295,함께하자 제로웨이스트 안녕하세요 환경타임 환타팀입니다 혹시 제로웨이스트 라는 단어 들어보셨나요 제로웨이스트 운동은 일회용품 사용을 줄이고 일상에서 사용되는 자원과 제품을 재활용할 수 있도록 하여 쓰레기를 최소화하는 사회운동입 니다 환타팀이 준비한 카드뉴스로 일상 속에서 제로웨이스트를 실천하는 법을 알아보고 지구를 위해 쓰레기를 줄일 수 있는 방법에 대해 고민해봅시다함께하자 제로웨이스트
296,살충제 살균제 해로운 부정적 영향 원리 부작용 환경오염 지구오염살충제 살균제 해로운 부정적 영향 원리 부작용 환경오염 지구오염
297,살충제 살균제 천연살충제 천연살균제 만드는 방법 환경오염 환경 지구 지구살리기 환경보호살충제 살균제 천연살충제 천연살균제 만드는 방법 환경오염 환경 지구 지구살리기 환경보호
298,지미프 세탁비누함께 제로웨이스트를 실천해 나가는 인친님 께서 쓸수록 이로운 세탁비누를 출시하셨어요평소 환경보호신념대로 합성화합물질이나 동물성재료는 빼고 수질개선에 도움을 주는 발효액 코코넛 소이빈오일 등 천연성분으로만 만들어진 세탁비누입니다 심지어 포장까지 빠지지않고 재생용지에 콩기름인쇄 체험단 번쩍 손들어 사용해보았어요매일 와입스를 세탁했는데 역시나 성분이 좋아서인지 세탁력 우수 풍성한거품 헹굼도 쉬웠어요손빨래할때 난감한 둥둥뜨는 비누때가 안생겨서 그점도 좋았어요많은 시도와 노력으로 나온 세탁비누 환경에 해가 되지않는 세탁비누많은 분들이 알아주셨으면 좋겠어요재구매해서 지인들에게 선물해야겠어요이런 좋은 프로젝트 흥해라 지구한테미안해서 지구한테미안해서프로젝트지미프 지구한테미안해서 지구한테미안해서프로젝트
299,환경지키기는 지속적인 관심과 참여가 필요합니다 불법투기 지구 환경오염 환경파괴 이제그만 지구지키기 완주불법투기 불법투기금지 수질오염 관심과참여 환경생각하기 한국지리 방학숙제불법투기 환경오염 환경파괴 이제그만 지구지키기 완주불법투기 불법투기금지 수질오염 관심과참여 환경생각하기
300,사회문제를 찾아서 지구온난화로 인한 재해터키 전국에서 일어난 최악의 산불 미국에서 발생한 극한의 이상기후 키리바시의 해수면 상승 세계는 지구온난화로 인한 다양한 재해로 고통받고 있습니다 인간은 자연을 활용할 뿐 지배할 수는 없습니다 자연을 보존하지 않는다면 그 피해는 우리가 받게 됩니다 환경보호 이제는 실천해야 할 때입니다 사회혁신을 위해 활동하는 단국대학교 루키 단쏘공은 매주 월요일마다 시의성 있는 사회문제를 소개하는 카드뉴스 사회문제를 찾아서 를 정기 발행합니다 많은 관심 부탁드려요 행복나눔재단 단국대학교 단쏘공 사회문제 대학생 지구온난화 자연재해 자연환경 자연보호 환경 환경오염 환경보호행복나눔재단 단국대학교 단쏘공 사회문제 대학생 지구온난화 자연재해 자연환경 자연보호 환경 환경오염 환경보호
301,코로나 로 인해 모두 배달음식많이 시켜 드시죠 일회용품으로 지구가 많이 아파해요이젠 대책이 필요할 것 같습니다여러분들 의견은 어떤가요 배달 배달음식 일회용품 쓰레기 플라스틱 환경오염 분리수거배달 배달음식 일회용품 쓰레기 플라스틱 환경오염 분리수거
302,서영다움내 꿀벌 물 속에서 보면 더욱 씬스틸러자기주장 강한 후드로 물 속에서 강하게 주장하기 한국 바다의 상어 출몰 소리가 자주 들려요수온이 많이 올라갔다는건데너무 걱정되고 염려되면서도동해바다에서 에메랄드 빛 바다를 보니 신기하고 예쁘기도 하네요분명 바다가 변하고 있기는 하네요세상 예쁜 동해바다 예쁘게 잘 쓰고있습니다 코로나 잠잠해지면 다이빙갑시다 다이빙강사 서영서영다움내 씬스틸러자기주장 다이빙강사
303,살고 싶어요 우리가 바라는 건 그뿐인데 왜 이리 어려운 걸까요
304,졸리데이에서 적당히불편하게 를 구매하시면 작가님들 친필싸인과 일러스트카드는 덤 는 더 이상 미래를 위한 구호가 아니다 플라스틱문제 환경오염 미세먼지 비윤리적인동물소비 등 우리 삶의 근간이 흔들리기 시작했다 이기심을 버리고 공존 하는 법을 배워야 한다 편리함에 익숙해져버린 우리에게 조금의 불편함이 필요한 시점이다 처음부터 제로웨이스트 비건 환경론자 가 될 수는 없지만 모든 일은 작은 행동이 쌓여 큰 힘을 내기 마련이다 내가 고작 이렇게 한다고 뭐가 달라져 라는 마음이 오늘도 조금씩 실천하고 있습니다 로 변하면 어떨까 처음부터 잘하지는 못하지만 조금씩 나아가다보면 언젠가 정말 공존하는 날도 오지 않을까 서울 강서구 화곡로 길 그림책카페 스콘맛집 커피리브레 리브레원두 리브레노서프라이즈적당히불편하게 플라스틱문제 환경오염 미세먼지 비윤리적인동물소비 공존 제로웨이스트 비건 환경론자 그림책카페 스콘맛집 커피리브레 리브레원두 리브레노서프라이즈
305,풀무원 비건요거트 비건 시작하고 가장 아쉬웠던 것 중 하나는 우유를 대체할 유제품 종류를 쉽게 만나기 어렵다는 것 하지만 이젠 마트에서 아주 쉽게 만날 수 있다구요 식물성액티비아 위에 여러가지 토핑을 올려 먹으면 카페에서 먹는 느낌 일반 액티비아는 논비건입니다 군포에서채식하기 군포채식 채식주의자 비건 군포비건 산본비건 탄소발자국 탄소발자국줄이기 환경오염 기후위기 환경보호 지구온도 탄소배출 지구온난화 기후미식 식물성 비건간식 마트비건 이마트에브리데이 비건장보기 우유알러지 유당불내증 복숭아요거트 에코라이프 동물권 우유대체품풀무원 비건요거트 식물성액티비아 군포에서채식하기 군포채식 채식주의자 비건 군포비건 산본비건 탄소발자국 탄소발자국줄이기 환경오염 기후위기 환경보호 지구온도 탄소배출 지구온난화 기후미식 식물성 비건간식 마트비건 이마트에브리데이 비건장보기 우유알러지 유당불내증 복숭아요거트 에코라이프 동물권 우유대체품
306,평소 맛있게 주문해먹던 널담 비건마카롱을 동네에서 사먹을 수 있게 되었어요 이런 날이 오다니 당동쌍용아파트 비건마카롱 먹으러 가요 비건에 대한 편견 깨드립니다 군포에서채식하기 군포채식 채식주의자 비건 군포비건 산본비건 탄소발자국 탄소발자국줄이기 환경오염 기후위기 환경보호 지구온도 탄소배출 지구온난화 기후미식 당동카페 카페추천 비건옵션 비건디저트 비건간식 우유없는빵 우유알러지 유당불내증 당동카페추천 당동비건 당동비건옵션 홈카페널담 당동쌍용아파트 비건마카롱 군포에서채식하기 군포채식 채식주의자 비건 군포비건 산본비건 탄소발자국 탄소발자국줄이기 환경오염 기후위기 환경보호 지구온도 탄소배출 지구온난화 기후미식 당동카페 카페추천 비건옵션 비건디저트 비건간식 우유없는빵 우유알러지 유당불내증 당동카페추천 당동비건 당동비건옵션 홈카페
307,편의점과 마트에서 쉽게 만날 수 있는 비건안주 특히 비건육포 쟁여두게 될 것입니다 더운 여름 밤엔 비건안주 뜯으면서 넷플릭스 환경다큐 씨스리파시 시청을 웬만한 여름 납량특집보다 무섭고 싸늘한 현실을 볼 수 있어요 편의점 에서 만나요 군포에서채식하기 군포채식 채식주의자 비건 군포비건 산본비건 탄소발자국 탄소발자국줄이기 환경오염 기후위기 환경보호 지구온도 탄소배출 지구온난화 기후미식 편의점비건 혼술 안주추천 편의점안주 혼맥 혼술안주 혼술안주추천 집맥 집맥스타그램 일상비건안주 넷플릭스 환경다큐 씨스리파시 편의점 군포에서채식하기 군포채식 채식주의자 비건 군포비건 산본비건 탄소발자국 탄소발자국줄이기 환경오염 기후위기 환경보호 지구온도 탄소배출 지구온난화 기후미식 편의점비건 혼술 안주추천 편의점안주 혼맥 혼술안주 혼술안주추천 집맥 집맥스타그램 일상
308,한살림 비건빵감자바게트 그냥 먹어도 맛있지만 뭔가 심심하다면 비건크림치즈 바질크림치즈 블루베리크림치즈 등다양한 종류의 비건 크림치즈를 만날 수 있어요 군포에서채식하기 군포채식 채식주의자 비건 군포비건 산본비건 탄소발자국 탄소발자국줄이기 환경오염 기후위기 환경보호 지구온도 탄소배출 지구온난화 기후미식 한살림비건빵 비건바게트 비건빵 한살림추천 우유없는빵 우유알러지 유당불내증한살림 비건빵감자바게트 비건크림치즈 바질크림치즈 블루베리크림치즈 군포에서채식하기 군포채식 채식주의자 비건 군포비건 산본비건 탄소발자국 탄소발자국줄이기 환경오염 기후위기 환경보호 지구온도 탄소배출 지구온난화 기후미식 한살림비건빵 비건바게트 비건빵 한살림추천 우유없는빵 우유알러지 유당불내증
309,쫀득한 초코 사이로 새콤달콤한 딸기잼이 초코딸기 조합은 언제나 옳아요 모든 디저트가 비건인 산본중심상가 메종드뽀 원데이 클래스도 함께 진행하고 있답니다 디저트 예약 및 클래스 문의는 군포에서채식하기 군포채식 채식주의자 비건 군포비건 산본비건 탄소발자국 탄소발자국줄이기 환경오염 기후위기 환경보호 지구온도 탄소배출 지구온난화 기후미식 비건디저트 비건간식 비건케이크 초코케이크 산본디저트추천 산본케이크맛집 디저트클래스 우유없는빵 우유알러지 유당불내증메종드뽀 군포에서채식하기 군포채식 채식주의자 비건 군포비건 산본비건 탄소발자국 탄소발자국줄이기 환경오염 기후위기 환경보호 지구온도 탄소배출 지구온난화 기후미식 비건디저트 비건간식 비건케이크 초코케이크 산본디저트추천 산본케이크맛집 디저트클래스 우유없는빵 우유알러지 유당불내증
310,한살림 옥수수플레이크 일반 시리얼에 비해 단짠 맛은 약하지만 옥수수의 고소한 맛이 쏴아 느껴지는 한살림 시리얼 편의점에서 파는 비건 두유랑 함께 조금 심심하다면 한살림 말린 과일이나 견과류도 조금 더해주고요 저는 반건조 무화과를 넣었습니다 군포에서채식하기 군포채식 채식주의자 비건 군포비건 산본비건 탄소발자국 탄소발자국줄이기 환경오염 기후위기 환경보호 지구온도 탄소배출 지구온난화 기후미식 한살림비건 비건시리얼 비건두유 시리얼추천 비건간식 우유알러지 유당불내증 매일두유 비건두유한살림 옥수수플레이크 군포에서채식하기 군포채식 채식주의자 비건 군포비건 산본비건 탄소발자국 탄소발자국줄이기 환경오염 기후위기 환경보호 지구온도 탄소배출 지구온난화 기후미식 한살림비건 비건시리얼 비건두유 시리얼추천 비건간식 우유알러지 유당불내증 매일두유 비건두유
311,한살림 현미쌀주물럭 분 동안 팬에 볶으면 완성되는 주물럭 쌀로 만들어서 질기지도 않아요적당하게 매콤해서 매운 걸 못 먹는 저도 맛있게 먹었답니다 콩이나 쌀로 만든 대체육의 가장 큰 장점 중 하나는이가 약한 부모님이 편하게 드실 수 있다는 것 사실 비건을 처음 시작할 때만해도대체육을 매일 먹어야할 것 같다고 생각할 정도로예전의 전 가공육을 정말 좋아했는데요 막상 비건식을 시작하고 나면 채소의 다양한 매력을 알게 돼서생각보다 대체육은 자주 먹게 되진 않더라고요 그렇지만 대체육이 있다는 것만으로 채식을 시도하기가 더 쉬워지는 건 사실이에요 그래서 대체육 시장이 더 다양해지는 건 좋은 현상 같아요 군포에서채식하기 군포채식 채식주의자 비건 군포비건 산본비건 탄소발자국 탄소발자국줄이기 환경오염 기후위기 환경보호 지구온도 탄소배출 지구온난화 기후미식 현미 대체육 한살림비건 주물럭 한살림추천 채식식단 채식메뉴 비건식단 분요리 집밥메뉴한살림 현미쌀주물럭 분 군포에서채식하기 군포채식 채식주의자 비건 군포비건 산본비건 탄소발자국 탄소발자국줄이기 환경오염 기후위기 환경보호 지구온도 탄소배출 지구온난화 기후미식 현미 대체육 한살림비건 주물럭 한살림추천 채식식단 채식메뉴 비건식단 분요리 집밥메뉴
312,야생의 반달가슴곰이 나타났다 애니모어 번째 동물카드 반달가슴곰 멸종위기 야생생물 급 지정 적색목록 취약 천연기념물 제 호자세한 내용은 카드뉴스를 확인해주세요 다른 멸종위기동물 소식도 궁금하시다면애니모어 인스타 팔로우 꾹 누르기 모든 문의는 남겨주세요
313,야생의 솔개가 나타났다 애니모어 번째 동물카드 솔개 멸종위기 야생생물 급 지정 적색목록 관심대상자세한 내용은 카드뉴스를 확인해주세요 다른 멸종위기동물 소식도 궁금하시다면애니모어 인스타 팔로우 꾹 누르기 모든 문의는 남겨주세요
314,기후비상사태입니다 육식을 극적으로 줄이지 않으면 우리나라 물에 잠기고 도 폭염에 코로나보다 더 무서운 재앙이 닥치게 될거예요 최근 발표된 기후변화보고서에 따르면 년 안에 지구 온도가 도 상승할 것이며 그에 따른 이상기후는 재앙 수준입니다 갈수록 잦아지는 이상기후에 많은 사람들이 피해를 입고 불평을 하지만 중요한 것은 원인을 해결하는 것입니다 기후위기를 극복할 수 있는 여러가지 방법 중 일상생활에서 개인이 할 수 있는 효과적인 것은 바로 육식줄이기 채식늘리기 입니다 오늘 하루 식단만 바꿔도 온실가스 감축에 기여할 수 있습니다 채식영양과 건강에 대해 궁금하시다면 베지닥터 예전 카드뉴스를 봐주세요 채식 온실가스 저탄소식 자연식물식 채식위주 기후위기 환경오염 지구 인간멸종 멸종저항 폭염 홍수 이상기후 가뭄 태풍 기후위기보고서 육식 설렁탕 한우 고기 치즈 유제품 식물성음식 비건 베지테리언 현미식물식육식줄이기 채식늘리기 베지닥터 채식 온실가스 저탄소식 자연식물식 채식위주 기후위기 환경오염 지구 인간멸종 멸종저항 폭염 홍수 이상기후 가뭄 태풍 기후위기보고서 육식 설렁탕 한우 고기 치즈 유제품 식물성음식 비건 베지테리언 현미식물식
315,월 일 월요일 제주 한림항 현재 상황쓰레기 더미 속에 물살이와 동물 사체도 보입니다 플로빙 인원 모으는 중이니 시간되시면 잠시라도 도와주세요 위치 정보 플로빙 비치클린 봉그깅 플로깅 쓰레기 플라스틱 플라스틱프리 제로웨이스트 쓰줍 환경오염 환경보호 바다 제주바다 제주플로빙 비치클린 봉그깅 플로깅 쓰레기 플라스틱 플라스틱프리 제로웨이스트 쓰줍 환경오염 환경보호 바다 제주바다 제주
316,용기내 용기 애착용기 글라스락 용기내저는 요즘 지구를 살리는 착한용기 애착용기글라스락 을 사용하며깨끗한 지구로 역주행하는데 동참하고 있는데요 여러분 모두 용기내고 있나요 아직 용기내지 못했다면애착용기 글라스락과 함께 애착용기챌린지 를 참여하는 모습을 보고함께 용기내보면 어떨까요 여러분의 용기를 응원하기 위해 준비한 리그램 이벤트 아래 댓글이벤트 확인해주세요애착용기 글라스락 용기내저는 애착용기글라스락 애착용기챌린지 댓글이벤트
317,쓰레기로 가득한 바다ㅜㅜ다큐 시청 내내 가슴이 아팠다 환경스페셜 아들과함께 시청함 환경문제 심각 환경오염 진짜심각 쓰레기대란환경스페셜 아들과함께 시청함 환경문제 심각 환경오염 진짜심각 쓰레기대란
318,안녕하세요 입니다어게인 활동으로 찾아왔습니다 여러분 매년 월 일이 무슨 날인지 알고계신가요 바로 우리나라에서 년 세계 최초로 제정한 바다식목일 입니다 바다식목일은 바다 사막화로 황폐화된 바다를 살리기 위해 바다숲을 조성하는 날입니다 오늘은 바다숲과 바다사막화에 대해 소개해드리고자 합니다 바다숲이란 바다숲은 바다 밑의 큰 해조류나 해초류가 무리지어 살고 있는 해역을 의미합니다 바다숲은 이산화탄소 흡수 온실가스 저감 수산생물 서식처 제공 오염물질 정화 유용 기능성 물질 공급 등의 기능을 하고 있습니다 바다 사막화란 바다사막화는 갯녹음 또는 백화현상이라고도 불리며 바닷물에 녹아있던 석회가루가 바다 속 바위 혹은 생물들에게 달라붙어 하얗게 보이는 현상을 말합니다 바다 사막화는 각종 해조류의 감소와 바다 황폐화 및 바다 생태계 파괴의 대표적인 원인입니다 바다 사막화의 대표적인 장소로는 우리나라의 독도 호주의 그레이트 베리어 리프가 존재합니다 바다 사막화의 발생원인은 무엇인가 무분별한 연안 개발연안 개발을 위해 사용하는 콘크리트 원료의 정도가 석회석으로 이루어져 있다고 합니다 무분별한 연안 개발로 콘크리트가 바다에 흘러 들어가 바다의 탄산칼슘이 증가하여 바다 사막화가 나타납니다 조식동물 증가조식동물은 성게 고둥 등 해조류를 먹으며 살아가는 생물을 의미합니다 조식동물의 증가로 인한 바다 사막화는 단계에 걸쳐 일어납니다 단계 조식동물의 먹이활동 단계 갯녹음 진행 단계 갯녹음 심화 단계 바다사막화 지구온난화로 인한 해수 온도 상승지구온난화로 수온이 올라가면 산호말과 같은 조류가 퍼지면서 바다 밑바닥이 하얗게 변하게 됩니다 높은 수온에서 잘 자라는 산호말은 석회질의 탄산칼슘을 가지고 있는 홍조류로서 죽으면 석회 성분이 탄산칼슘에 의해 하얗게 보이게 됩니다 이렇게 해수 온도의 상승으로 산호말 번식이 증가하면 미역이나 다시마같은 엽상해조류가 달라붙을 곳을 확보하지 못해 바다가 황폐해지는 바다 사막화가 나타납니다 해양오염 환경오염 바다로 버려지는 폐수 쓰레기로 인해 정착성 생물의 생태계가 파괴되면서 바다사막화가 나타납니다 바다 사막화의 발생 원인은 하나로 특정해서 보기 어렵다고 합니다 무분별한 연안개발은 해양 쓰레기 문제로 이어졌으며 해양 쓰레기 문제는 해양오염과 지구온난화를 심화하는데 일조하였습니다 지구온난화로 인한 조식동물의 증가는 바다사막화를 심화하는데 큰 역할을 하고 있습니다 그렇다면 바다 사막화를 막기 위해 우리가 할 수 있는 일은 무엇이 있을까요 바다 사막화를 막기 위한 노력 바다 사막화를 막기 위해 실천할 수 있는 노력은 발생 원인을 고려한다면 쉽게 떠오를 것 같습니다 조식동물의 증가로 인한 바다 사막화를 막기 위해 갯녹음 현상이 발생한 연안 해역에 해조류 이식 및 포자 방출을 유도해 바다숲을 조성하거나 해조류가 부착할 수 있도록 갯녹음 현상이 진행된 바위에 붙어 있는 탄산칼슘을 닦아내는 작업이 진행할 수 있습니다 그 외에도 우리가 생활 속에서 간단하게 실천할 수 있는 노력도 존재합니다 바다 사막화의 발생 원인 중 하나인 지구온난화를 막기 위하여 온실가스 배출을 줄일 수 있도록 저탄소 생활을 실천하는 것입니다 그 예로 에너지 절약하기 일회용품 줄이기 대중교통 이용하기 올바른 분리배출 실천하기 등이 있습니다 우리 생활 속의 작은 관심과 실천이 모이면 풍성한 바다숲이 다시 살아날 수 있습니다 우리의 작은 실천이 모이면 바다 사막화 방지에 큰 도움이 된다는 사실을 잊지 않고 앞으로 함께 실천해주시길 부탁드립니다 우바세챌린지 바다사막화 갯녹음 바다숲 바다식목일 백화현상 환경오염 어게인 출처우바세챌린지 바다사막화 갯녹음 바다숲 바다식목일 백화현상 환경오염 어게인
319,안녕하세요 오늘은 제가 여러분들께 말씀을 하나 해 드릴려고 이렇게 글을 남깁니다 여러분들은 코로나 전에 제주도를 가보신적이 있으신가요 비행기타고 설레는 마음으로 바다를 보고 가족들과 또는 친구들과 함께 재미있는 날을 보내셨을수도 있으실텐데요 제가 지금 쓰는 글은 제주도에 관해서 쓰는 글입니다 한번 자세히 읽어주세요우선 제주도는 관광객이 많이 오는 지역입니다 그러니 길가에 쓰레기가 많을수밖에 없을텐데요 그리고 또 해수욕장 등 바다에 놀러가 쓰레기를 버리는 행동을 하는 사람도 있을만큼 제주도엔 쓰레기로 인한 해양쓰레기가 증가하고 있습니다 그러한 이유때문에 혹시 제주도에 놀러온 사람들이 제주도의 환경을 보고 눈쌀을 찌푸릴 수있을텐데요 이러한 일을 방지하기 위해 제주도에 사는 주민들이나 놀러 온 관광객들은 쓰레기가 보인다면 한번씩 주워 주시길 바랍니다 혹시 제주도에 못 가지만 도와주고 싶은 분들은 쓰레기를 바다 땅 등 버리는 행동을 안해주셔도 도움이 될것입니다 그럼 아름다운 대한민국을 만들기 위해 모두 노력해보아요 제주도 제주도의환경 제주도환경오염 환경오염 해양쓰레기 줄이자제주도 제주도의환경 제주도환경오염 환경오염 해양쓰레기 줄이자
320,텀블러 사용은 필수
321,옷쇼핑에 한해서는 과소비요정이었기때문에 최근 쇼핑 자중하고 있습니다 그래도 가끔 올리도록할게요 전 옷도 사랑하니까 그림일기 프리랜서 일러스트 오늘 일상툰 인스타툰 환경오염그림일기 프리랜서 일러스트 오늘 일상툰 인스타툰 환경오염
322,블랙야크 대명산 광덕산 혼자서 사부작 내려오다 환경오염 시키기ㅎㅎ 산책코스로 너무 좋았음 다가가면 뒤돌아 뛰어가고 쳐다보면 하늘만 바라보고 내맘을 모르는지 알면서 그러는지블랙야크 대명산 광덕산 혼자서 환경오염 산책코스로 다가가면 쳐다보면 내맘을
323,도가 넘는 고열에도 타지 않고자연분해 되는데 무려 년ㅠㅠ이 걸리는쌓여만가던 젤 아이스팩 이제 고민하지 마세요 읍면동 주민센터에 분리수거함이나 관내 개 아파트 내에 비치될 분리수거 상자에 넣기만 하면 끝 자세한 내용은 이미지를 참고 아이스팩 재사용 분리수거 환경오염 여수이야기 섬섬여수 여수시 서포터즈아이스팩 분리수거 환경오염 여수이야기 섬섬여수 여수시
324,바다 바라 바래 보다 프로젝트리서치트립 기록 화 번째 일정은 드디어 바다 우리는 바령에서 출발해 바다로 이동했다 바다 옆으로 넓게 펼쳐진 화산석들 사이 크고 작게 자리하고 있는 웅덩이들 마치 바다 생태의 축소판일 듯한 이 많은 곳에 당도했다 관광객들에게 많이 알려진 곳이 아니라 사람이 그리 많지 않았다 정보제공 제주도민 피네언니 나는 신이 나서 제일 먼저 달려가 돗자리를 펴고 가방을 던져놓고 물에 들어갈 준비를 했다 바다에 들어가기 전 선크림은 아침에 얼굴 팔에만 바른 것 외에 추가로는 바르지 않았다 유기자차 선크림은 산호를 죽게하는 성분이 들었다 선크림이 필요하다면 무기자차 선크림을 기택님은 아예 안 바르셨다고 했다 리스펙 물에는 은샘 나 시호 임기택과 지구용 이렇게 넷이 들어갔고 피네 은주 다원은 물 밖의 장소와 장면들과 어우러졌다 다이버 시호는 수중카메라를 콜렉터 다원은 녹음장비를 가지고 여기저기에서 장면을 소리를 담았다 기택과 지구용 은주는 제주의 자연에 녹아들며 움직임을 그려냈다 우리는 함께 또 따로 보고 듣고 움직이며 각자가 감각한 제주바다를 기록했다 수영했던게 언제인지 기억도 잘 나지 않는 나는 화산석 틈 커다란 웅덩이 중 발이 닿지 않는 깊고 푸 른 곳을 보고는 덜컥 겁이 나 긴장했지만 발 닿는 곳들을 조심조심 헤엄쳐 물속을 살피다 보니 어느새 깊은 곳도 자유롭게 지나다닐 수 있게 되었다 물속에서는 게 소라게 거북손 보말 등 여러 조개 소라류 친구들도 있었다 돌 표면에서 움직이는 작지않고 검은 친구도 열대어 처럼생긴 노랑검정 줄무늬가 있는 친구들이 둘셋씩 함께 지나다니기도 하고 여럿이 함께 다니는 작은 은빛 친구들도 만났다 그리고 해변에서 가장 먼 곳의 돌틈에선 성게들도 만날 수 있었다 년 년전의 바다속 모습은 또 달랐을테지만 이 날 우리가 만난 바다는 생각보다 깨끗했고 아름다웠다 비록 돌틈 조금씩 누군가 인간이 남기고 간 흔적들이 발견되기도 했지만 우리는 바다와 함께 시간을 만끽한 뒤 아무런 흔적도 남기지 않고 다음 일정을 위해 이동했다 얘들아 모두 건강하게 힘내줘 우리가 조금만 더 부지런히 노력할게 일정 중 들은 얘기인데 자연산 전복이 이제는 사라져서 인위적으로 전복씨를 뿌려야만 한다고 했다 그나마 우리가 양식 등 일상에서 접하고 있는 물살이들은 멸종하지 않을 수 있는데 우리의 관심이 닿지 않은 어떤 종의 생명체들은 기후변화로 스르르 사라져도 알지 못하겠구나 하였다 본 프로젝트는 계정의 프로필링크 카카오 같이가치 를 통해 응원과 후원하실 수 있답니다 응원 댓글 공유를 눌러주시면 여러분의 마음이 기부됩니다 많관부 지구숨숨 카카오같이가치 아름다운재단 제주도 바다바라바래보다 에코필름 너와나의바다 환경오염 해양오염 기후위기 환경프로젝트 환경영상 제주바다 아름다운제주를지켜주세요지구숨숨 카카오같이가치 아름다운재단 제주도 바다바라바래보다 에코필름 너와나의바다 환경오염 해양오염 기후위기 환경프로젝트 환경영상 제주바다 아름다운제주를지켜주세요
325,와 함께하는 에코 라이프 오늘은 냄비뚜껑을 닫고 요리해요 냄비뚜껑을 닫지 않고 요리를 하게 된다면 에너지를 더 많이 소모하게 된다고 합니다 냄비 대신 압력솥이나 찜통을 사용해도 된다고 합니다 우리 오늘 맛난 점심밥 할 때는 냄비뚜껑 닫고 요리해보는게 어때요 냄비뚜껑 닫고 요리 식사 음식 에너지 소모 환경 지구 자연 환경오염 지구온난화 기후변화 지구지킴이 압력솥 찜통냄비뚜껑 닫고 요리 식사 음식 에너지 소모 환경 지구 자연 환경오염 지구온난화 기후변화 지구지킴이 압력솥 찜통
326,탈모 고민되십니까 대도 되기전에 찾아오는불청객 스트레스 환경오염 인스턴터식품 잘못된 식습관등등 효능 효과꼼꼼하게 체크하시고 제품 선택하세요 고민하지 마시고도전하세요 옮바른 선택이당신의 젊음을 지켜줄것입니다 유니시티코리아 탈모관리 탈모샴푸 천연계면활성제 천연성분 경피독위험성 메디컬푸드 탈모고민없는 행복한일상스트레스 환경오염 인스턴터식품 잘못된 유니시티코리아 탈모관리 탈모샴푸 천연계면활성제 천연성분 경피독위험성 메디컬푸드 행복한일상
327,이제 여수에서도 아이스팩 재활용이 가능하다 도가 넘는 고열에도 타지 않고자연분해 되는데 무려 년 이 걸리는쌓여만가던 젤 아이스팩 이제 고민하지 마세요 읍면동 주민센터에 분리수거함이나 관내 개 아파트 내에 비치될 분리수거 상자에 넣기만 하면 끝 자세한 내용은 이미지를 참고 분리수거함 제작일정에 따라 설치일정이 조금변경될수 있습니다 아이스팩 재사용 분리수거 환경오염 여수이야기 섬섬여수아이스팩 분리수거 환경오염 여수이야기 섬섬여수
328,방금 제주 사회적 거리두기가 일 단계로 격상된다는 소식에 따라 다함께 소규모 봉그깅을 전면 중단합니다 야외에서 방역지침에 따라 이뤄지는 자원봉사지만 전례없는 상황에 만남 자체를 차단하는것이 더욱 중요하다 판단하였습니다 해양쓰레기 수거도 중요하지만 모두의 건강이 더더욱 중요하니까요 봉그깅 대신 집에서부터 쓰레기를 줄이는 활동을 해보는 건 어떨까요 우리 건강하게 지내다가 다시 만나요
329,친환경포장 오늘은 건강과 맛까지 챙길 수 있는 비건레시피 여러분께 누구나 쉽게 도전해볼 수 있는 비건 레시피를 알려드리려고 해요 그린패키지솔루션 식스아웃 친환경 자연분해 플라스틱 환경 환경보존 필환경 좋반 지구지키기 용기내캠페인 환경지키기 환경오염 텀블러들고다니기 필환경 서포터즈 그린서포터즈 서포터즈추천 대외활동 좋반 자연분해패키지 자연분해 생분해 플라스틱대체 식스아웃 플라스틱 사라져야살아난다그린패키지솔루션 식스아웃 친환경 자연분해 플라스틱 환경 환경보존 필환경 좋반 지구지키기 용기내캠페인 환경지키기 환경오염 텀블러들고다니기 필환경 서포터즈 그린서포터즈 서포터즈추천 대외활동 좋반 자연분해패키지 자연분해 생분해 플라스틱대체 식스아웃 플라스틱 사라져야살아난다
330,안녕하세요 그린서포터즈 기 권민서입니다 오늘은 비건음식을 직접 만들어 먹어볼 수 있도록 비건 레시피 를 준비했어요 비건이라고 하면 다들 채소와 과일이 떠오르시죠 조금은 색다른 비건빵 함께 만들어봐요 비건음식 만들기도 참 간단하답니다 비건식으로 함께 환경을 보호해요 그린패키지솔루션 식스아웃 친환경 자연분해 플라스틱 환경 환경보존 친환경포장 그린서포터즈 기 그린서포터즈 환경지킴이 환경오염 대외활동 대외활동맞팔 환경을위한기업 친환경기업 대체 플라스틱제로 화장품용기 비닐포장 식스아웃 쓰레기봉투 종량제봉투 저탄소식사 저탄소식단 온실가스그린패키지솔루션 식스아웃 친환경 자연분해 플라스틱 환경 환경보존 친환경포장 그린서포터즈 기 그린서포터즈 환경지킴이 환경오염 대외활동 대외활동맞팔 환경을위한기업 친환경기업 대체 플라스틱제로 화장품용기 비닐포장 식스아웃 쓰레기봉투 종량제봉투 저탄소식사 저탄소식단 온실가스
331,최근 발표된 기후변화보고서에 따르면 년 안에 지구 온도가 도 상승할 것이며 그에 따른 이상기후는 재앙 수준입니다 갈수록 잦아지는 이상기후에 많은 사람들이 피해를 입고 불평을 하지만 중요한 것은 원인을 해결하는 것입니다 기후위기를르 극복할 수 있는 여러가지 방법 중 일상생활에서 개인이 할 수 있는 효과적인 것은 바로 육식줄이기 채식늘리기 입니다 오늘 하루 식단만 바꿔도 온실가스 감축에 기여할 수 있습니다 채식영양과 건강에 대해 궁금하시다면 베지닥터 예전 카드뉴스를 봐주세요 채식 온실가스 저탄소식 자연식물식 채식위주 기후위기 환경오염 지구 인간멸종 멸종저항 폭염 홍수 이상기후 가뭄 태풍 기후위기보고서 육식 설렁탕 한우 고기 치즈 유제품 식물성음식 비건 베지테리언 현미식물식육식줄이기 채식늘리기 베지닥터 채식 온실가스 저탄소식 자연식물식 채식위주 기후위기 환경오염 지구 인간멸종 멸종저항 폭염 홍수 이상기후 가뭄 태풍 기후위기보고서 육식 설렁탕 한우 고기 치즈 유제품 식물성음식 비건 베지테리언 현미식물식
332,시크릿명상반에서 매달 후원하고 있는 지구를 사랑하는 청년단체 미래경영 청년 네트워크를 소개합니다 리그램 쓰레기산 온라인 화상 시위 안내 일시 금 장소 온라인 화상 링크는 개인 문자로 전달 주관 청년지구경영연합 시위 내용 쓰레기 홍수를 막을 우산을 함께 펼쳐봐요 동행 쓰레기가 모여 대한민국을 뒤덮었다 퍼포먼스 쓰레기산 청년 분 발언대신청링크 프로필 하단 링크를 확인하세요 전국에 개가 넘는 쓰레기산이 쓰레기산 산처럼 쓰레기가 쌓여있어 쓰레기산이라 부릅니다 개인의 욕심을 위해 업체로부터 돈을 받고 쓰레기를 모아두었고 방치된 쓰레기산은 지구의 토양 수질 대기오염의 큰 원인이 됩니다 개의 산 근처에 살고있는 서민들에게 지독한 악취와 엉망이된 환경으로 일상을 망가트리고 있습니다 국민의 혈세 억원으로 이제껏 치워진 쓰레기산 미청넷은 이런 현실을 변화시키기 위해청년지구경영연합의 이름으로 쓰레기산 피켓을 들기로 했습니다 쓰레기산을 알리고 더이상 개인의 욕심으로 지구의 환경을 위협하는 일을 멈추는 일에 함께 해주세요 쓰레기산 쓰레기산 쓰레기 환경오염 환경운동 미청넷 지지배 청바지 청년지구경영연합리그램 쓰레기산 쓰레기산 쓰레기 환경오염 환경운동 미청넷 지지배 청바지 청년지구경영연합
333,전면취소 다함께 소규모 봉그깅 신청 오픈 다함께 소규모 봉그깅 신청이 오픈되었어요 확인은 프로필 링크트리에서 가능해요 다음주 한주만 진행한 후 새로운 다함께 소규모 봉그깅으로 찾아 올 예정이니 기대해주세요 신청시 날짜와 시간 그리고 장소 확인 후 신청 부탁드려요 우천시에는 취소될 수 있습니다
334,제주 환경 오염의 심각성 과학숙제 제주 제주도 환경오염 환경보존과학숙제 제주 제주도 환경오염 환경보존
335,도가 넘는 고열에도 타지 않고자연분해 되는데 무려 년 이 걸리는쌓여만가던 젤 아이스팩 이제 고민하지 마세요 읍면동 주민센터에 분리수거함이나 관내 개 아파트 내에 비치될 분리수거 상자에 넣기만 하면 끝 자세한 내용은 이미지를 참고 아이스팩 재사용 분리수거 환경오염 여수이야기 섬섬여수 여수시 서포터즈아이스팩 분리수거 환경오염 여수이야기 섬섬여수 여수시
336,바다 바라 바래 보다 프로젝트리서치트립 기록 화 우리의 첫번째 일정은 지구별숨숨마을 주민이기도 한 귤의정원바령 이다 선흘의 산아래턱 즈음 위치한 무농약유기농 귤 정원 바령 은 제주 말인데 소와 말을 이용해 땅을 비옥하게 만드는 방법을 뜻하는 단어로 제주의 자연 유기농법이라고 할 수 있다 무농약과 유기농은 같지 않은데 무농약은 말 그대로 농약이고 유기농은 화학비료라고 할 수 있다 자연의 섭리를 잘 관찰하여 적용하면 인공 화학의 무언가를 쓰지 않고도 맛있는 귤을 먹으며 우리 몸과 지구 땅과 물 을 건강하게 할 수 있다 그래서 바령의 귤은 껍질째로 먹을 수 있고 요즘 시기에는 청귤을 수확하면 청귤청을 담궈 새콤달콤한 차를 마실 수 있다 농장지기들 두 분의 이야기를 듣고 넓은 귤정원 을 산책하며 귤나무와 어울려 자라는 다양한 식물들을 곤충들을 만날 수 있었다 아주 건강하고 행복한 모두들 바령은 예초 잡초제거 를 할때도 그 풀에 터 잡은 곤충들을 위해 듬성듬성하게 풀들을 제거하고 베어낸 풀 사이에 있던 곤충들이 근처의 베지 않은 풀 틈으로 이동할 수 있도록 베어낸 풀들은 그 자리에 눞혀 깔아 흙이 되게 한다 눕혀진 풀들이 시간과 자연의 힘으로 비료가 된다 바령 정원의 길은 정말로 푹신푹신하고 초록초록했다 농약 대신으로는 제주의 바닷물을 사용한다고 하셨다 나무가 염해를 입지 않도록 희석한 바닷물을 나무에 골고루 뿌려주는 것으로 해충을 방제하고 계셨다 청정 제주 바다가 깨끗하게 유지되어야 우리는 더 맛있고 건강한 귤을 오래오래 먹을 수 있다 민들레샘 바령지기님 이 직접 뜨신 귤 모자를 쓰고 귤정원에서 찰칵찰칵 비닐로 업싸이클링하여 만드신 예쁜 바구니 가방들도 있었다 우리는 청귤따기체험 대신 농장을 찾을 분들이 곧 만날 수 있을 스머지스틱만들기 를 미리 체험해볼 수 있었다 귤정원을 산책하며 바구니에 쑥과 로즈마리를 잘라 담았다 그리곤 처음에 바령의 이야기를 들었던 곳에 다시 모여 바령의 봄쑥으로 만든 쑥떡을 바령의 귤꽃으로 양봉한 귤꽃꿀 에 찍어 먹었다 그리고 귤꽃꿀차 와 함께 차와 떡을 먹으며 나뭇가지에 감겨있는 실로 잘라 온 쑥과 로즈마리를 차근히 둘러 묶어주었다 이제는 볕과 바람에 잘 마르기를 기다리면 된다 스머지스틱은 향과 연기로 공간과 에너지를 정화하는 도구 하늘도 눈 앞도 바닥도 푸르디 푸르고 귀도 코도 입까지 즐거운 바령 방문기 제주도 선흘감귤농장 감귤정원 친환경농법 무농약 유기농 친환경 귤농장 본 프로젝트는 계정의 프로필링크 카카오 같이가치 를 통해 응원과 후원하실 수 있답니다 응원 댓글 공유를눌러주시면 여러분의 마음이 기부됩니다 많관부 지구숨숨 카카오같이가치 아름다운재단 제주도 바다바라바래보다 에코필름 너와나의바다 환경오염 해양오염 기후위기 환경프로젝트 환경영상 제주바다 아름다운제주를지켜주세요지구별숨숨마을 귤의정원바령 무농약유기농 바령 귤정원 청귤따기체험 스머지스틱만들기 귤꽃꿀 귤꽃꿀차 제주도 선흘감귤농장 감귤정원 친환경농법 무농약 유기농 친환경 귤농장 지구숨숨 카카오같이가치 아름다운재단 제주도 바다바라바래보다 에코필름 너와나의바다 환경오염 해양오염 기후위기 환경프로젝트 환경영상 제주바다 아름다운제주를지켜주세요
337,로 알아보는 환경 오늘 강연은 중국의 환경학자 님의 입니다 기업이나 지역의 환경오염이나 탄소배출량 정도를 지도에서 알 수 있는 에 대해 함께 알아봐요 외교부 외교부서포터즈 테드강연 환경 녹색지구 환경오염 탄소중립 서포터즈외교부 외교부서포터즈 테드강연 환경 녹색지구 환경오염 탄소중립 서포터즈
338,와 함께하는 에코 라이프 오늘은 옷을 리폼해서 입어요 청바지를 한 벌 만들때 소모되는 물의 양은 라고 합니다 그리고 티셔츠 한 장을 만드는데에는 라고 합니다 이렇게 옷을 만들때 엄청난 물이 사용되고 있는데요 이에 따라서 발생하는 환경오염도 심각하다고 합니다 우리 오늘은 새 옷 사지말고 옷 리폼해서 입는거 어때요 옷 리폼 재사용 물 소모 낭비 지구 환경 자연 환경오염 지구온난화 기후변화 지구지킴이 아끼기 패스트패션 제로웨이스트옷 리폼 재사용 물 소모 낭비 지구 환경 자연 환경오염 지구온난화 기후변화 지구지킴이 아끼기 패스트패션 제로웨이스트
339,지구다챌린지 시즌 우리 집에서 가장 오래 된 물건은 우리 집에 어떤 오래 된 물건이 있을까 생각해보다가무려 년 정도나 된 놀잇감이 번뜩 생각났다 레고를 엄청 좋아한 나머지 어릴 때부터 한참 동안이나어린이날 선물 클쓰마스 선물 생일 선물 등등으로 무조건 레고만 받아왔던 것 같다 성인이 되고 친정에 묵혀 두고 있었다가이제는 우리 아이들이 갖고 노는 놀잇감이 되었다 이 양이 어마어마 이것보다 더 있었었었 아이들의 아이들의 또 그 아이들의 아이들이계속 갖고 놀아도 절대 썩어 없어지지 않을 플라스틱 레고 물건들을 새로 살 때 한번 더 고민해 보고 새 물건을 사는 것 대신 대체할 수 있는 방법을 고민해 보기 그리고 가지고 있는 물건을 오래 잘 아끼며 사용하기 제로웨이스트 플라스틱프리 레고 추억돋네 물건오래쓰기 지구다챌린지 기후위기 환경오염제로웨이스트 플라스틱프리 레고 추억돋네 물건오래쓰기 지구다챌린지 기후위기 환경오염
340,도의 멸종 마크 라이너스 우리에게 끝까지 읽지 못할거라고 하셨다 너무나 비참해서 한국에서 유명한 타일러라는 미국인이 환경 관련 연설 중 말한 문구이다 앞뒤 내용은 시카고 대학교 환경 관련 교수님께서 유수한 시카고 대학의 인재들에게 너희가 아무리 잘나도 이 책을 끝까지 읽어내지 못할 것이라고 했고 실제로 많은 학생들은 이 책의 결말 우리가 조만간 직면할 미래가 너무나 비참해서 이 책을 끝까지 읽지 못했다고 한다 이 책을 도전한다 도씨의 상승에 대해 언급한 장을 읽었고 느낀 점은 사실 이미 지구의 온도가 지난 년간 도 가까이 상승한 현 시점에서 읽어서인지 큰 재앙적 변화를 암시하는 내용들은 많지 않았다 오히려 현재 상황에 대한 자세하고 깔끔한 브리핑을 읽는 느낌이었다 하지만 다가올 도 상승 도 상승 더 나아가 도 상승 후에는 지구의 모습이 정말 참담할 수 있겠다라는 생각이 든다 이 책을 끝까지 읽을 수 있길 공부 공부자극 독서 환경 환경오염 지구온난화 현황체크 도의멸종 타일러 시카고대학교 필독서 공유 팔로우환영 다음기대공부 공부자극 독서 환경 환경오염 지구온난화 현황체크 도의멸종 타일러 시카고대학교 필독서 공유 팔로우환영 다음기대
341,얘네 이름 알려주세요 키우다 버린거 같아요 탐조 동네탐조 새사진 조류 하나뿐인지구 환경보호 환경오염탐조 동네탐조 새사진 조류 하나뿐인지구 환경보호 환경오염
342,비치클린 제주 협재 해수욕장 버디님을 기다리면서 잠시 찾은 협재는 맑은 날씨를 즐기기 위한 방문객들로 활기가 넘친다 그들의 즐거운 시간을 방해하기 싫어서 반대로 돌아 바다 가까이에 인적 드문 곳에 자리를 잡는다 평소처럼 바위 사이에 엉킨 그물만 뽑아내려고 했는데 이미 삭은 밧줄 위에 쓰레기가 퇴적되어 돌과 해초로 위장한 새로운 지층을 발견했다 밧줄을 뽑아낸 바위틈은 꽤 깊었고 그 속에는 짓무른 스티로폼이 한가득 기다린다 손이 닿지 않아 밧줄 자르던 가위로 파내다가 엄지 손톱만한 작은 친구가 스티로폼 무덤 속에 파묻혀 있는 것을 찾았다 스티로폼이 온몸에 붙어 있어 빈집이거나 혹은 최악의 경우를 생각하며 꺼냈는데 미세한 움직임이 보인다 아직 숨을 쉬고 있다 다급하게 여린 살에 붙어있는 스티로폼을 걷어냈지만 움직이는 대로 먹혀들어 가는 스티로폼 한 알 겨우 이 한 알이 지금 이 작은 친구에게는 너무나 치명적으로 보인다 다행히 몸에 붙은 쓰레기를 다 치워주고 바위에 올려 놓으니 작은 몸을 이끌고 아무렇지 않게 다시 걸어간다 오늘도 이렇게 두 눈에 두 손에 기억 속에 업을 담는다 아직까지 살아있을 의미를 찾는 나는 지금 어디쯤 왔을까 하늘에서 본 바다와 그 바다로 뻗어 나가는 물길은 하나의 거대한 뿌리였고 지구를 감싸며 모든 곳으로 자비롭게 흘러가는 모습은 마치 이 행성의 혈관처럼 보인다 이 땅에 뿌리내린 모든 것이 그 품 안에서 그저 살아간다 바다는 여전히 여기 있다비치클린
343,얘네 이름 아시는 분 있나요 사람이 가까이 가도 무서워 하지 않던데 키우다 버린건 아닌지 탐조 동네탐조 새사진 조류 하나뿐인지구 환경보호 환경오염탐조 동네탐조 새사진 조류 하나뿐인지구 환경보호 환경오염
344,환경관련 책을 미리 몇권 읽고 가서 그런지 스스로 도슨트도 틀어서 듣고 그래도 무거운 전시에 어느정도 관심을 가질 수 있었다 이건 재미있는 전시가 아니지만 우리가 꼭 알아야 할 내용이야 아마존 밀림은 남아메리카 대륙에 있는 거대한 숲이야 이산화탄소를 흡수하고 산소를 배출하면서 지구가숨쉬는 걸 돕는 숲 그런데 아마존에서는 무분별한 벌목이 계속되고 있어 당연히 산소배출량이 엄청 줄었고 숲이 없어지니까땅도 건조해져서 화재도 자주 일어나 아마존을 지키려고 숲의 일부를 사들여서 개발을막으려는 기업이나 사람들도 있지만 나무가 베어지고 숲이 불에 타 없어지는 속도에 비하면 그 힘이너무나 미약하기만 해 아마존 북쪽에 살고 있는 에콰도르의 청년 카를로스는친구들과 함께 아마존 밀림 속 야스니 국립공원에 갔어 야스니 국립공원은 세계에서 가장 다양하고 많은동식물이 살고 있어서 보호구역으로 지정된 곳이야 하지만 숲속으로 들어간 카를로스와 친구들은생각보다 많이 망가진 아마존을 보게 되었어 숲은 버려지고 물은 오염되어 있었지 사진작가인 카를로스와 친구들은 와오라니 마을에 가서할 수 있는걸 해보기로 했어 먼저 아이들과 함께 밀림 훼손으로 사라진 동식물들을조사하고 아직 남아있는 생명들을 찾아보려고숲 속으로 들어갔어 아이들에게 카메라 사용법을 알려주고 멸종위기에처해 있을지도 모르는 동식물들을 찾아다니며 함께사진을 찍었지 그렇게 찍은 사진들로 전 세계 친구들에게 아마존의상황을 알리고 있어 누군가 이 독특한 동물들의 위기에 공감해서 밀림을구하는 일에 함께 하게되기를 기대하면서 세라야 우리도 플라스틱은 되도록 쓰지말고 회용품최대한 쓰지말도록 하자 식목일에는 꼭 나무를 심으러 어디 뒷동산에라도 가보도록 하자 심각한 상황인 것을 알면서 아이에게 인식시켜주기가 사실쉽지가 않다 당장 다가오는 불편함이 없으니 더 그럴 것이다 앞으로 너희가 살아갈 미래에는 어떤 전염병과 지구재난이있을지 모르나 우리가 지금 할 수 있는 최소한의 노력으로너희 세대가 조금이라도 덜 힘들 수 있기를 간절히 바란다 용지를 아껴쓰라고 잔소리를 했더니 엄마는 화장솜 대신 손수건을 쓰라며 그 그럴까 학년 세 초등학생 여름방학 환경전시 환경오염 기후미술관 아이와갈만한곳 재난 환경 쓰레기 전시 전기에너지 재개발 인간의욕심 지구온난화 우리가먼저지키자 아름다운우리강산학년 세 초등학생 여름방학 환경전시 환경오염 기후미술관 아이와갈만한곳 재난 환경 쓰레기 전시 전기에너지 재개발 인간의욕심 지구온난화 우리가먼저지키자 아름다운우리강산
345,탄소방범대 열세번째 이야기 안녕하세요 탄소방범대입니다 오늘 소개해드릴 내용은 탄소중립 생활 실천 안내서 입니다 탄소중립 생활 실천 안내서 란 환경부에서 만든 안내서로 탄소중립 사회로의 전환을 위해 생활 속 온실가스 줄이기 에 대한 구체적인 실행정보를 담은 안내서입니다 국민들이 온실가스 저감 실천에 대한 필요성을 공감하고 쉽게 따라할 수 있도옥 구체적인 수칙을 제시하며 이행 방법을 제시해줍니다 위 사이트를 타고 들어가서 환경부 누리집 발행물 환경간행물 탄소중립 생활 실천 안내서 순서로 다운받아보실 수 있습니다 생활실천 안내서는 가정편 학교편 기업편 총 가지로 나뉘며 각 실천서마다 지향하는 목표가 다릅니다 에너지 소비 수송 자원순환 흡수원으로 이루어진 가지 분야에 대한 수칙 뿐만 아니라 인식과 행동 개선 및 적극적인 친환경 시설 개선을 통해 더 많은 온실가스를 저감할 수 있도록 시설개선 을 부록으로 추가하였다고 합니다 이번 월에는 가정에서도 쉽게 참여할 수 있는 가정편 을 읽어보고 저탄소 생활을 직접 실천해보는건 어떨까요 더 자세한 내용은 탄소방범대의 블로그 글을 참조해주세요 탄소중립 환경오염 기후변화 에너지 환경 환경부 환경부서포터즈 서포터즈 대외활동 탄소방범대 대학생탄소방범대 탄소중립 환경오염 기후변화 에너지 환경 환경부 환경부서포터즈 서포터즈 대외활동 탄소방범대 대학생
346,금요일에 만나요 왜이 유 일에 쓰레기산을 알리는 온라인 시위를 진행합니다 여러분들의 많은 동참 부탁드리겠습니다 일 오후 시 오후 시지지배 유튜브 생방송 참가신청은 으로 연락주세요 쓰레기산 쓰레기산 청년지구경영연합 미청넷 지지배 청바지 쓰레기 환경오염 기후위기 온라인시위 시위 청년시위쓰레기산 쓰레기산 청년지구경영연합 미청넷 지지배 청바지 쓰레기 환경오염 기후위기 온라인시위 시위 청년시위
347,나쁜 사람들 쓰레기 쓰레기줄이기 플라스틱줄이기 플라스틱제로 환경 환경오염 환경보호쓰레기 쓰레기줄이기 플라스틱줄이기 플라스틱제로 환경 환경오염 환경보호
348,초등여아의관심사 연예인 탑로더 탑로더꾸미기 다꾸 에 이어 폴꾸 에 이어 탑꾸우리때는 기냥 연얜사진갖고있기였는데 아닌가 이것 역시 환경오염인거 같은데 너희가살세상 지구야아프지마 집콕놀이 집에서놀때뭘하믄좋은지생각중 알아서물놀이하네 오예초등여아의관심사 연예인 탑로더 탑로더꾸미기 다꾸 폴꾸 탑꾸우리때는 연얜사진갖고있기였는데 환경오염인거 너희가살세상 지구야아프지마 집콕놀이 집에서놀때뭘하믄좋은지생각중 알아서물놀이하네 오예
349,커피 한 잔 먹고 나가는데 직원이 버릴 려고 내놓은 일회용품 쓰레기오늘 내가 쓴 일회용품 화장지 면봉 비닐팩 지퍼백 커피종이컵언행일치가 안되는 내가 공범자다 일회용품 환경오염 텀블러사용 커피컵일회용품 환경오염 텀블러사용 커피컵
350,최근 환경에 대한 다양한 활동을 하며 정말 감사하게도 주변 분들에게 선한 영향력을 뿌리며 긍정 에너지를 올리고 있습니다 그리고 자연스럽게 저의 브랜드에도 작지만 조금씩이나마 환경을 생각하는 방향으로 움직이고 있습니다 이런 영향력이 더욱 퍼지길 바라는 마음에 그린 챌린지에 동참합니다 요즘 거의 텀블러와 일심동체 많은 분들이 우리와 지구 모두를 지키기 위한 그린 에 참여해주시기를 바라며 텀블러 사용인증 하고 친구를 태그하면 끝 님께 다음 바톤을 전달드립니다 그린 은 우리 모두의 힘을 모아 탄소중립 실현에 한 발자국 더 다가기 위해 시작된 챌린지입니다 점점 더워지는 지구를 위한 행동실천에 많은 관심과 참여부탁드립니다 그린카드탄소중립 그린카드 탄소중립실천 탄소중립 친환경소비생활그린 에 그린 그린카드탄소중립 그린카드 탄소중립실천 탄소중립 친환경소비생활
351,지구숨숨의 꽃피우는 이 블루머 은샘이 이번 프로젝트에 아카이버로 참여하여 우리의 프로젝트를 기록합니다 바다 바라 바래 보다 프로젝트리서치트립 기록 월 저녁무렵 바다 바라 바래 보다 프로젝트 에 함께 할 멤버들이 따로 그러나 또 함께 제주땅을 밟았다 한 시간의 간격 안으로 하나 둘 공항에서 만났다 우리들 중 초면인 관계가 다수 프로젝트 기획자인 시호의 둘레로 제주에서 새로운 연들이 맺어진 순간이었다 우리는 앞으로 어떤 순간들을 만나 어떤 그림을 그려나가게 될지는 알지 못한다 하지만 같은 곳을 바라보고 걷기 시작하는 이 순간 투명하게 비어있는 듯한 공간에 색과 향이 희미하게 얹어지기 시작한 것은 분명 느낄 수 있었다 박 일간 머무르게 될 조천의 어느 조용한 곳에 위치한 숙소에 어둠과 함께 달려 도착하였다 우리는 정원의 넓은 테이블에 둘러 앉아 서로 알아가는 시간을 가졌다 아마도 그 아름다운 정원의 건강한 모기들이 매우 신이 났을 것이다 시호의 이야기를 시작으로 소개인듯 회의인듯 서로의 가치관과 생각들을 나누며 알록달록한 이야기 실이 끊임없이 이어졌다 각자의 분야에서 몸과 마음을 쓰며 활동하는 이들이 함께 모아낸 빛은 어떤 모양일까 환경에 관한 각자의 생각과 실천은 조금씩 다르지만 같은 곳을 바라보는 우리 명이 일간의 리서치트립에서 채워나갈 색과 향은 또 어떠할까 박 일간의 모든 일정에서 제주시의 코로나 방역지침을 준수하고 주의하며 진행하였습니다 제주의 귤의정원바령 비누공방 소낭 이 프로젝트에 협조 및 후원해주고 계십니다 감사합니다 프로젝트후원은 프로필링크에서 간단하게 하실 수 있어요 지구숨숨 카카오같이가치 아름다운재단 제주도 바다바라바래보다 에코필름 너와나의바다 환경오염 해양오염 기후위기 환경프로젝트 환경영상 제주바다 아름다운제주를지켜주세요지구숨숨 카카오같이가치 아름다운재단 제주도 바다바라바래보다 에코필름 너와나의바다 환경오염 해양오염 기후위기 환경프로젝트 환경영상 제주바다 아름다운제주를지켜주세요
352,탄소중립 실천캠페인 국립생태원환경살리기 가지 실천 중 시주니가 선택한 번 우리모두 환경을 살려보아요 국립생태원 탄소중립 탄소중립 탄소중립실천캠페인 충남 서천 환경오염 환경살리기 캠핑 카라반 교육 육아 환경사랑 가족캠핑 일상국립생태원 탄소중립 탄소중립 탄소중립실천캠페인 충남 서천 환경오염 환경살리기 캠핑 카라반 교육 육아 환경사랑 가족캠핑 일상
353,해양쓰레기 전시 알림 해양쓰레기 본부 내가 쓴 플라스틱 다 어디로 갔을까 픽스커피 화북공단점 층 갤러리 제주시 청풍남 길 끊임없는 순환의 고리는 우리 모두를 연결하고 있다 이 세상에 태어난 모든 것들이 그렇다 인간이 탄생시킨 플라스틱 또한 순환의 고리 속에서 이제 인간에게 위협을 가하고 있다 오늘날 플라스틱은 그것이 가지는 편리성 제작의 용이함 그리고 경제성까지 저렴해 우리 생활과 밀접한 관계를 맺었고 플라스틱 없이는 살 수 없는 세상이 되었다 폭포처럼 쏟아져 나온 이 편리함의 산물은 인간의 손아귀를 벗어나 지구 전역을 뒤덮었다 식수 해양생물을 넘어 농산물까지 파고든 작은 미세플라스틱은 저 멀리 빙하에서도 발견되었다 지구 역사상 전례가 없는 플라스틱 지층을 만들어가는 시대를 마주하게 되며 우리는 이 편리함을 다시 바라보고 마주하고 재정의해야 할 시점에 와있다 수눌어지구에서는 수많은 플라스틱 쓰레기 중 해양쓰레기에 주목하였다 국경이 없는 바다에서 해양쓰레기는 정치나 이념 국가의 경계를 넘어 범지구적인 환경문제 중 하나이다 제주도도 매년 막대한 예산을 해양쓰레기 수거 및 처리에 사용하고 있으며 그 수거량은 매년 늘어가고 있다 빈번한 쓰레기로 인한 선박사고 유령어구에 걸려 폐사하는 해양생물의 수 등 해양 쓰레기 문제는 어업 경제활동에까지 영향을 미쳤다 더 나아가 여름철 제주 해변은 밀려온 쓰레기로 가득 차 물놀이를 하며 쓰레기를 만나는 것은 자연스러운 일이 되었고 아이들이 노는 모래에는 스티로폼 조각과 미세플라스틱 조각이 가득하다 해양쓰레기 본부 내가 쓴 플라스틱 다 어디로 갔을까 는 그동안 우리가 스스로 마주하지 않았던 또는 알지만 외면하고 있었던 해양쓰레기를 직접 눈앞에 가져왔다 또 해양쓰레기 수거봉사 단체들이 목도했던 제주 바다의 모습을 영상과 사진을 통해 전달하여 편리를 바탕으로 소비와 폐기를 반복한 우리의 삶을 돌아보고자 하였다 일회용품을 대체하고 사용 후 흔적을 남기지 않는 제로웨이스트 물건을 소개하고 이미 생산되고 버려진 것들을 다시 재활용하는 노력들로 하여금 우리가 처한 해양쓰레기의 현실을 마주보길 바란다 그리고 변화에 동참하기를 작은 용기를 내어 주길 연대의 힘을 만들어내길 바란다 기획의 글 디프다제주 변수빈 행사에 사용된 인쇄물은 에코폰트를 사용하여 이면지에 출력되었습니다 주최 주관 제주시문화도시센터 참여단체 디프다제주 제주클린보이즈클럽 세이브제주바다 지구별가게 푸른컵 진행 인플래닝 도움 자원봉사자 윤명수 사진 정연철 이영범 인쇄감리 고은지
354,전시 보러 오세요 감사한 기회로 해양쓰레기 관련 전시를 기획하게 되었어요 오늘부터 일까지 일간 진행해요 주만에 준비한다고 쵸큼 힘들었지만 많은 분들의 도움으로 어제 무사히 디피를 끝냈어요 해양쓰레기 본부 내가 쓴 플라스틱 다 어디로 갔을까 끊임없는 순환의 고리는 우리 모두를 연결하고 있다 이 세상에 태어난 모든 것들이 그렇다 인간이 탄생시킨 플라스틱 또한 순환의 고리 속에서 이제 인간에게 위협을 가하고 있다 오늘날 플라스틱은 그것이 가지는 편리성 제작의 용이함 그리고 경제성까지 저렴해 우리 생활과 밀접한 관계를 맺었고 플라스틱 없이는 살 수 없는 세상이 되었다 폭포처럼 쏟아져 나온 이 편리함의 산물은 인간의 손아귀를 벗어나 지구 전역을 뒤덮었다 식수 해양생물을 넘어 농산물까지 파고든 작은 미세플라스틱은 저 멀리 빙하에서도 발견되었다 지구 역사상 전례가 없는 플라스틱 지층을 만들어가는 시대를 마주하게 되며 우리는 이 편리함을 다시 바라보고 마주하고 재정의해야 할 시점에 와있다 수눌어지구에서는 수많은 플라스틱 쓰레기 중 해양쓰레기에 주목하였다 국경이 없는 바다에서 해양쓰레기는 정치나 이념 국가의 경계를 넘어 범지구적인 환경문제 중 하나이다 제주도도 매년 막대한 예산을 해양쓰레기 수거 및 처리에 사용하고 있으며 그 수거량은 매년 늘어가고 있다 빈번한 쓰레기로 인한 선박사고 유령어구에 걸려 폐사하는 해양생물의 수 등 해양 쓰레기 문제는 어업 경제활동에까지 영향을 미쳤다 더 나아가 여름철 제주 해변은 밀려온 쓰레기로 가득 차 물놀이를 하며 쓰레기를 만나는 것은 자연스러운 일이 되었고 아이들이 노는 모래에는 스티로폼 조각과 미세플라스틱 조각이 가득하다 해양쓰레기 본부 내가 쓴 플라스틱 다 어디로 갔을까 는 그동안 우리가 스스로 마주하지 않았던 또는 알지만 외면하고 있었던 해양쓰레기를 직접 눈앞에 가져왔다 또 해양쓰레기 수거봉사 단체들이 목도했던 제주 바다의 모습을 영상과 사진을 통해 전달하여 편리를 바탕으로 소비와 폐기를 반복한 우리의 삶을 돌아보고자 하였다 일회용품을 대체하고 사용 후 흔적을 남기지 않는 제로웨이스트 물건을 소개하고 이미 생산되고 버려진 것들을 다시 재활용하는 노력들로 하여금 우리가 처한 해양쓰레기의 현실을 마주보길 바란다 그리고 변화에 동참하기를 작은 용기를 내어 주길 연대의 힘을 만들어내길 바란다 기획의 글 디프다제주 변수빈 행사에 사용된 인쇄물은 에코폰트를 사용하여 이면지에 출력되었습니다 주최 주관 제주시문화도시센터 참여단체 디프다제주 제주클린보이즈클럽 세이브제주바다 지구별가게 푸른컵 진행 인플래닝 도움 자원봉사자 윤명수 사진 정연철 이영범 인쇄감리 고은지
355,문화도시제주의 수눌어지구 환경 토크콘서트와 함께 해양쓰레기 본부 전시가 진행됩니다 우리가 일상에서 수없이 사용한 플라스틱이 다 어디로 갔는지 알아보는 전시인데요 이를 통해 우리가 그동안 외면해오던 많은 쓰레기를 마주하게 됩니다 사진들은 해양정화단체 활동가들이 매일 목격하고 있는 광경이에요 함께 현실을 직시하고 변화에 함께해요 변화의 시작은 알고 깨닫는 것에서부터 시작하잖아요 해양쓰레기의 실태를 알아보는 전시와 바다에 버려진 부표로 만든 캠핑 박스 전시 그리고 플라스틱 쓰레기의 대안인 제로웨이스트 관련 물건과 서비스를 소개합니다 일시 장소픽스커피 공단점 층 갤러리 제주시 청풍남 길 참여디프다제주 제주클린보이즈클럽 세이브제주바다지구별가게 제주푸른컵 제주시 삼양 집하장 자원봉사자 문필태 윤명수 사진 정연철 이영범 인쇄감리 고은지 주최 주관 문화도시제주 문화도시제주 수눌어지구 환경전시 봉그깅 환경 제로웨이스트 제주환경절대지켜 제주여행 환경캠페인 환경토크콘서트 제주시 제주전시 제주환경 환경오염 비치클린 비치코밍 제주바다문화도시제주 수눌어지구 환경전시 봉그깅 환경 제로웨이스트 제주환경절대지켜 제주여행 환경캠페인 환경토크콘서트 제주시 제주전시 제주환경 환경오염 비치클린 비치코밍 제주바다
356,와 함께하는 에코 라이프 오늘은 일반 전구를 전구로 바꿔봐요 전구는 일반 전구보다 에너지 사용이 낮고 일반 전구보다 더 오래 사용이 가능하기 때문에 일반 전구보다 전구를 다시 바꾸는 경우가 더 적어집니다 그래서 우리 오늘은 일반 전구를 전구로 바꿔보는건 어떨까요 전구 일반전구 에너지효율 에너지소비 자연 환경 지구 환경오염 지구온난화 기후변화 전기 지구지킴이 바꾸기 환경보호 보전전구 일반전구 에너지효율 에너지소비 자연 환경 지구 환경오염 지구온난화 기후변화 전기 지구지킴이 바꾸기 환경보호 보전
357,끝판대장 세상 버려진것들 뭐야 너도 버려진거니 누가 이렇게 이쁜 너를 잠깐만 내가 널 더욱 이쁘게 해줄께 이렇게 그 아이와 나는하루 종일 함께 지냈다 그리고 나는 그 아이를 다시 그자리에 버려 버렸다 집에 오는 내내 마음이 디게 아프다 넌 절대 버려진게 아니야 이제 자유로워 진거야 인간들에게 또는 그 무언가에게 버려진 세상 모든 것들의 이야기 재활용품 쓰레기 버려진 종이박스 락카 환경오염 환경파괴 자연보호 마카 자유 이기적인 생각들이 모여 세상을 망하게 한다 끝판대장 그래피티 아트토이 작가 일러스트 갬성그램재활용품 쓰레기 버려진 종이박스 락카 환경오염 환경파괴 자연보호 마카 자유 이기적인 세상을 끝판대장 그래피티 아트토이 작가 일러스트 갬성그램
358,우연히 간 대형마트의 플리마켓에서 천연수세미와 대나무 칫솔을 판매하고 있었다 요즘 엄마에게도 제로웨이스트에 대한 이야기를 해주고 함께 실천해보자고 하는 중이라 집에서 시험삼아 써볼 천연수세미를 하나 구입했다 얼마 전 한 유튜브에서 본 아크릴 수세미가 배출하는 미세 플라스틱을 보고 충격을 먹었고 엄마와 공유헸다 우리집은 아크릴 수세미가 쌓여있다 이미 선물 받은 수세미들은 차차 욕실청소와 같이 부드러운 솔이 필요할 때 사용해나가면 될 것 같다 흠 이번에 구입한 수세미는 아쉬운 점이 있다면 모양이 원통형이라 넓은 면을 닦기는 좋지만 컵 주둥이나 그릇의 가장자리를 안정적이게 닦기는 어려웠다 그래도 아크릴 수세미보다 부드럽고 좋은 느낌이었다
359,플라스틱 환경오염 플라스틱오염 재사용플라스틱 환경오염 플라스틱오염 재사용
360,금요일 오후 시 친환경 라디오 에코쌀롱 목숨을 위협하는 안개 속 괴생명체와 그보다 더 무서운 인간의 절망을 그려낸 영화 미스트 를 이야기합니다 많은 청취 부탁드립니다 우리가 만드는 우리방송 마포 실시간 방송 안내 라디오 주파수 마포구 서대문 일부 마포 안드로이드 청취 어플 씨알 다운로드 후 실행 에코쌀롱 팟빵 다시듣기 에코쌀롱 인스타그램 마포 라디오 라디오방송 공동체라디오 지역공동체라디오 공익방송 지역방송 마포구 서대문구 마포 씨알 팟빵 팟캐스트 금요일 오후 시 에코쌀롱 환경 환경이슈 환경문제 친환경 기후변화 지구온난화 환경오염 에코프렌들리 미스트 재난영화 괴생명체마포 라디오 라디오방송 공동체라디오 지역공동체라디오 공익방송 지역방송 마포구 서대문구 마포 씨알 팟빵 팟캐스트 금요일 오후 시 에코쌀롱 환경 환경이슈 환경문제 친환경 기후변화 지구온난화 환경오염 에코프렌들리 미스트 재난영화 괴생명체
361,기후변화 환경오염으로 죽어가는 펭귄 브라질 해변서 떼죽음 전문출처 환경오염 기후변화 국민일보 브라질 펭귄 떼죽음 환경 오염 보호 시급환경오염 기후변화 국민일보 브라질 펭귄 떼죽음 환경 오염 보호 시급
362,일회용품 사용규제 기업들의 포장 규제 등 국가의 보다 적극적인 개입이 필요합니다 더 이상 외면하지 말아주세요 리그램 정말 아직 괜찮나요 년부터 시작하면 되나요 최근 환경오염으로 인한 기후변화가 생기면서직접적인 피해가 발생하고 있어요 열돔현상 폭우 산불 홍수 벼락 생태계 파괴 등등 이로인한 인명피해도 어마어마하게 생기고 있어요 조금의 편리를 위해 했던 행동들이 이제는이런 큰 피해들로 우리에게 다가오고 있네요 이 같은 피해가 더 악화되는 것을 막기 위해빠른 대책이 필요한 시점인 것 같아요일회용품 사용 관련 규제를 앞당기고 쓰레기 발생량을 최소화하는 포장으로 바꾸는등등 더욱 적극적인 변화를 해야할 시점인 것 같네요 그리고 최근 환경문제는 심각한데 사람들이관심을 주지 않자 극단적인 행동으로 시선을 끌어환경문제에 대한 심각성을 알리는 사람들의 기사를 보고충격과 심각성에 대해 다시 한번 깨닫기도 했어요정말 심각한 환경문제 언제까지 외면하실건가요 내일의 이야기가 아닌 오늘의 이야기가 필요합니다 가치 가득한 한 걸음 같이 걸어요 환경문제 환경오염 기후변화 열돔현상 폭우 산불 홍수 사막화 생태계파괴 플라스틱줄이기 환경보호 자연보호 기후위기 지구온난화 제로웨이스트 제로플라스틱 친환경리그램 환경문제 환경오염 기후변화 열돔현상 폭우 산불 홍수 사막화 생태계파괴 플라스틱줄이기 환경보호 자연보호 기후위기 지구온난화 제로웨이스트 제로플라스틱 친환경
363,서대문구 아현동과 홍제동의 봉제 공장들은 매일 발생하는 많은 양의 자투리 천 때문에 골머리를 앓고 있다고 해요 골칫덩어리 자투리 천들을 어떻게 하면 현명하게 처리할 수 있을까요 버려지는 자투리 천들에 영원한 가치를 부여할 포이버의 활약을 기대해주세요 업사이클링 친환경 에코 환경오염 자투리천 패션 서울 서대문구 포이버업사이클링 친환경 에코 환경오염 자투리천 패션 서울 서대문구 포이버
364,도가 넘는 고열에도 타지 않고자연분해 되는데 무려 년 이 걸리는쌓여만가던 젤 아이스팩 이제 고민하지 마세요 읍면동 주민센터에 분리수거함이나 관내 개 아파트 내에 비치될 분리수거 상자에 넣기만 하면 끝 자세한 내용은 이미지를 참고 아이스팩 재사용 분리수거 환경오염 여수이야기 섬섬여수아이스팩 분리수거 환경오염 여수이야기 섬섬여수
365,출간 시리즈 신간미래를 이끌어 갈 인재로 크고 싶은 꿈나무들의 필독서 는환경부에서일할 지역 상하수와 오폐수 처리장 시설 상태를 진단하고 물을 정화할 때 사용하는 약품을 선별하여 수질을 효율적으로 정수 관리하여 배포하는 수질관리 기술자 대기오염 상태를 측정하고 대기오염을 최소화하거나 제거하는 방법을 연구하고 오염방지 시설을 설계 점검하는 대기환경 기술자 토양의 오염 정도를 파악하고 분석하며 오염된 토양을 정화하고 복구하기 위한 방법을 연구하고 토양오염을 예방하는 대책을 마련하는 토양환경 기술자 기후변화가 기업 농산물 우리 생활 등에 미치는 영향을 분석하고 지구온난화와 그에 따른 기후 변화의 영향을 상쇄하기 위한 대책을 마련하는 기후변화대응 전문가 등 환경을 살리기 위한 일을 하는 분들의 직업을 쉽고 재미있게 소개했습니다 프로필 링크 클릭하고 시리즈 신간 온라인 서점에서 바로 만나요출간 시리즈 신간미래를
366,플라스틱사용 에대한 경각심이 높아지고 있습니다 영국의 연구팀데 따르면 년까지 약 억톤의 플라스틱 쓰레기가 땅과 바다에 버려지게 될것이라고 하는데요 자연분해가 되지않고 태우면 유해물질이 발생하는 환경파괴의 주범이지요 우리 일상에 실천할수 있는 플라스틱 다이어트무엇이 있을까요 텀블러 개인컵 다회용컵 사용하기 장 볼때는 장바구니 에코백 사용하기 음식 포장 시 다회용기에 담아가기 음식 배달 주문시 안쓰는 플라스틱 거절하기 플라스틱 빨대 젓는 막대 사용 줄이기 음료 구입시 무라벨 제품 우선 구매하기 온라인 상품 주문은 모아서 한꺼번에 하기 과도한 포장제품 소비 줄이기 포장 안한 상품 등 구매하기 세탁비닐 등 불필요한 비닐 사용 줄이기 지구의 건강과 우리 아이들이 살아가야할 환경을 위해 플라스틱 다이어트 우리 모두 함께 지켜요 깨끗한고 건강한 환경이 우리 건강의 첫걸음입니다 오늘보다 내일 더 건강하세요 체내 유해물질을 흡착 제거하는 메커니즘의저분자수용성키토산 뉴라이프는 항상 여러분의 건강을 응원합니다 플라스틱다이어트 플라스틱줄이기 플라스틱제로 환경오염 발효의힘 면역력높이기 건강한음식 내몸건강 효소디톡스 발효효소 효소 효소다이어트 디톡스 활성산소제거 혈액건강 슈퍼푸드 뉴라이프 건강 웰빙 건강뉴스 건강정보 암과앎 암 항암 암치유 뉴라핏 뉴라핏발효효소 다어어트 키토산 수용성키토산플라스틱다이어트 플라스틱줄이기 플라스틱제로 환경오염 발효의힘 면역력높이기 건강한음식 내몸건강 효소디톡스 발효효소 효소 효소다이어트 디톡스 활성산소제거 혈액건강 슈퍼푸드 뉴라이프 건강 웰빙 건강뉴스 건강정보 암과앎 암 항암 암치유 뉴라핏 뉴라핏발효효소 다어어트 키토산 수용성키토산
367,가끔 대청소하는 날이면 입지 않는 의류가 많이 나오게 됩니다 의류 폐기물은 여러 소재가 섞여 있는탓에 매립 과정에서 환경오염을발생시키게 됩니다 의류 폐기물은어떻게 친환경적인 방법으로처리할 수 있는지 알려드리겠습니다
368,도가 넘는 고열에도 타지 않고자연분해 되는데 무려 년 이 걸리는쌓여만가던 젤 아이스팩 이제 고민하지 마세요 읍면동 주민센터에 분리수거함이나 관내 개 아파트 내에 비치될 분리수거 상자에 넣기만 하면 끝 자세한 내용은 이미지를 참고 분리수거함 제작일정에 따라 설치일정이 조금변경될수 있습니다 아이스팩 재사용 분리수거 환경오염 여수이야기 섬섬여수아이스팩 분리수거 환경오염 여수이야기 섬섬여수
369,바다 바라 바래 보다 프로젝트리서치트립 기록 월 저녁무렵 바다 바라 바래 보다 프로젝트 에 함께 할 멤버들이 따로 그러나 또 함께 제주땅을 밟았다 콕 찝어 시간을 약속하지는 않았지만 한 시간의 간격 안으로 하나 둘 공항에서 만났다 우리들 중 초면인 관계가 다수 프로젝트 기획자인 시호의 둘레로 제주에서 새로운 연들이 맺어진 순간이었다 우리는 앞으로 어떤 순간들을 만나게 될지 어떤 영상을 그려나가게 될지는 알지 못 했다 하지만 같은 곳을 바라보고 걷기 시작하는 이 순간 투명하게 비어있는 듯한 공간에 색과 향이 희미하게 얹어지기 시작한 것은 분명 느낄 수 있었다 박 일간 머무르게 될 조천의 조용한 곳에 위치한 숙소에 어둠과 함께 달려 도착하였다 우리는 정원의 넓은 테이블에 둘러 앉아 서로 알아가는 시간을 가졌다 아마도 그 아름다운 정원의 건강한 모기들이 매우 신이 났을 것이다 시호의 이야기를 시작으로 소개인듯 회의인듯 서로의 가치관과 생각들을 나누며 알록달록한 이야기 실이 끊임없이 이어졌다 아아 각자의 분야에서 몸과 마음을 쓰며 활동하는 이들이 함께 모아낸 빛은 어떤 모양일까 환경에 관한 각자의 생각과 실천은 조금씩 다르지만 같은 곳을 바라보는 우리 명이 일간의 리서치트립에서 채워나갈 색과 향은 어떠할까 박 일간의 모든 일정에서 제주시의 코로나 방역지침을 준수하고 주의하며 진행하였습니다 지구숨숨 카카오같이가치 아름다운재단 제주도 바다바라바래보다 에코필름 너와나의바다 환경오염 해양오염 기후위기 환경프로젝트 환경영상 제주바다 아름다운제주를지켜주세요지구숨숨 카카오같이가치 아름다운재단 제주도 바다바라바래보다 에코필름 너와나의바다 환경오염 해양오염 기후위기 환경프로젝트 환경영상 제주바다 아름다운제주를지켜주세요
370,우리는 끝도 없는 쓰레기라는 팬데믹에 직면했습니다 갈수록 늘어나는 쓰레기 때문에 매립지는 포화상태와 다름없고 생활 쓰레기 종류와 양이 갈수록 많아져 재활용률조차 줄어들고 있다고 합니다 이럴 때일수록 가정에서부터 올바른 쓰레기 분리배출을 실천해야겠죠 좀 더 자세히 알고 싶다면 이투데이 탄소발자국지우기 탄소발자국줄이기 탄소발자국 탄소중립 기후변화 탄소발자국지우기 탄소제로 쓰레기 쓰레기팬데믹 매립지 쓰레기매립지 재활용 리사이클 분리수거 배달음식 배달 배달용기 배달쓰레기 플라스틱 이커머스 환경오염 환경보호이투데이 탄소발자국지우기 탄소발자국줄이기 탄소발자국 탄소중립 기후변화 탄소발자국지우기 탄소제로 쓰레기 쓰레기팬데믹 매립지 쓰레기매립지 재활용 리사이클 분리수거 배달음식 배달 배달용기 배달쓰레기 플라스틱 이커머스 환경오염 환경보호
371,한살림자주모임 한살림경기동부식생활양성과정 함께 했던 경기동부분들과 한달에 한번 지속적인 모임을 하게 됐고 이번달 원래 대면으로 사찰음식 만들기였는데 코로나 확진자 급증으로 비대면 모임을 했다 대지에 입맞춤을시스피라시두 개의 다큐가 선정되었고 각자 감상 후 소감발표 및 실천방안에 대해 토론했다 참 인연이란 게 멋지다 라는 생각과 이 분들과 어느 분야에 공감을 갖고 함께 시간을 공유한다는 것에 대해 감사했다 기후위기 환경오염 축산업 어업 농업 에 대한 관심갖기 나의 시야 넓히기 정치에 관심을 갖기 다음달은 또 얼마나 재밌을 까 경기동부자주모임 건강하고안전한생활을위한모임 한살림 한살림자주공부모임 기후위기 환경파괴 환경오염한살림자주모임 한살림경기동부식생활양성과정 경기동부자주모임 건강하고안전한생활을위한모임 한살림 한살림자주공부모임 기후위기 환경파괴 환경오염
372,환경오염 지구를살리자 한국에너지공단 적정온도 촬영한브랜드 선도애기부나눔마켓 기부와나눔실천하기환경오염 지구를살리자 한국에너지공단 적정온도 촬영한브랜드 선도애기부나눔마켓 기부와나눔실천하기
