,언론사,제목,내용
0,세계일보,"삼성전자 ""애니콜 브랜드 슬로건 교체""","
                         삼 성 전 자 가   6 년   만 에   애 니 콜   브 랜 드   슬 로 건 을   교 체 했 다 .   
                       
 삼 성 전 자 는   새 로 운   애 니 콜   브 랜 드   슬 로 건   ' T a l k ,   P l a y ,   L o v e   애 니 콜 ' 을   T V   C F 를   통 해   전 격 적 으 로   선 보 였 다 고   1 7 일   밝 혔 다 .   
                       
   ' T a l k ,   P l a y ,   L o v e ' 는   인 생 에   있 어   가 장   중 요 한   세   가 지   요 소 를   상 징 하 는   단 어 들 로   ' 즐 겁 게   대 화 ( T a l k ) 하 고 ,   인 생 을   즐 기 고 ( P l a y ) ,   더 욱   사 랑 하 라 ( L o v e ) ' 는   의 미 를   담 고 있 다 . 
                       
 삼 성 전 자   관 계 자 는   "" 애 니 콜 이   사 람 과   사 람 을   잇 는   ' T a l k ' 를   연 결 하 고 ,   즐 겁 고   재 미 있 는   ' P l a y ' 를   제 공 해 ,   소 비 자 들 에 게   ' L o v e ' 의   대 상 이   되 겠 다 는   표 현 "" 이 라 며   "" 애 니 콜 을   통 해   인 생 의   가 장   중 요 한   3 요 소 인   ' T a l k ,   P l a y ,   L o v e ' 를   마 음 껏   즐 길   수   있 도 록   응 원 하 겠 다 는   의 도 도   담 고   있 다 "" 고   밝 혔 다 .   
                       
 삼 성 전 자 는   새 로 운   브 랜 드   슬 로 건 을   통 해   애 니 콜   브 랜 드   이 미 지 를   기 존 에   갖 고   있 던   ' 신 뢰 받 는   브 랜 드 ' ,   ' 휴 대 폰   대 표   브 랜 드 ' 를   넘 어 서   모 든   소 비 자 들 로 부 터   ' 사 랑 받 는   국 민   브 랜 드 ' 로   확 대 ,   변 화 시 켜   나 갈   계 획 이 다 .   
                       
 삼 성 전 자 가   애 니 콜   브 랜 드   슬 로 건 을   바 꾼   것 은   6 년   만 이 다 .   삼 성 전 자 는   애 니 콜   최 초 의   브 랜 드   슬 로 건 인   ' 한 국   지 형 에   강 하 다 ( 9 5 ~ 9 8 ) '   를   시 작 으 로   ' 언 제   어 디 서 나   한 국 인 은   애 니 콜 ( 9 8 ~ 0 0 ) ' ,   ' 내   손   안 의   디 지 털 세 상 ( 0 0 ~ 0 1 ) ' ,   ' 디 지 털   익 사 이 팅   애 니 콜 ( 0 1 ~ 0 7 ) '   등   시 대 를   대 표 하 는   새 로 운   브 랜 드   슬 로 건 을   발 표 하 며   국 내   브 랜 드   마 케 팅   성 공 신 화 를   이 어 왔 다 .   
                       특 히   ' 한 국   지 형 에   강 하 다 ' 는   브 랜 드   슬 로 건 은   국 내   소 비 자 들 에 게   ' 한 국 에 서 는   한 국 지 형 에   맞 게   설 계 된   애 니 콜 이   적 격 ' 이 라 는   강 한   인 상 을   심 어   주 며   외 국 산   휴 대 폰 이   잠 식 하 고   있 던   국 내   휴 대 폰   시 장   판 도 를   1 8 0 도   바 꿔   놓 은   국 내   브 랜 드   마 케 팅 의   대 표 적 인   성 공 사 례 로   꼽 히 고   있 다 .   
                       삼 성 전 자   관 계 자 는   "" 휴 대 폰 이   디 지 털   중 심 기 기 로   부 상 하 던   2 0 0 0 년 대   초 반 과   달 리   이 제   휴 대 폰 은   생 활 의   필 수   도 구 이 자   자 신 을   표 현 하 는   분 신 ( 分 身 ) 이 라 는   점 에 서   새 로 운   브 랜 드   슬 로 건 이   필 요 했 다 "" 고   교 체   이 유 를   밝 혔 다 .   이 번   브 랜 드   슬 로 건 은   특 히 ,   의 미 를   담 고   있 는   단 어 를   열 거 하 거 나   단 문   형 식 으 로   제 시 됐 던   기 존 의   워 드 마 크 식   브 랜 드   슬 로 건   형 식 을   탈 피 해   다 양 한   해 석 이   가 능 한   개 방 형   슬 로 건 이 라 는   관 심 을   모 으 고   있 다 . 
                       이 에   따 라   브 랜 드   슬 로 건   디 자 인 도   T a l k ,   P l a y ,   L o v e 의   세   단 어 가   합 쳐 져   정 육 면 체 의   큐 브   모 양 을   완 성 하 는   아 이 콘   형 식 으 로   형 상 화 됐 다 .   이 모 티 콘 과   약 자   등   기 호 에   열 광 하 는   젊 은   고 객 들 에 게   보 다   감 성 적 이 고   친 숙 하 게   다 가 가 는   애 니 콜 의   새 로 운   비 주 얼   아 이 덴 티 티 로 서 의   역 할 을   할   계 획 이 다 .   
                       삼 성 전 자   관 계 자 는   "" 최 근   시 장   트 렌 드 를   이 끌 고   있 는   1 0 ~ 2 0 대   소 비 자 들 은   글 보 다   그 림 이 나   영 상 에   익 숙 한   비 주 얼   세 대 "" 라 며   "" 이 들 에 게   가 장   효 과 적 으 로   어 필 할   수   있 는   감 성   커 뮤 니 케 이 션   수 단 으 로   큐 브   형 태 의   아 이 콘 을   기 획 한   것 "" 이 라 고   밝 혔 다 . 
                       삼 성 전 자 는   1 6 일 부 터   ' T a l k ,   P l a y ,   L o v e   애 니 콜 '   T V   C F   3 편 을   동 시 에   내 보 내 는   것 과   함 께   1 7 일 부 터 는   애 니 콜 랜 드 ( w w w . a n y c a l l . c o m ) 를   통 해   새 로 운   브 랜 드   슬 로 건 을   인 터 랙 티 브 하 게   경 험 할   수   있 는   코 너 를   오 픈 하 는   등   다 양 한   채 널 의   브 랜 드   캠 페 인   활 동 을   전 개 할   예 정 이 다 .   
                       
 편 집   세 계 일 보   인 터 넷 뉴 스 부   b o d o @ s e g y e . c o m ,   팀 블 로 그   h t t p : / / n e t . s e g y e . c o m   
 
 
   
 
 
 
 
 [ ⓒ   세 계 일 보   &   S e g y e . c o m ,   무 단 전 재   및   재 배 포   금 지 ] 
"
1,세계일보,삼성전자 베트남서 QLED TV 출시,"
                         삼 성 전 자 가   베 트 남 에 서   Q L E D   T V   출 시   행 사 를   개 최 했 다 .   삼 성 전 자 는   월 드 컵 을   앞 두 고   선 보 인   Q L E D   T V   신 제 품 을   통 해   새 로 운   수 요 를   창 출 하 고   동 남 아   시 장 의   T V   대 형 화   트 렌 드 를   이 끌 어 낼   방 침 이 다 .   
                       
 삼 성 전 자 는   9 일   베 트 남   호 찌 민 에 서   ‘ 2 0 1 8   삼 성   Q L E D   T V   출 시 ’   행 사 를   열 고   새   Q L E D   라 인 업 을   선 보 였 다 고   1 0 일   밝 혔 다 .   Q L E D 는   퀀 텀 닷   기 술 을   적 용 한   삼 성 전 자 의   프 리 미 엄   T V 다 .   
                       
 삼 성 전 자 는   이 번   행 사 에 서   T V 를   시 청 하 지   않 을   때 도   날 씨 나   뉴 스   등   생 활 정 보 와   음 악   등   콘 텐 츠 를   제 공 하 는   ‘ 매 직   스 크 린 ’   기 능 을   소 개 했 다 .   또   습 기   차 단 을   위 한   ‘ 트 리 플   프 로 텍 션 ’   등 에   대 해 서 도   자 세 히   설 명 했 다 .   이   기 능 을   활 용 하 면   소 비 자 들 은   동 남 아   지 역 의   심 한   날 씨 에   대 응 할   수   있 게   된 다 .   높 은   습 도 로   인 한   제 품   고 장   등 도   예 방 할   수   있 다 .   
                       
 행 사 에 는   동 남 아   주 요   지 역 의   거 래 선 과   미 디 어   관 계 자   등   2 5 0 여 명 이   참 석 했 다 .   베 트 남   국 민   영 웅 으 로   떠 오 른   박 항 서   베 트 남   축 구   국 가 대 표 팀   감 독 도   행 사 장 에   나 타 나   ‘ 불 가 능 을   가 능 하 게   하 라 ( D o   W h a t   Y o u   C a n ’ t ) ’ 라 는   삼 성 전 자 의   슬 로 건 과   자 신 의   철 학 을   연 결 한   강 연 으 로   눈 길 을   끌 었 다 .   
                       
 삼 성 전 자   관 계 자 는   “ 올 해   1 분 기   베 트 남 에 서   6 5 인 치   이 상   T V   매 출 이   지 난 해   같 은   기 간 의   2 배   이 상   늘 어 났 다 ” 며   “ 초 대 형   T V   수 요 와   월 드 컵 의   열 기 를   생 생 하 게   즐 길   수   있 는   제 품 을   앞 세 워   시 장 을   공 략 하 겠 다 ” 고   말 했 다 .   
                       
 한 편   베 트 남   T V   시 장 은   6 년   간   두   자 릿   수   성 장 세 를   이 어 가 고   있 으 며 ,   삼 성 전 자 는   베 트 남   T V   시 장 에 서   점 유 율   4 0 %   이 상 을   차 지 하 고   있 는   1 위   업 체 다 .   
                       
 정 필 재   기 자   
                       
 
 
 
 
 
 [ ⓒ   세 계 일 보   &   S e g y e . c o m ,   무 단 전 재   및   재 배 포   금 지 ] 
"
2,세계일보,"삼성전자, '2015 사랑의 김장 나누기' 행사 개최","
 
 
 
 
 
 
 
 지 난   1 4 일   삼 성 전 자   수 원   디 지 털 시 티 에 서   경 기 도   대 표 단 체 ,   지 역 주 민 ,   삼 성 전 자   임 직 원   등   6 8 0 여 명 이   모 여   어 려 운   이 웃 들 의   겨 울 나 기 를   돕 기   위 해   1 2 0 톤 의   김 장 을   담 갔 다 .   사 진 = 삼 성 전 자 
 
 
 삼 성 전 자 는   경 기 도   대 표 단 체 ,   지 역 주 민 들 과   함 께   어 려 운   이 웃 들 의   겨 울 나 기 를   돕 기   위 해   김 장   1 2 0 톤 ( 1 만 2 0 0 0 상 자 ) 을   담 갔 다 고   1 5 일   밝 혔 다 . 
                       
 ‘ 사 랑 의   김 장   나 누 기 ’   행 사 는   삼 성 전 자 가   매 년   각   사 업 장   별 로   펼 치 고   있 는   대 표 적 인   지 역 사 회   봉 사 활 동 으 로 ,   1 4 일 에 는   ‘ 1 석 3 조 ( 농 촌 경 제 살 리 기 ,   전 통 시 장 활 성 화 ,   소 외 계 층 지 원 )   사 랑 의   김 장   나 누 기 ’ 라 는   슬 로 건 을   걸 고   삼 성 전 자   디 지 털 시 티 ( 수 원 )   한 가 족   프 라 자 에 서   열 렸 다 . 
                       
 이   자 리 에 서   ▲ 이 기 우   경 기 도   통 합 부 지 사   ▲ 박 광 온   국 회 의 원   ▲ 경 기 중 앙 지 방 변 호 사 회 ( 장 성 근   회 장 )   ▲ 수 원 보 훈 원 ( 박 낙 조   원 장 )   ▲ 경 기 도 여 성 단 체 연 합 회 ( 이 금 자   회 장 )   ▲ 수 원 상 공 회 의 소   ▲ 3 군 사 령 부   등   경 기 도   주 요   인 사 와   대 표 단 체 의   자 원 봉 사 자   2 8 0 명 ,   지 역 주 민   2 0 0 명 ,   삼 성 전 자   안 재 근   부 사 장 ,   정 민 형   부 사 장   등   임 직 원   2 0 0 여 명 이   김 장 을   담 갔 다 . 
                       
 이 날   담 근   김 장 김 치 를   총   1 만 2 0 0 0 상 자 ( 1 상 자   1 0 k g ) 에   나 눠   담 아   경 기 도   2 7 개   시 · 군 에   있 는   공 부 방 ,   지 역 아 동 센 터 ,   노 인 시 설   단 체   등   지 역 사 회   복 지 시 설   9 4 개 소 ( 6 0 0 0 상 자 ) 와   수 원 시   저 소 득 가 정   6 0 0 0 가 구 ( 6 0 0 0 상 자 ) 에   각 각   전 달 됐 다 . 
                       
 삼 성 전 자   기 흥 · 화 성   캠 퍼 스   임 직 원 들 도   평 택 ( 6 일 ) ,   화 성 ( 1 0 일 ) ,   용 인 ( 1 2 일 ) 에   이 어   오 산 ( 1 9 일 ) 에 서   김 장   나 누 기   행 사 를   펼 치 며 ,   총   1 0 0 톤 의   김 치 를   담 가   경 기 도   저 소 득 층   1 만   가 정 에   전 달 할   예 정 이 다 . 
                       
 아 울 러   삼 성 전 자 는   김 장   나 누 기   외 에 도   경 기 도 내   저 소 득   계 층 의   따 뜻 한   겨 울 나 기 를   위 해   연 탄   3 7 만 장 도   1 0 2 0 가 구 에   전 달 할   계 획 이 다 . 
                       
 삼 성 전 자   수 원 사 회 봉 사 단 장   안 재 근   부 사 장 은   “ ‘ 사 랑 의   김 장   나 누 기 ’   행 사 는   농 촌 경 제 와   전 통 시 장 을   돕 고   소 외 계 층 을   지 원 하 는   1 석 3 조 의   사 회 공 헌 ” 이 라 며   “ 앞 으 로 도   지 역 사 회 에   도 움 이   되 는   다 양 한   사 회 공 헌 활 동 을   펼 쳐   나 가 겠 다 ” 고   말 했 다 . 
                       
 박 일 경   기 자   
                       i k p a r k @ s e g y e . c o m 
 
 
                         < 세 계 파 이 낸 스 > 
 
 
 
 
 [ ⓒ   세 계 일 보   &   S e g y e . c o m ,   무 단 전 재   및   재 배 포   금 지 ] 
"
3,세계일보,[이코노 브리핑] LG전자 ‘한마음 동행 페스타’ 진행 외,"
 L G 전 자   ‘ 한 마 음   동 행   페 스 타 ’   진 행 
   
 L G 전 자 는   “ 함 께 하 면   이 겨 낼   수   있 습 니 다 ” 라 는   슬 로 건 으 로   이 달   3 1 일 까 지   특 정   제 품 을   할 인 판 매 하 는   ‘ 한 마 음   동 행   페 스 타 ’ 를   진 행 한 다 고   3 일   밝 혔 다 .   특 별 전   대 상   제 품 은   T V 와   냉 장 고 ,   에 어 컨 ,   워 시 타 워 ,   건 조 기 ,   스 타 일 러 ,   청 소 기 ,   공 기 청 정 기 ,   식 기 세 척 기 ,   전 기 레 인 지   등   1 5 개   제 품 ,   9 0 여 종 이 다 .   L G 전 자 는   특 별 전   행 사 제 품 을   산   고 객 을   대 상 으 로   추 첨 을   통 해   경 품 도   증 정 한 다 . 
   
 삼 성 ,   고 화 력   비 스 포 크   인 덕 션   출 시 
   
 삼 성 전 자 가   국 내   최 고   수 준 의   화 력 을   갖 춘   ‘ 삼 성   비 스 포 크   인 덕 션 ’ 을   출 시 했 다 고   3 일   밝 혔 다 .   이   인 덕 션 은   화 이 트   세 라 믹   글 라 스   상 판 에   소 비 자   취 향 이 나   주 방   인 테 리 어 에   따 라   다 양 한   색 상 의   조 작 부 를   선 택 할   수   있 도 록   한   ‘ 듀 얼   글 라 스   디 자 인 ’ 이   적 용 된   제 품 이 다 .   단 일   화 구   기 준 으 로   최 대   3 3 0 0 W ( 와 트 ) 의   화 력 을   갖 췄 다 .   가 격 은   출 고 가   기 준   1 5 9 만 ∼ 1 6 9 만 원 이 다 . 
   
 농 협 은 행 ,   환 경 경 영   국 제 표 준   인 증 
   
 N H 농 협 은 행 은   국 제 표 준 화 기 구 ( I S O ) 가   제 정 한   I S O   1 4 0 0 1   환 경 경 영 체 제   국 제 표 준   인 증 을   획 득 했 다 고   3 일   밝 혔 다 .   I S O   1 4 0 0 1 은   기 업 이   환 경 경 영 을   주 된   사 업 방 침 으 로   삼 고 ,   이 를   체 계 적 으 로   관 리   및   개 선 하 고   있 는 지 를   평 가 하 여   인 증 하 는   국 제 규 격 이 다 .   농 협 은 행 은   이 번   인 증   획 득 을   계 기 로   신 · 재 생 에 너 지 ,   스 마 트 팜   등   녹 색 금 융 에   대 한   투 자 와   지 원 을   더 욱   확 대 할   계 획 이 다 . 
   
 기 업 은 행 ,   미 얀 마   법 인   최 종 인 가   획 득 
   
 I B K 기 업 은 행 은   최 근   미 얀 마   중 앙 은 행 으 로 부 터   현 지 법 인   설 립   최 종 인 가 를   받 아   이 달   중   ‘ I B K 미 얀 마 은 행 ’ 을   공 식   출 범 하 고   본 격 적 인   영 업 을   시 작 할   계 획 이 라 고   3 일   밝 혔 다 .   취 임   때 부 터   ‘ 글 로 벌   경 쟁 력 을   갖 춘   초 일 류   금 융 그 룹   도 약 ’ 을   강 조 한   윤 종 원   은 행 장 의   취 임   후   첫   해 외 진 출   성 과 다 .   I B K 미 얀 마 은 행 은   기 업 ,   개 인 ,   외 환   등   현 지   은 행 이   처 리 하 는   대 부 분 의   업 무 를   취 급 할   수   있 다 . 
 
 
 
 
 [ ⓒ   세 계 일 보   &   S e g y e . c o m ,   무 단 전 재   및   재 배 포   금 지 ] 
"
4,세계일보,"[웰컴 투 U월드]삼성전자의 부풀리기 오보, 경쟁사 의식한 꼼수(?)","
                         해 외 여 행 을   떠 나 는   한 국 인 들   대 부 분 은   현 지   공 항 에 서   가 장   먼 저   삼 성 전 자 의   광 고 판 을   접 하 게   됩 니 다 .   
                         ‘ I T 코 리 아 ’ 의   위 상 을   드 높 이 고   있 는   삼 성 전 자 의   역 할 에   짜 릿 한   감 동 을   느 끼 는   순 간 이 기 도   한 데 요 .   삼 성 전 자 가   설 치 한   이   광 고 판 에 는   한   두 가 지   공 통 점 이   발 견 됩 니 다 .   바 로   세 계   ‘ 최 초 ’ 와   ‘ 최 고 ’ 라 는   문 구 입 니 다 .   그 도 그 럴   것 이   삼 성 전 자   특 히   애 니 콜 과   삼 성 모 바 일 로   대 변 되 는   정 보 통 신 총 괄 부 문 에 서 는   그 동 안   세 계   ‘ 최 초 ’   그 리 고   ‘ 최 고 ’ 의   기 술 력 을   선 보 여 왔 죠 . 
                         덕 분 에   삼 성 전 자 는   늘   휴 대 전 화   시 장 에 서 는   노 키 아 ,   모 토 로 라 와   함 께   톱 3 를   유 지 하 고   있 는 데 요 .   올 해   들 어 서 는   모 토 로 라 를   제 치 고   글 로 벌   2 위 로   등 극 했 죠 .   기 술 력 과   마 케 팅 ,   현 지 화 라 는   삼 성 전 자 의   노 하 우 가   접 목 된   결 과 인 데 요 . 
                         세 계 에 서   가 장   얇 은   초 슬 림 폰 ,   최 고   화 소 ,   최 대   용 량   등   삼 성 모 바 일 의   세 계   ‘ 최 초 · 최 고 ’   신 드 롬 은   유 럽 과   북 미 ,   아 시 아 ,   아 프 리 카 를   휘 감 쌌 는 데 요 .   삼 성 전 자 가   내 세 우 는   슬 로 건 은   늘   ‘ 최 ’ ( 最 ) 라 는   말 이   외 곬 수 처 럼   따 라 붙 습 니 다 . 
                         이 같 은   ‘ 애 니 콜   신 화 ’ 를   주 도 한   이 기 태   전   사 장 ( 현   삼 성 전 자   기 술 총 괄   부 회 장 ) 은   정 통   엔 지 니 어   출 신 답 게   마 케 팅 에   앞 서   항 상   기 술 을   먼 저   생 각 했 다 고   합 니 다 .   
                         최 고   수 장 이   이 처 럼   ‘ 최 ’ 를   좋 아 하 니   ‘ 상 명 하 복 ’   해 야   하 는   임 직 원 들 의   경 우   다 소   무 리 하 게   최 초 와   최 고 라 는   문 구 를   사 용 ,   오 남 용   같 은   부 작 용 도   간 혹   발 생 했 습 니 다 . 
                         그 런 데   올 해   초   이   사 장 의   뒤 를   이 어   바 통 을   이 어 받 은   최 지 성   사 장 은   이 기 태 식   ‘ 최 ’   전 략 에   반 기 를   들 었 는 데 요 .   프 리 미 엄 을   고 집 해 온   이 기 태 식   스 타 일 을   접 고   신 흥 시 장 을   공 략 하 기   위 한   범 용   모 델 도   함 께   선 보 이 겠 다 는   큰   그 림 을   그 리 기   시 작 했 죠 .   이 상 하 리 만 큼   최   사 장   체 제   이 후   최 초 와   최 고 라 는   말 은   사 그 라 들 었 는 데 요 .   오 히 려   ‘ 실 적 으 로   눌 렀 다 ’   또 는   ‘ 자 신 있 다 ’ 는   문 구 가   많 아 졌 습 니 다 .   마 케 팅   전 문 가 답 게   실 용 성 에   바 탕 을   둔   전 략 · 전 술 을   펼 쳤 기   때 문 이 죠 . 
                         하 지 만   삼 성 전 자 가   최 근   큰   실 수 를   저 질 렀 습 니 다 .   지 난   1 5 일   5 0 0 만   화 소   슬 림 슬 라 이 드 폰 이   영 국   I T 전 문 지   ‘ 모 바 일   초 이 스 ’ 가   선 정 한   ‘ 올 해 의   휴 대 전 화 상 ’ 을   수 상 했 다 는   보 도 자 료 를   발 표 하 면 서   전 혀   사 실 이   아 닌   내 용 을   언 급 해   망 신 을   당 한   것 입 니 다 . 
                         이 날   삼 성 전 자 는   “ 이   매 체 가   ‘ 노 키 아   N 9 5 와   소 니 에 릭 슨   K 8 0 0 i ,   K 8 1 0 i ,   L G   K U 9 9 0   등   5 0 0 만   화 소 폰   중 에 서   삼 성 전 자 의   G 6 0 0 이   가 장   눈 길 을   끈 다 ’ 고   보 도 했 다 ’ 고   전 했 습 니 다 .   하 지 만   기 사   원 문 은   “ K 8 5 0 i   사 이 버 샷 ,   L G   K U 9 9 0 이   출 시 될   예 정 이 며   두   제 품 은   삼 성 전 자 의   G 6 0 0 과   경 쟁 할   것 으 로   보 인 다 ” 로   전 혀   다 른   내 용 이 었 죠 . 
                         한 가 지   더 .   삼 성 전 자 는   2 7 일 까 지   중 국   베 이 징 에 서   열 린   ‘ P T   엑 스 포 컴   차 이 나   2 0 0 7 ’   전 시 회 에 서   참 가   업 체 중   최 대   면 적 인   1 2 0 평 에   걸 쳐   부 스 를   마 련 했 다 고   강 조 했 는 데 요 .   그 러 나   같 은   전 시 회   참 가   내 용 을   보 낸   L G 전 자 가   1 3 9 평 으 로   면 적 으 로 는   더   넓 었 습 니 다 .   삼 성 전 자 측 은   현 지   실 무 팀 이   자 세 한   상 황   파 악 없 이   어 림 식 으 로   자 료 를   만 들 었 다 고   해 명 했 는 데 요 . 
                         1 0 월   한   달   동 안   오 보 가   2 건 이 나   발 생 했 으 니 ,   단 순 한   실 수 로   받 아 들 이 기 에 는   좀   무 리 가   있 을   것   같 습 니 다 .   
                         다 시   ‘ 최 고 ’ 만 을   주 장 하 던   과 거 의   망 령 이   다 시   부 활 한   것 일 까 요 ?   경 쟁 사 를   의 식 한   실 적   부 풀 리 기 가   과 잉 충 성 과   버 무 러 진   것 은   아 닌 지   의 구 심 이   듭 니 다 .   
                       
 스 포 츠 월 드   김 수 길   기 자   
                       
 
 
 
 [ ⓒ   세 계 일 보   &   S e g y e . c o m ,   무 단 전 재   및   재 배 포   금 지 ] 
"
5,세계일보,"삼성전자서비스, ‘2020 KSQI’ 가전 A/S 부문 10년 연속 1위… 국내 최고 서비스 기업 증명 ","
 ‘ 플 러 스 원   케 어 ’ ,   ' H R M   원 격   진 단   서 비 스 ’   등   고 객   중 심   서 비 스   혁 신   거 듭 
 
 
 
 삼 성 전 자 서 비 스 ( 대 표 이 사   심 원 환 ) 가   이 번   ‘ 2 0 2 0   한 국 산 업 의   서 비 스 품 질 지 수 ( K S Q I ) '   가 전   A / S   부 문   조 사 에   1 위 로   선 정 되 며   국 내   최 고 의   서 비 스   기 업 이 라 는   점 을   증 명 했 다 .   이 를   통 해   삼 성 전 자 서 비 스 는   2 0 1 1 년   가 전   A / S   부 문   조 사 를   실 시 한   이 후 부 터   1 0 년   연 속 의   1 위 를   기 록 했 다 . 
   
 삼 성 전 자 서 비 스 는   고 객   중 심   경 영   철 학 을   중 심 으 로   고 객 의   눈 높 이 에   맞 춘   최 상 의   서 비 스 와   차 별 화 된   서 비 스 를   동 시 에   제 공 ,   이 로   인 해   오 랜   기 간   동 안   고 객 과 의   높 은   신 뢰 와   평 가 를   얻 을   수   있 었 다 . 
   
 국 내   최 대   규 모 의   서 비 스   인 프 라 를   바 탕 으 로   전 국   어 디 에 서 나   이 용 이   가 능 한   출 장   점 검   서 비 스 는   삼 성 전 자 서 비 스 의   고 객   중 심   경 영   철 학 을   보 여 준 다 .   엔 지 니 어 가   출 장   점 검 을   위 해   방 문 할   때 ,   점 검   제 품 뿐 만   아 니 라   다 른   제 품 까 지   무 상 으 로   점 검 해   주 는   ' 플 러 스 원   케 어   서 비 스 ' 를   실 시 하 여   고 객 의   경 제 적 ,   시 간 적   부 담 을   줄 여 준 다 . 
   
 삼 성 전 자 서 비 스 의   상 담   서 비 스   역 시   끊 임 없 이   고 객   중 심 의   혁 신 을   이 뤄 나 가 고   있 다 .   삼 성   S m a r t T h i n g s 가   가 능 한   제 품 을   대 상 으 로   냉 장 고 ,   에 어 컨 의   경 우   ' H R M   원 격   진 단   서 비 스 ' 를   제 공 한 다 .   H R M   원 격   진 단 은   I o T 를   기 반 으 로   제 품 의   상 태 나   정 보 를   서 버 에   전 송 하 는   시 스 템 으 로 ,   제 품   정 보 를   바 탕 으 로   상 담 사 가   더 욱   섬 세 한   상 담 을   제 공 하 도 록   한 다 .   또 한   상 담 사 가   고 객 과   원 격 으 로   대 면 하 여   고 객 의   휴 대 폰   카 메 라 에   연 결 하 고 ,   제 품 의   상 태 를   확 인 하 는   ' 보 이 는   원 격   상 담   서 비 스 ' 를   통 해   정 확 하 게   문 제 를   진 단 하 고   해 결 할   수   있 다 . 
   
 에 어 컨   사 용 을   앞 둔   본 격 적 인   여 름   전 에 는   고 객 들 의   쾌 적 한   에 어 컨   사 용 을   위 해   ‘ 에 어 컨   사 전   점 검   서 비 스 ’ 를   매 년   시 행 한 다 .   에 어 컨   사 전   점 검 은   해 당   기 간 에   서 비 스 를   신 청 한   고 객 을   대 상 으 로   부 품 비 를   제 외 한   출 장 비 와   수 리 비   무 상   혜 택 을   제 공 하 는   제 도 이 다 . 
   
 삼 성 전 자 서 비 스 는   사 회   공 헌   활 동   역 시   지 속 적 으 로   이 어 가 고   있 다 .   국 내   최 대   A S   인 프 라 와   특 화 된   수 리   기 술 력 을   활 용 해   복 지 시 설 이 나   재 난   지 역 의   전 자 제 품 을   무 상 으 로   점 검 해   주 는   등   재 능 기 부   활 동 을   추 진 함 으 로 써   고 객 에 게   받 은   사 랑 을   사 회 에   나 누 고   있 다 .   뿐 만   아 니 라   다 문 화   청 소 년 들 에 게   직 업   기 초   소 양   및   기 술 교 육 을   제 공 하 고   청 각   장 애   아 동 에 게   수 술 비 와   치 료 비 를   지 원 하 며   나 눔   활 동 을   펼 치 고   있 다 . 
   
 삼 성 전 자 서 비 스   관 계 자 는   “ 삼 성 전 자 서 비 스 의   임 직 원 들 은   최 근   ‘ 서 비 스   그   이 상 의   가 치 ’ 라 는   슬 로 건 을   직 접   정 했 다 . ” 고   밝 히 며   “ 고 객 이   삼 성   제 품 을   사 용 하 는 데   불 편 함 이   없 도 록   지 속 적 인   노 력 ,   최 종 적 으 로   신 속 하 고   정 확 한   서 비 스   제 공 을   목 표 로   한 다 . ” 고   설 명 했 다 . 
   
 한 편 ,   한 국 능 률 협 회 컨 설 팅 의   K S Q I - M O T 는   한 국 산 업 의   서 비 스 품 질 에   대 한   고 객 들 의   체 감   정 도 를   나 타 내 는   지 수 로 ,   기 업 의   상 품   및   서 비 스 를   전 달 하 는   최 종   가 치   전 달 자 인   고 객 접 점 에 서   서 비 스   평 가 단 이   고 객 이   지 각 하 는   서 비 스 품 질   수 준 을   평 가 하 여   서 비 스   이 행 률   관 점 에 서   지 수 화 한   것 이 다 . 
   
 김 정 환   기 자   h w a n i 8 9 @ s e g y e . c o m 
 
 
 
 
 
 
 [ ⓒ   세 계 일 보   &   S e g y e . c o m ,   무 단 전 재   및   재 배 포   금 지 ] 
"
6,세계일보,뉴노멀·뉴가전… 삼성·LG ‘집콕 시대’ 신제품 공개,"
 삼 성 ,   I F A   불 참   소 비 자 와   ‘ 온 택 트   만 남 ’ 큐 브   형 태 · 비 스 포 크   계 열   새   제 품   공 략 I F A   참 석 하 는   L G 전 자 …   올 레 드   T V   주 력 국 내   ‘ 미 래 형   주 택 ’   전 시 …   유 튜 브   생 중 계 
 
 
 
                             주 요   제 조 사   9 월   가 전   행 사   
                         
 
 삼 성 전 자 와   L G 전 자 가   9 월   가 전   행 사 를   열 고   하 반 기   시 장 을   공 략 한 다 .   당 초   독 일 에 서   열 리 는   I F A ( 국 제 가 전 박 람 회 ) 를   통 해   새 로 운   제 품 과   서 비 스 를   소 개 할   계 획 이 었 지 만 ,   신 종   코 로 나 바 이 러 스   감 염 증 ( 코 로 나 1 9 )   여 파 로   온 라 인 에 서   소 비 자 와   만 날   예 정 이 다 .   행 사 의   공 통 된   주 제 는   코 로 나 1 9 에   따 른   뉴 노 멀 ( 새 로 운   표 준 )   시 대 의   ‘ 일 상 ’ 과   ‘ 집 ’ 이 다 . 
   
 2 6 일   가 전 업 계 에   따 르 면   삼 성 전 자   유 럽 총 괄 조 직 은   I F A   개 막   하 루   전 인   9 월 2 일   자 체   온 라 인   행 사 를   열 고   가 전   신 제 품 을   공 개 할   예 정 이 다 .   삼 성 전 자 는   매 년   I F A 에   참 석 했 지 만 ,   올 해 는   코 로 나 1 9   영 향 으 로   불 참 하 는   대 신   자 체   행 사 를   진 행 하 기 로   했 다 . 
   
 이 번   행 사 는   ‘ L i f e   U n s t o p p a b l e ’ ( 멈 추 지   않 는   일 상 ) 을   주 제 로   약   4 5 분 간   진 행 된 다 .   삼 성 전 자 는   행 사 에 서   공 개 할   제 품 에   대 해   언 급 하 지   않 았 지 만 ,   포 스 터 에 서   강 조 된   큐 브   형 태 의   신 제 품 이   나 올   것 이 란   전 망   등 이   나 오 고   있 다 . 
   
 업 계 에 서   가 장   유 력 하 게   보 는   것 은   ‘ 비 스 포 크   냉 장 고 ’ 다 .   삼 성 전 자 가   이 번   행 사 를   통 해   비 스 포 크   계 열 의   제 품 으 로   유 럽 시 장 을   공 략 할   것 이 란   관 측 이 다 .   지 난 해   국 내 에 서   선 보 인   비 스 포 크   냉 장 고 는   소 비 자 가   제 품   디 자 인 을   직 접   선 택 할   수   있 는   맞 춤 형   제 품 으 로   인 기 를   얻 었 다 .   당 초   삼 성 전 자 는   올 해   상 반 기   비 스 포 크   냉 장 고 를   유 럽   시 장 에   출 시 할   예 정 이 었 으 나 ,   코 로 나 1 9   영 향 으 로   미 뤄 진   것 으 로   알 려 졌 다 .   업 계 에 서 는   삼 성 전 자 가   이 번   행 사 를   통 해   새 로 운   제 품 을   공 개 하 기 보 다 ,   유 럽 에 서   출 시 하 지   않 은   제 품 들 을   주 로   선 보 일   것 으 로   내 다 보 고   있 다 . 
   
 삼 성 전 자 는   지 난   6 월   가 전   브 랜 드 의   새   슬 로 건 으 로   ‘ 이 제 는   가 전 을   나 답 게 ’ 를   공 개 하 며   향 후   신 제 품 의   방 향 을   제 시 했 다 .   이 번   행 사 가   슬 로 건   공 개   이 후   첫   행 사 인   만 큼   관 련   제 품 이   나 올   것 이 란   관 측 이 다 .   이 재 승   생 활 가 전 사 업 부 장 은   지 난   1 1 일   “ 미 래 의   가 전 은   나 보 다   나 를   더   잘   아 는   형 태 가   될   것 ” 이 라 며   “ ‘ 새 로 운   필 요 ’ 를   제 안 하 는   라 이 프 스 타 일   가 전 을   지 속   시 도 하 겠 다 ” 고   말 했 다 . 
   
 I F A 에   참 석 하 는   L G 전 자 는   티 저   영 상 과   초 대 장 을   공 개 하 며   열 기 를   끌 어 올 리 고   있 다 .   L G 전 자 는   I F A   주 제 로   ‘ L i f e ’ s   G o o d   f r o m   H o m e ’ ( 집 으 로 부 터   좋 은   삶 이   시 작 된 다 ) 을   예 고 했 다 .   코 로 나 1 9 로   실 내   활 동 이   늘 어 난   뉴 노 멀   시 대 에   집 의   비 전 을   소 개 할   것 으 로   추 정 된 다 . 
   
 행 사 의   주 인 공 은   L G   O L E D   T V 와   관 련   사 운 드   제 품 군 이   될   것 으 로   보 인 다 .   신 제 품   공 개 를   비 롯 한   주 요   일 정 은   I F A 가   열 리 는   독 일 에 서   진 행 하 지 만 ,   L G 전 자 는   주 요   일 정 을   유 튜 브 로   생 중 계 한 다 는   계 획 이 다 .   L G 전 자 는   I F A 를   대 신 해   국 내 에 서 는   ‘ 미 래 형   주 택 ’   전 시 관 을   꾸 렸 다 .   가 수   헨 리 가   전 시 관 을   누 비 며   가 전 제 품 과   서 비 스 를   경 험 하 는   모 습 을   담 은   콘 텐 츠 가   I F A   개 막 일 에   맞 춰   유 튜 브 에 서   공 개 할   예 정 이 다 . 
   
 권 구 성   기 자   k s @ s e g y e . c o m 
 
 
 
 
 [ ⓒ   세 계 일 보   &   S e g y e . c o m ,   무 단 전 재   및   재 배 포   금 지 ] 
"
7,세계일보,드디어 개막한 IFA 2015…새로운 트렌드는?,"
 삼 성 전 자 ,   인 간   중 심 의   I o T   기 술   선 보 여 L G 전 자 ,   ' 더   나 은   삶 을   위 한   혁 신 '   슬 로 건 
 
 
 
 
 
 
 
 삼 성 전 자   글 로 벌 마 케 팅 실   홍 원 표   사 장 이   3 일 ( 현 지 시 간 )   I F A   2 0 1 5 의   삼 성 전 자   프 레 스 컨 퍼 런 스 에 서   ‘ I n   S y n c   w i t h   L i f e ’ 를   주 제 로   소 비 자 의   삶 과   융 화 되 는   I o T 에   대 한   비 전 을   발 표 했 다 .   사 진 = 삼 성 전 자 
 
 
 이 달   4 일 부 터   9 일 까 지   독 일   베 를 린 에 서   열 리 는   유 럽   최 대   가 전 전 시 회   ‘ I F A   2 0 1 5 ’ 에   참 가 한   삼 성 전 자 ,   L G 전 자   등   국 내 업 체 들 이   앞   다 퉈   시 장   선 도 를   위 한   새 로 운   기 술 을   선 보 이 고   있 다 . 
                       
 삼 성 전 자 는   I F A   2 0 1 5   전 시 회   개 막 에   앞 서   3 일 ( 현 지 시 간 )   ‘ I n   S y n c   w i t h   L i f e ’ 를   주 제 로   소 비 자 의   삶 과   융 화 되 는   I o T ( I n t e r n e t   o f   T h i n g s ,   사 물 인 터 넷 ) 에   대 한   비 전 과   제 품 을   공 개 하 는   프 레 스   컨 퍼 런 스 를   개 최 했 다 . 
                       
 L G 전 자 는   전 시 장   규 모 를   지 난 해 보 다   4 3 % 나   늘 려   역 대   최 대 인   3 7 9 9 제 곱 미 터 ( ㎡ ) 의   부 스 를   마 련 했 다 .   ‘ 더   나 은   삶 을   위 한   혁 신 ( I n n o v a t i o n   f o r   a   B e t t e r   L i f e ) ’ 을   슬 로 건 으 로   ▲ 차 원 이   다 른   올 레 드 ( O L E D · 유 기 발 광 다 이 오 드 )   T V   ▲ 프 리 미 엄   고 효 율 · 스 마 트   가 전   ▲ 연 결 성 을   강 화 한   모 바 일   기 기   등 을   전 시 한 다 . 
                       
 
 ◆   “ I o T ,   단 순 한   기 술   트 렌 드   아 닌   거 대 한   조 류 ” 
 4 일   업 계 에   따 르 면   삼 성 전 자 는   이 번   I F A 에 서   센 서 와   인 터 넷   통 신   기 술 을   탑 재 한   기 기 를   서 로   연 결 해   정 보 를   공 유 하 는   I o T 를   실 제   삶 에   적 용 한   다 양 한   제 품 들 을   선 보 인 다 . 
                       
 대 표 적 으 로   개 방 성 과   연 결 성 ,   자 체   연 산   능 력 을   높 인   ‘ 삼 성   스 마 트 싱 스 ( S m a r t T h i n g s )   허 브 ’ 와   수 면   패 턴 을   측 정 · 분 석 하 고   리 포 트 를   제 공 하 는   ‘ 슬 립 센 스 ( S L E E P s e n s e ) ’   등   I o T 를   일 상 생 활 에   접 목 할   전 략   제 품 들 을   공 개 했 다 . 
                       
 
 
 
 
 
 
 삼 성 전 자   모 델 과   I F A 걸 이   독 일   베 를 린 에 서   열 린   I F A   2 0 1 5   ‘ 시 티 큐 브   베 를 린 ( C i t y C u b e   B e r l i n ) ’   전 시 장 의   삼 성 전 자   부 스 에 서   삼 성 전 자   제 품 들 을   소 개 하 고   있 다 .   S U H D   T V   하 이 라 이 트   존 에 서   삼 성 전 자   모 델 과   I F A 걸 이   ‘ 갤 럭 시   S 6   엣 지 + ’ ,   ‘ 갤 럭 시   노 트 5 ’ ,   ‘ 삼 성   기 어   S 2 ’ ,   ‘ 슬 립 센 스 ’ ,   ‘ 삼 성   기 어   S 2 ’ ( 왼 쪽 부 터 ) 를   선 보 이 고   있 다 .   사 진 = 삼 성 전 자 
 
 
 삼 성 전 자 가   지 난 해   8 월   인 수 한   사 물 인 터 넷   플 랫 폼   기 업 인   ‘ 스 마 트 싱 스 ’ 와   함 께   선 보 이 는   ‘ 삼 성   스 마 트 싱 스   허 브 ’ 는   자 체   프 로 세 서 를   강 화 해   기 기 간 의   연 결 과   제 어 를   더 욱   빠 르 게   처 리 할   뿐 만   아 니 라   카 메 라 와   연 결 해   영 상 으 로   집 안 을   확 인 할   수   있 는   보 안   기 능 을   추 가 했 다 . 
                       
 움 직 임 이   감 지 됐 을   경 우   같 은   특 정   사 건 에 만   영 상 을   녹 화 하 기   때 문 에   항 상   켜 있 는   감 시 카 메 라 보 다   개 인 정 보   보 호 에   유 리 하 며   센 서 를   통 해   화 재 나   연 기   등 을   감 지 할   수   있 다 . 
                       
 I o T   기 술 로   사 용 자 의   수 면   질 을   높 일   수   있 는   삼 성   ‘ 슬 립 센 스 ’ 는   사 용 자 의   수 면   도 중   맥 박 과   호 흡 ,   움 직 임 을   측 정 하 고   그   결 과 를   스 마 트 폰   앱 을   통 해   확 인 할   수   있 는   I o T   제 품 이 다 .   수 면   시 간 과   수 면 의   질 은   물 론   수 면   도 중   비 정 상 적 인   맥 박 이 나   호 흡   발 생   여 부   등 을   살 펴 볼   수   있 는   다 양 한   메 뉴 를   갖 추 고   있 다 . 
                       
 삼 성 전 자 와   삼 성   ‘ 슬 립 센 스 ’   개 발 에   참 여 한   미 국   하 버 드   의 과 대 학   연 구 팀 의   만 조 로 스 ( C h r i s t o s   S .   M a n t z o r o s )   교 수 는   “ 삼 성 의   최 첨 단   기 술 로   수 면 의   질 을   개 선 할   수   있 는   가 능 성 이   열 렸 으 며   전 문   의 료 진   관 점 의   맞 춤 형   조 언 을   슬 립 센 스 를   통 해   제 공 할   것 ” 이 라 고   설 명 했 다 . 
                       
 또   삼 성   스 마 트   T V ,   스 마 트   에 어 컨 ,   무 선   오 디 오   등   주 변   기 기 와   ‘ 슬 립 센 스 ’ 를   연 동 할   경 우   사 용 자 의   수 면   상 태 에   따 라   전 원 과   음 향 을   조 정 하 고   쾌 면 을   위 한   최 적   온 도 를   자 동 으 로   유 지 할   수   있 다 .   향 후   ‘ 삼 성   스 마 트 싱 스   허 브 ’ 를   통 해   연 동   제 품 은   더 욱   늘 어 날   전 망 이 다 . 
                       
 삼 성 전 자   글 로 벌 마 케 팅 실   홍 원 표   사 장 은   “ I o T 는   단 순 한   기 술   트 렌 드 가   아 닌 ,   산 업   패 러 다 임 의   전 환 을   일 으 킬   거 대 한   조 류 ” 라 며   “ 플 랫 폼 을   개 방 하 고   업 계 를   넘 어   협 업 하 며 ,   기 술 보 다   인 간 을   항 상   중 심 에   놓 는   것 이   삼 성 전 자 의   I o T   전 략 의   핵 심 ” 이 라 고   밝 혔 다 . 
                       
 
 
 
 
 
 
 L G 전 자 가   이 달   4 일 부 터   9 일 까 지   독 일   베 를 린 에 서   열 리 는   ‘ I F A   2 0 1 5 ’ 에 서   차 원 이   다 른   올 레 드 ( O L E D · 유 기 발 광 다 이 오 드 )   T V   6 4 대 를   이 용 해   초 대 형   미 디 어   월 을   구 성 했 다 .   모 델 들 이   올 레 드   미 디 어   월 을   소 개 하 고   있 다 .   사 진 = L G 전 자 
 
 
 
 ◆   스 마 트   가 전 과   연 결 성   높 인   ‘ 스 마 트   홈 ’ 
 L G 전 자 는   ‘ I F A   2 0 1 5 ’   전 시 관   입 구 에   차 원 이   다 른   올 레 드   T V   6 4 대 를   이 용 해   초 대 형   미 디 어   월 을   구 성 했 다 .   이   미 디 어   월 은   전 시 장 의   공 중 에   올 레 드   T V 를   띄 워   밤 하 늘 에   떠   있 는   별 을   형 상 화 한   것 이   특 징 이 다 .   올 레 드   T V 가   구 현 하 는   완 벽 한   블 랙 의   화 면 에   자 연 의   풍 경 ,   세 계 적 인   예 술 작 품   등 을   상 영 해   전 시 장 에 서   관 람 객 들 이   압 도 적 인   화 질 의   감 동 을   느 낄   수   있 도 록   했 다 . 
                       
 L G 전 자   해 외 영 업 본 부 장   박 석 원   부 사 장 은   “ 차 원 이   다 른   올 레 드 의   화 질 과   사 용   편 의 성 을   강 화 한   스 마 트   기 술 로   고 객 의   삶 을   더   윤 택 하 게   만 드 는   제 품 들 을   선 보 여   세 계   시 장 을   선 도 해   나 갈   것 ” 이 라 고   강 조 했 다 . 
                       
 L G 전 자 는   이 번   전 시 회 에 서   H D R ( H i g h   D y n a m i c   R a n g e )   기 술 을   탑 재 해   더 욱   생 생 한   화 질 을   보 여 주 는   올 레 드   T V 를   비 롯 해   올 레 드   대 중 화   시 대 를   위 한   다 양 한   라 인 업 의   올 레 드   T V 를   선 보 인 다 .   특 히   L G 전 자 는   전   세 계   화 질   전 문 가 들 과   소 비 자 들 로 부 터   극 찬 을   받 고   있 는   울 트 라   올 레 드   T V   라 인 업 을   집 중   소 개 하 며   프 리 미 엄   시 장 의   주 도 권 을   이 어 간 다 는   계 획 이 다 . 
                       
 자 체   개 발 한   스 마 트   T V   운 영 체 제 인   ‘ 웹 O S   2 . 0 ’ 에 서   즐 기 는   풍 부 한   컨 텐 츠 와   편 의 성 을   선 보 였 다 .   L G 전 자 는   올 해   출 시 한   모 든   스 마 트   T V 에   ‘ 웹 O S   2 . 0 ’ 을   탑 재 해   독 자 적 인   스 마 트   T V   생 태 계 를   구 축 해   왔 다 . 
                       
 기 존   ‘ 웹 O S ’ 을   사 용 하 던   고 객 들 이   ‘ 웹 O S   2 . 0 ’ 의   주 요   기 능 들 을   사 용 할   수   있 게   해 주 는   무 상   업 그 레 이 드 도   직 접   시 연 한 다 .   업 그 레 이 드 가   되 면   채 널   즐 겨 찾 기 ( M y   C h a n n e l s ) ,   빠 른   설 정 ( Q u i c k   S e t t i n g ) ,   외 부 입 력   선 택 ( I n p u t   P i c k e r )   등 의   기 능 이   추 가 되 는   것 은   물 론 ,   다 른   앱 으 로   전 환 하 는   속 도 ,   홈   화 면   로 딩   속 도   등 도   빨 라 진 다 . 
                       
 
 
 
 
 
 
 L G 전 자 가   이 달   4 일 부 터   9 일 까 지   독 일   베 를 린 에 서   열 리 는   ‘ I F A   2 0 1 5 ’ 에 서   스 마 트 씽 큐   센 서 ,   올 조 인   탑 재 한   스 마 트   가 전   등   연 결 성   높 인   스 마 트 홈   전 시 공 간 을   구 성 했 다 .   모 델 이   스 마 트 홈   전 시 공 간 을   소 개 하 고   있 다 .   사 진 = L G 전 자 
 
 
 L G 전 자 는   일 반   가 전 을   스 마 트   가 전 으 로   바 꿔 주 는   스 마 트 씽 큐 ( S m a r t T h i n Q ™   S e n s o r )   센 서 와   사 물 인 터 넷   오 픈   플 랫 폼 인   올 조 인 ( A l l J o y n ) 을   적 용 한   스 마 트   가 전 들 을   공 개 했 다 . 
                       
 스 마 트 씽 큐   센 서 는   지 름 이   약   4 c m 인   원 형   모 양 의   탈 부 착 형   장 치 다 .   이   센 서 가   세 탁 기 ,   냉 장 고 ,   에 어 컨   등   일 반   가 전 에   부 착 되 면   스 마 트 폰 으 로   작 동   상 태 를   알 려 주 고   원 격   제 어 도   지 원 한 다 . 
                       
 L G 전 자 는   사 물 인 터 넷   플 랫 폼 인   올 조 인 을   적 용 한   광 파 오 븐 과   에 어 컨 을   선 보 였 다 .   L G 전 자 가   생 활 가 전 에   올 조 인 을   탑 재 한   것 은   이 번 이   처 음 이 다 .   다 른   가 전 에 도   올 조 인   탑 재 를   지 속   확 대 할   예 정 이 다 . 
                       
 박 일 경   기 자   
                       i k p a r k @ s e g y e . c o m 
 
 
                         < 세 계 파 이 낸 스 > 
 
 
 
 
 [ ⓒ   세 계 일 보   &   S e g y e . c o m ,   무 단 전 재   및   재 배 포   금 지 ] 
"
8,세계일보,[설왕설래] 특허전쟁,"
 “ 기 업 과   국 가 의   가 장   중 요 한   생 존 전 략 은   지 식   장 악 에   있 다 . ” ( 미   M I T   레 스 터   서 로   교 수 )   “ 특 허 가   없 으 면   미 래 도   없 다 . ” ( 삼 성 전 자   슬 로 건 ) 
                       
 세 계 는   지 금   무 한   기 술 경 쟁 ,   특 허 전 쟁   중 이 다 .   특 허 는   곧   기 업 경 쟁 력 이 고   수 익 창 출 의   원 동 력 이 다 .   미 국   5 0 0 대   기 업 의   시 가 총 액   가 운 데   특 허   등   무 형 자 산   비 중 은   1 9 8 5 년   3 2 % 에 서   2 0 0 5 년   8 0 % 로   늘 어 났 다 .   전   세 계   특 허   1 위   기 업 인   미 국   I B M 의   지 식 재 산 권   수 입 은   2 0 0 7 년   기 준   9 억 6 0 0 0 만 달 러 ( 약   1 조 1 0 0 0 억 원 ) 에   달 한 다 .   
                       
 삼 성 전 자 와   미 국   램 버 스   간 의   지 난   5 년 간   지 루 한   특 허 소 송 이   마 무 리 됐 다 .   삼 성 전 자 는   램 버 스 의   반 도 체   기 술 을   사 용 하 는   조 건 으 로   앞 으 로   5 년 간   7 억 달 러 를   지 급 하 기 로   했 다 .   우 리 나 라 는   세 계   최 초 로   C D M A ( 코 드 분 할 다 중 접 속 ) 방 식 의   휴 대 전 화   서 비 스 를   상 용 화 했 지 만   원 천 기 술 을   가 진   미 국   퀄 컴 사 에   1 0 여 년 간   5 조 원 의   특 허 료 를   지 급 했 다 .   L E D ( 발 광 다 이 오 드 ) 업 체 인   서 울 반 도 체 는   특 허   침 해 와   관 련 해   수 년 간   다 툼   끝 에   승 리 했 지 만   5 0 0 0 만 달 러 를   썼 다 .   8 0 ∼ 9 0 년 대 엔   반 덤 핑   규 제 가   기 업 의   해 외   진 출 의   걸 림 돌 이 었 지 만   2 0 0 0 년 대   들 어 선   특 허 분 쟁 에   골 머 리 를   앓 고   있 다 . 
                       
 2 0 0 8 년   특 허 보 고 서 에   따 르 면   우 리 나 라   특 허 출 원   건 수 는   1 7 만 2 0 0 0 건 으 로   일 본 ,   미 국 에   이 어   세 계   3 위 다 .   독 일 을   제 쳤 다 .   그 러 나   특 허 의   질 을   들 여 다 보 면   아 직   멀 었 다 .   우 리 나 라   기 술 무 역   수 지 는   2 0 0 7 년   기 준   2 9 억 달 러   적 자 다 .   미 국 ( 3 7 0 억 달 러 )   영 국 ( 1 6 8 억 달 러 )   일 본 ( 1 5 0 억 달 러 )   등   막 대 한   흑 자   국 가 와   대 조 적 이 다 .   
                       
 전   세 계 적 으 로   무 려   2 2 0 개   특 허 전 문 업 체 가   있 다 .   특 허 소 송 만 을   전 담 하 는   ‘ 특 허 괴 물 ’ 들 이 다 .   인 텔 이   주 도 하 는   ‘ 인 텔 렉 추 얼 벤 처 스 ’ 가   삼 성 전 자   등 을   상 대 로   수 천 억   원 대 의   연 간   특 허 료 를   요 구 한   일 은   반 면 교 사   감 이 다 .   
                       
 미 국 은   I B M 의   특 허   최 고 책 임 자 를   특 허 청 장 에   임 명 했 다 .   특 허 분 쟁 에   적 극   대 처 하 겠 다 는   오 바 마   정 부   의 지 가   읽 힌 다 .   유 럽 연 합 ( E U )   집 행 위 원 회 는   ‘ 유 럽   산 업 재 산 권   전 략 ’ 을   수 립 했 고 ,   복 제   왕 국 의   오 명 을   가 진   중 국 도   지 식 재 산   전 략 을   국 가   3 대 전 략 으 로   선 정 했 다 .   기 술   개 발 과   보 호 에   선 진 국 들 이   총 력 전 을   펼 치 고   있 다 .   우 리 도   정 신   바 짝   차 려 야   한 다 .   
                       
 
 임 국 현   논 설 위 원 
 
 
 
 
 [ ⓒ   세 계 일 보   &   S e g y e . c o m ,   무 단 전 재   및   재 배 포   금 지 ] 
"
