언론사,제목,내용
아시아투데이,"풀무원, ‘바른먹거리 캠페인’ 전국 확대…2만여명에 무상 교육","[ 사 진 1 ]   풀 무 원   바 른 먹 거 리   캠 페 인   교 육 _ 미 취 학 아 동   미 각 교 육 0 풀 무 원   바 른 먹 거 리   캠 페 인 에 서   미 취 학   어 린 이 가   미 각   교 육 을   받 고   있 다 .   / 제 공 = 풀 무 원   풀 무 원 이   어 린 이 들 에 게   바 른   식 습 관 을   길 러 주 는   ‘ 바 른 먹 거 리   캠 페 인   교 육 ’ 을   올 해   전 국 으 로   확 대 해   2 만 명   이 상 에 게   무 상   교 육 을   실 시 한 다 . 풀 무 원 은   오 는   1 0 일   서 울   성 북 구   하 월 곡 동   ‘ 새 싹 어 린 이 집 ’ 을   시 작 으 로   ‘ 2 0 1 6   바 른 먹 거 리   캠 페 인 ’ 을   실 시 한 다 고   3 일   밝 혔 다 . 이   캠 페 인 은   어 린 이 의   올 바 른   식 습 관   형 성 을   위 해   풀 무 원 이   2 0 1 0 년 부 터   무 상 으 로   실 시 하 고   있 는   먹 거 리   조 기   교 육   프 로 그 램 이 다 .   풀 무 원 은   지 난 해   1 만 7 0 0 0 여 명 을   교 육 하 는   등   6 년   동 안   2 1 3 8 회 에   걸 쳐   4 만 9 4 0 2 명 에 게   교 육 을   실 시 했 고 ,   2 0 2 0 년 까 지   1 0 만 명   교 육 을   목 표 로   하 고   있 다 . 지 난 해 까 지   서 울 · 인 천 · 경 기   등   수 도 권   지 역   중 심 으 로   교 육 을   실 시 해   왔 으 나   올 해 부 터 는   부 산   등   전 국   광 역 시 까 지   지 역 을   확 대 하 고 ,   유 치 부 ( 6 ~ 7 세 )   3 0 0 회 ,   초 등 학 생 ( 3 ~ 4 학 년 )   3 5 0 회 ,   초 등 학 생 ( 2 ~ 4 학 년 )   자 녀 를   둔   학 부 모   대 상   1 5 0 회   등   총   8 0 0 회 에   걸 쳐   2 만 여 명 에 게   무 상   교 육 을   실 시 한 다 . 유 치 원   및   어 린 이 집 ,   초 등 학 교 ,   지 역 아 동 센 터   등 에   직 접   찾 아 가   교 육 을   진 행 하 며 ,   교 육   신 청 은   풀 무 원 의   위 탁 을   받 은   ‘ 푸 드 포 체 인 지 ’   홈 페 이 지 ( w w w . f o o d f o r c h a n g e . o r . k r ) 에 서   매 달   신 청   가 능 하 다 ."
아시아투데이,"풀무원다논, 무주 공장 요거트 생산라인 증설…239억원 투입","풀 무 원 다 논 0 전 북   무 주 농 공 단 지 에   위 치 한   풀 무 원 다 논   요 거 트   공 장   전 경 / 제 공   =   풀 무 원 다 논   풀 무 원 다 논 은   총   2 3 9 억 원 을   투 입 해   3 개 의   신 규   요 거 트   생 산 라 인 을   증 설 하 고   연 간   요 거 트   생 산 능 력 을   2 배   이 상   확 대 했 다 고   4 일   밝 혔 다 . 풀 무 원 다 논 은   풀 무 원 의   바 른 먹 거 리   원 칙 과   1 0 0 년   발 효   역 사 를   지 닌   프 랑 스   다 논 의   세 계   1 위   요 거 트   기 술 이   더 해 져   설 립 된   요 거 트   전 문   기 업 이 다 . 대 지 면 적   1 1 만 9 9 3 6 ㎡ ( 3 만 6 2 8 0 평 ) ,   연 면 적   1 만 3 0 7 8 ㎡   규 모 의   풀 무 원 다 논   무 주 공 장 은   2 0 0 8 년   세 계   1 위   요 거 트   전 문 기 업   다 논 의   제 품   제 조   역 량 을   집 약 해   설 립 됐 다 .   국 내   요 거 트   공 장 에 서 는   쉽 게   접 할   수   없 는   △ 원 유   전 살 균   설 비   △ 유 산 균   투 입 기 ( M I F )   등   차 별 화 된   공 정 과   설 비 가   갖 춰 져   있 다 .   국 내   요 거 트   시 장   트 렌 드 를   주 도 하 며   성 장 을   거 듭 해 온   풀 무 원 다 논 은   이 번   무 주 공 장   증 축 을   통 해   3 0 7 2 ㎡ ( 9 2 9 평 ) 의   연 면 적 을   추 가 로   확 보 하 고   고 속 충 진 설 비 와   포 장 설 비 · 전 처 리 설 비   등 을   증 설 해   요 거 트   생 산   능 력 을   기 존 의   2 만 8 0 0 0 톤 에 서   2 . 3 배 가   넘 는   6 만 6 8 0 0 톤 으 로   확 대 했 다 . 이 번   증 축 을   통 해   풀 무 원 다 논 은   증 가 하 고   있 는   소 비 자   수 요 에   맞 는   제 품   공 급 이   가 능 해 졌 고 ,   시 장   트 렌 드 에   빠 르 게   대 응 할   수   있 는   인 프 라 를   갖 추 게   됐 다 .   또   무 주 군 을   비 롯   전 북   동 부 권   지 역 의   고 용   창 출   및   지 역 경 제   활 성 화 에 도   기 여 할   것 으 로   보 고   있 다 . 풀 무 원 다 논 의   무 주 공 장   증 축 은   매 년   두   자 리   수   이 상 의   높 은   성 장 을   한   결 과 다 .   국 내   요 거 트   시 장 은   경 쟁 이   치 열 하 고   완 숙 기 에   접 어 들 어   성 장 이   더 딘   편 이 지 만 ,   풀 무 원 다 논 은   매 년   혁 신 적 인   신 제 품 을   선 보 이 며   지 속 적 인   성 장 을   해 왔 다 .   실 제   닐 슨 코 리 아 에   따 르 면   최 근   3 년 간   국 내   요 거 트   시 장 은   연 평 균 성 장 률 은   0 . 5 % 에   그 친   반 면   풀 무 원 다 논 은   같 은   기 간   연 평 균   1 0 . 9 %   매 출   성 장 률 을   보 이 고   있 다 .   스 테 디 셀 러   ‘ 액 티 비 아 ’ 의   ‘ 화 이 트 ’ 를   비 롯 해   ‘ 아 이 러 브 요 거 트 ’ 의   ‘ 한 끼 오 트 ’ ,   ‘ 그 릭 ’ 의   ‘ 그 릭   달 지   않 은   플 레 인 ’ ,   ‘ 솔 루 션 ’ 의   ‘ 위 솔 루 션 ’   등   변 화 하 는   소 비 자 들 의   라 이 프   스 타 일 에   맞 춘   신 제 품   개 발 과   다 양 한   맛   출 시 로   포 트 폴 리 오 를   강 화 한   것 이   성 장   비 결 로   손 꼽 힌 다 .   또   최 근 에 는   고 단 백   요 거 트   신 제 품   ‘ 오 이 코 스 ’ 와   다 양 한   토 핑 을   요 거 트 와   함 께   즐 기 는   ‘ 요 거 톡 ’ 을   선 보 이 기 도   했 다 . 정 희 련   풀 무 원 다 논   대 표 는   “ 풀 무 원 다 논   무 주 공 장 은   그 동 안   ‘ 액 티 비 아 ’   등   세 계 적   수 준 의   발 효 유   제 품 들 을   생 산 해   오 면 서   풀 무 원 다 논 이   국 내   최 대   규 모 의   요 거 트   전 문   기 업 으 로   발 돋 움 하 는   전 진   기 지   역 할 을   해   왔 다 ” 며   “ 이 번   3 개   라 인   증 설 로   생 산   능 력 이   2 배   이 상   늘 어 난   만 큼   앞 으 로   더   새 롭 고   다 양 한   맛 과   기 능 을   갖 춘   제 품 들 을   선 보 이 며   국 내   요 거 트   시 장 점 유 율 을   확 대 해   나 가 겠 다 ” 고   밝 혔 다 . 풀 무 원 다 논 0 풀 무 원 다 논   액 티 비 아 · 그 릭 · 아 이 러 브 요 거 트 · 솔 루 션   주 요   제 품"
아시아투데이,"풀무원식품, 신임 대표에 김진홍 전 LG전자 글로벌마케팅센터장 선임","[ 사 진 ]   풀 무 원 식 품 ( 주 )   신 임   김 진 홍   대 표   ( 1 ) 0 김 진 홍   풀 무 원 식 품   신 임   대 표 이 사   풀 무 원 은   계 열 사 인   풀 무 원 식 품 의   신 임   대 표 이 사 에   김 진 홍   전   L G 전 자   글 로 벌 마 케 팅 센 터 장 ( 5 5 ) 을   선 임 했 다 고   1 5 일   밝 혔 다 .   김 진 홍   신 임   대 표 는   글 로 벌   브 랜 드   질 레 트 · 켈 로 그   등 에 서   2 0 여   년 간   국 내   및   다 양 한   국 가 에 서   마 케 팅   전 문 가 로   활 동 했 으 며   켈 로 그   동 남 아 시 아   사 장 ,   켈 로 그 코 리 아   대 표 이 사 ,   L G 전 자   프 랑 스   법 인 장 ,   L G 전 자   글 로 벌 마 케 팅   센 터 장 을   역 임 했 다 . 김   신 임   대 표 는   “ 코 로 나   팬 데 믹 으 로   건 강 과   지 구 환 경 을   생 각 하 는   로 하 스   가 치 가   더 욱   주 목 받 는   상 황 에 서 ,   한 국 의   대 표 적 인   바 른 먹 거 리   기 업 이 자   로 하 스   기 업 인   풀 무 원 식 품 이   앞 으 로   글 로 벌   넘 버 원   로 하 스   기 업 으 로   성 장 할   수   있 도 록   최 선 의   노 력 을   다 하 겠 다 ” 고   포 부 를   밝 혔 다 .    "
아시아투데이,"풀무원, 어린이 2만2000명에 ‘바른먹거리 캠페인 교육’ 실시","무 0 사 진 = 풀 무 원   풀 무 원 은   어 린 이 에 게   바 른   식 습 관 을   길 러 주 는   ‘ 바 른 먹 거 리   캠 페 인   교 육 ’ 을   올 해   2 만 2 0 0 0 명 에 게   무 료 로   실 시 한 다 고   2 8 일   밝 혔 다 .   풀 무 원 은   오 는   3 월   8 일   서 울   은 평 구   은 평 구 립 도 서 관 에 서   인 근 지 역   초 등 학 생   대 상 을   시 작 으 로   2 0 1 7 년 도   바 른 먹 거 리   캠 페 인   교 육 을   시 작 한 다 .   바 른 먹 거 리   캠 페 인   교 육 은   어 릴   때 부 터   건 강 한   먹 거 리 와   친 해 지 고   균 형   잡 힌   올 바 른   식 습 관 을   형 성 할   수   있 도 록   하 는   풀 무 원 의   ‘ 먹 거 리   조 기   교 육 ’   프 로 그 램 이 다 . 풀 무 원 은   지 난 해   2 만   여 명 을   교 육 하 는   등   7 년   동 안   3 0 0 0 여 회 에   걸 쳐   7 만   여 명 에 게   무 료 교 육 을   실 시 했 으 며 ,   2 0 2 0 년 까 지   1 0 만   명   교 육 을   목 표 로   하 고   있 다 . 올 해 는   서 울   및   수 도 권 · 부 산 · 광 주 지 역   유 치 부 ( 6 ~ 7 세 )   3 3 0 회 ,   초 등 학 생 ( 3 ~ 4 학 년 )   4 0 0 회 ,   초 등 학 생 ( 2 ~ 4 학 년 )   자 녀 를   둔   학 부 모   대 상   1 5 0 회   등   총   8 8 0 회 에   걸 쳐   2 만 2 0 0 0 여 명 을   대 상 으 로   무 료 교 육 을   실 시 한 다 . 이   교 육 은   풀 무 원 에   바 른 먹 거 리   캠 페 인   교 육 을   위 탁   받 은   사 단 법 인   ‘ 푸 드 포 체 인 지 ( F o o d   f o r   C h a n g e ) ’ 의   식 생 활   전 문   교 육   강 사   ‘ 푸 듀 케 이 터 ( F o o d + e d u c a t o r ) ’ 가   유 치 원 · 어 린 이 집 · 초 등 학 교 · 지 역 아 동 센 터   등 에   직 접   찾 아 가   실 시 한 다 .   교 육 신 청 은   푸 드 포 체 인 지   홈 페 이 지 에 서   매 달   1 5 일 부 터   할   수   있 다 . 바 른 먹 거 리   캠 페 인   교 육 은   미 각   교 육 · 식 품 표 시   확 인   교 육 · 영 양 균 형   교 육   등 을   주 제 로   한   프 로 그 램 이   구 성 돼   있 다 . 특 히   올 해 부 터   풀 무 원 이   제 안 하 는   ‘ 2 1 1 식 사 법 ’   교 육 을   추 가 해   균 형   잡 힌   식 사 의   중 요 성 을   자 세 히   알 릴   계 획 이 다 .   2 1 1 식 사 법 은   당   흡 수 를   줄 이 는   식 생 활   ‘ 지 엘 ( G L ,   G l y c e m i c   L o a d )   다 이 어 트 ’ 의   일 환 으 로   신 선 한   채 소 · 포 화 지 방 이   적 은   단 백 질 · 거 친   통 곡 물 을   2 : 1 : 1   비 율 로   골 고 루   섭 취 하 는   식 사 법 이 다 . 유 치 부 ( 6 ~ 7 세 )   교 육 은   6 0 분 씩   총   2 회 로   나 눠   ‘ 영 양 균 형 ’ 과   ‘ 미 각 교 육 ’ 을   진 행 한 다 . 영 향 균 형   프 로 그 램 은   어 린 이 의   눈 높 이 에   맞 춰   바 른 먹 거 리   송 과   함 께   율 동 을   가 르 치 고   팝 업 북 을   이 용 한   구 연 동 화 를   통 해   2 1 1 식 사 법 의   중 요 성 을   알 려 주 는   등   아 이 들 이   즐 겁 게   바 른 먹 거 리   교 육 에   참 여 할   수   있 도 록   구 성 했 다 .   또   미 각 교 육 을   위 해   오 감 을   활 용 해   식 재 료 를   맞 추 는   사 물 탐 구 게 임 과   어 린 이 들 이   제 철   식 재 료 를   활 용 해   직 접   요 리 하 고   맛 보 는   실 습 교 육 도   실 시 한 다 . 초 등 학 생 ( 3 ~ 4 학 년 )   대 상   교 육 은   ‘ 식 품 표 시   확 인 교 육 ’ 과   ‘ 영 양 균 형 & 미 각 교 육 ’   등   9 0 분 씩   2 회   수 업 으 로   구 성 돼   있 다 .   게 임 과   첨 가 물   실 험 을   통 해   식 품 표 시   사 항 에   대 한   정 보 를   알 고 ,   오 감 을   활 용 한   미 각 교 육 과   간 식 만 들 기   활 동 을   통 해   영 양 균 형 의   중 요 성 을   알 려 주 는   내 용 이 다 . 올 해 에 는   특 히   ‘ 2 1 1 식 사 법 ’ 을   알 려 주 는   내 용 도   추 가 됐 다 .   학 생 들 이   영 양 균 형   활 동 지 에   실 제   먹 는   저 녁 메 뉴 를   직 접   그 려 보 며   2 1 1 식 사 를   실 천 하 는 지   알 아 본 다 . 초 등 학 생 ( 2 ~ 4 학 년 )   자 녀 를   둔   학 부 모 와   아 이 를   대 상 으 로   한   바 른 먹 거 리   학 부 모 · 아 이   교 육 은   1 회   9 0 분   수 업 으 로   진 행 한 다 .   건 강 한   밥 상 을   주 제 로   저 녁   밥 상   풍 경 을   학 부 모 와   아 이 가   서 로   이 야 기 하 며   가 족   간   대 화 와   소 통 의   중 요 성 을   느 끼 고 ,   2 1 1 식 사 법 을   적 용 한   요 리 실 습 을   통 해   영 양 균 형 을   중 요 성 을   배 운 다 . 이 지 영   풀 무 원 재 단   C S R   담 당 은   “ 올 해   8 년 차 를   맞 은   바 른 먹 거 리   캠 페 인   교 육 은   국 내   대 표   조 기   식 생 활 교 육 으 로   자 리 잡 았 다 ” 며   “ 특 히   이 번   교 육 부 터   건 강 한   식 생 활 과   영 양 균 형 을   강 조 하 는   2 1 1 식 사 법 을   추 가 해   로 하 스 식 생 활 의   대 중 화 를   위 해   노 력 할   것 ” 이 라 고   전 했 다 .  "
아시아투데이,"풀무원, ‘대한민국소셜미디어대상’ 종합식품·소셜브랜드부문 대상","ㄴ ㄴ 0 풀 무 원 은   1 5 일   서 울   중 구   한 국 프 레 스 센 터 에 서   열 린   ‘ 2 0 1 7   대 한 민 국   소 셜 미 디 어   대 상 ’   시 상 식 에 서   종 합 식 품 부 문   대 상 ,   소 셜 브 랜 드 부 문   대 상 을   수 상 했 다 . / 사 진 = 풀 무 원   풀 무 원 은   한 국 인 터 넷 소 통 협 회 가   주 최 하 고   과 학 기 술 정 통 부   등 이   후 원 하 는   ‘ 대 한 민 국 소 셜 미 디 어 대 상 ’ 에 서   종 합 식 품 부 문   대 상 과   소 셜 브 랜 드 부 문   대 상 을   동 시 에   수 상 했 다 고   1 6 일   밝 혔 다 .   대 한 민 국 소 셜 미 디 어 대 상 은   S N S 를   포 함 한   디 지 털   기 반 의   소 통 마 케 팅   도 구 를   활 용 해   고 객 과   활 발 히   소 통 하 는   우 수   기 업 을   발 굴 ,   우 수 사 례 를   확 산 하 고 자   2 0 0 9 년 부 터   매 년   실 시 되 고   있 다 . 올 해   풀 무 원 은   소 셜   네 트 워 크   서 비 스 ( S N S ) 채 널 · 콘 텐 츠 · 소 통 마 케 팅   효 과 · 운 영 성   평 가 · 빅 데 이 터   가 치   측 정   등   종 합 평 가   결 과   최 상 위   등 급 인   ‘ A A A ( 7 8 . 1 2 점 ) ’ 를   받 아   2 개   부 문 에 서   대 상 을   수 상 했 다 .   3 5 개   수 상   기 업   중   풀 무 원 은   6 위 를   차 지 했 으 며   종 합 식 품 기 업   중 에 서 는   풀 무 원 이   유 일 하 다 .   한 국 인 터 넷 소 통 협 회 는   “ 올 해   상 반 기   기 업   및   공 공 기 관 의   S N S   소 통 활 동   저 변   확 대 를   통 한   대 외   소 통   강 화 가   두 드 러 지 고   있 는   가 운 데 ,   풀 무 원 은   고 객 친 화 적 인   S N S   소 통   활 동 으 로   고 객 들 의   높 은   호 응 을   이 끌 어 냈 다 ” 고   평 가 했 다 .   풀 무 원   S N S   채 널 을   담 당 하 는   진 영 주   팀 장 은   “ 풀 무 원 은   빠 르 게   진 화 하 는   소 셜   미 디 어   트 렌 드 에   발 맞 춰   소 비 자 들 에 게   다 양 한   정 보 를   제 공 하 고   참 여 를   이 끌 어 내 기   위 해   지 속 적 으 로   새 로 운   시 도 를   하 고   있 다 ” 라 며   “ 이 번   수 상 을   계 기 로   앞 으 로 도   고 객 과   더 욱   진 정 성   있 게   소 통 하 며   풀 무 원   바 른   먹 거 리 와   로 하 스 의   가 치 를   알 릴   것 ” 이 라 고   전 했 다 .  "
아시아투데이,"풀무원, 어른들을 위한 ‘성인 바른먹거리 교육’ 실시…“어른이 먼저 불균형 식습관 개선해야”","풀 무 원 0 성 인   바 른 먹 거 리   교 육   시 간 에   강 사 가   교 육 생 들 에 게   당   흡 수 를   줄 이 는   식 생 활   지 엘   다 이 어 트 를   소 개 하 고   있 다 .   풀 무 원 이   어 른 들 을   위 한   ‘ 성 인   바 른 먹 거 리   교 육 ’ 에   대 대 적 으 로   나 섰 다 .   풀 무 원 은   올 해   학 부 모 · 보 육 교 사 · 영 양 사 · 영 양 교 사 · 대 학 생   등   3 2 0 0 명 을   대 상 으 로   1 5 5 회 에   걸 쳐   ‘ 성 인   바 른 먹 거 리   교 육 ’ 을   무 료 로   실 시 한 다 고   1 8 일   밝 혔 다 .   ‘ 성 인   바 른 먹 거 리   교 육 ’ 은   풀 무 원 이   2 0 1 5 년 부 터   어 린 이   식 습 관   형 성 에   큰   영 향 을   미 치 는   성 인 들 을   대 상 으 로   진 행 하 고   있 는   먹 거 리   교 육 이 다 .   어 른 들 이   먼 저   불 균 형 한   식 습 관 을   개 선 해   어 린 이 들 에 게   올 바 른   식 습 관 을   심 어 줄   수   있 도 록   교 육 하 고   있 다 . 주 로   학 부 모 를   대 상 으 로   시 행 했 으 나   어 린 이   교 육   현 장 에 서   활 용 도 를   높 이 기   위 해   2 0 1 8 년 부 터 는   식 품 영 양 학 과   및   교 육 학   등   관 련   전 공   대 학 생 까 지   교 육   대 상 을   확 대 했 다 . 교 육 은   풀 무 원 의   비 영 리   공 익 법 인 인   풀 무 원 재 단 이   ( 사 ) 대 한 지 역 사 회 영 양 학 회 에   위 탁 해   운 영 하 고   있 다 .   전 국   육 아 종 합 지 원 센 터 · 어 린 이 급 식 관 리 지 원 센 터 · 대 학 교   등 으 로   식 생 활   교 육   전 문   강 사 가   직 접   찾 아 가   진 행 한 다 . 성 인   바 른 먹 거 리   교 육   프 로 그 램 은   ‘ 지 엘 ( G L ; G l y c e m i c   L o a d · 혈 당 부 하 )   다 이 어 트 ’   교 육 을   중 심 으 로   구 성 돼   있 다 .   지 엘   다 이 어 트 는   당   흡 수 를   줄 이 는   식 생 활 로 ,   풀 무 원 이   제 안 하 는   ‘ 2 1 1 식 사 법 ’ 으 로   일 상 에 서   쉽 게   실 천 할   수   있 다 .   ‘ 2 1 1 식 사 법 ’ 은   신 선 한   채 소 와   포 화 지 방 이   적 은   단 백 질 · 통 곡 물 을   2 : 1 : 1 의   비 율 로   균 형   있 게   섭 취 해   대 사 증 후 군   예 방 을   돕 는   영 양 균 형   식 사 법 이 다 . 총   6 0 분 간   진 행 되 는   성 인   바 른 먹 거 리   교 육 은   이 론 ( 2 5 분 ) · 실 천 ( 2 5 분 ) · 체 험 ( 1 0 분 ) 으 로   구 성 돼   있 다 . 윤 민 호   풀 무 원 재 단   사 무 국 장 은   “ ‘ 성 인   바 른 먹 거 리   교 육 ’ 은   어 린 이   식 습 관 에   영 향 을   미 칠   수   있 는   어 른 들 이   먼 저   식 습 관 을   건 강 하 게   개 선 할   필 요 성 을   느 껴   실 시 하 고   있 다 .   높 은   탄 수 화 물   섭 취 량   등   고 질 적 인   영 양   불 균 형   식 습 관 을   어 른 들 부 터   바 꿔 나 가 도 록   교 육 한 다 ” 면 서   “ 앞 으 로 도   지 속 해 서   교 육 을   확 대 해   어 른 의   건 강 한   식 습 관 이   아 이 들 에 게 까 지   긍 정 적 인   영 향 을   줄   수   있 도 록   꾸 준 히   노 력 하 겠 다 ” 고   말 했 다 ."
아시아투데이,풀무원 ‘바른먹거리 교육’ 영역 넓힌다,"[ 사 진 3 ]   요 리 실 습 _ 멸 치 주 먹 밥   만 들 기 1 0 풀 무 원 의   ‘ 바 른 먹 거 리   캠 페 인 ’ 에   참 가 한   어 린 이 들 이   요 리 실 습 을   통 해   멸 치 주 먹 밥 을   만 들 고   있 다 .   / 제 공 = 풀 무 원   풀 무 원 이   대 표 적 인   공 유 가 치 창 출 ( C S V )   활 동 인   ‘ 2 0 1 5   바 른 먹 거 리   캠 페 인 ’ 을   확 대   실 시 한 다 .   풀 무 원 은   홈 플 러 스 와   함 께   6 ~ 7 세   미 취 학   아 동 을   대 상 으 로   영 양 균 형 · 미 각 교 육 을   통 해   음 식 에   대 한   호 기 심 을   불 러   일 으 키 고   아 이 들 이   바 른 먹 거 리 를   더   쉽 고   즐 겁 게   이 해 할   수   있 도 록   ‘ 2 0 1 5   바 른 먹 거 리   캠 페 인 ’ 을   확 대   실 시 한 다 고   2 5 일   밝 혔 다 .   풀 무 원 은   홈 플 러 스 와   2 0 1 1 년 부 터   5 년 째   초 등 학 생 들 을   대 상 으 로   바 른 먹 거 리   교 육 을   진 행 해   왔 으 며 ,   미 취 학   아 동 을   대 상 으 로   한   교 육 은   이 번 이   처 음 이 다 . 이 번   캠 페 인 은   서 울 · 경 인 지 역   2 0 개   점 포   평 생 교 육 스 쿨 에 서   미 취 학 아 동   8 0 0 명 을   대 상 으 로   1 0 월   1 8 일 까 지   4 0 회 에   걸 쳐   진 행 할   계 획 이 다 .   교 육 은   6 0 분 씩 ,   총   2 회   교 육 ( 1 2 0 분 ) 으 로   ‘ 영 양 균 형 편 ’ 과   ‘ 미 각 교 육 편 ’ 을   진 행 한 다 .   어 린 이 의   눈 높 이 에   맞 춰   ‘ 영 양 균 형   보 드 게 임 ’ 을   하 고 ,   팝 업   동 화 인   ‘ 콩 채 요 정   도 와 줘 ’ 를   들 려 줌 으 로 써   즐 겁 게   교 육 에   참 여 할   수   있 도 록   했 다 .   또   오 감 을   활 용 해   식 재 료 를   알 아 맞 히 는   사 물 탐 구 게 임 과   어 린 이 들 이   제 철   식 재 료 로   직 접   요 리 하 고   맛 보 는   실 습 교 육 도   진 행 한 다 . 교 육 신 청 은   홈 플 러 스   평 생 교 육 스 쿨   홈 페 이 지 ( s c h o o l . h o m e p l u s . c o . k r ) 를   통 해   할   수   있 으 며   참 가 비 는   1 0 0 0 원 이 다 .   한 편   풀 무 원 은   매 년   1 만 명   이 상 을   교 육 해   2 0 2 0 년 까 지   ‘ 바 른 먹 거 리   교 육 ’ 을   받 은   일 명   ‘ 바 른 먹 거 리   지 킴 이 ’ 를   1 0 만 명 까 지   늘 릴   계 획 이 다 .   아 울 러   학 부 모 들 을   대 상 으 로   한   ‘ 로 하 스   식 생 활   교 육 ’ 과   저 소 득 층   어 린 이 를   대 상 으 로   한   ‘ 바 른 먹 거 리   드 림 ’   사 업 도   올 해   처 음 으 로   실 시 할   예 정 이 다 .  "
아시아투데이,"풀무원녹즙, 3중 필터링 거친 노니주스 ‘노니엔클리어’ 출시","[ 사 진 자 료 ]   풀 무 원 녹 즙 ,   노 니 엔 클 리 어   제 품   이 미 지 0   풀 무 원 의   신 선 음 료   브 랜 드   풀 무 원 녹 즙 은   3 중   필 터 링 을   거 쳐   맑 고   부 드 러 운   노 니 원 액 에   지 중 해   칸 탈 로 프 멜 론 을   더 해   맛 과   영 양 을   모 두   잡 은   노 니 주 스   ‘ 노 니 엔 클 리 어 ’ 를   출 시 했 다 고   1 4 일   밝 혔 다 . 신 제 품   ‘ 노 니 엔 클 리 어 ’ 는   천 혜 의   자 연 을   가 진   베 트 남 에 서   철 저 하 게   관 리 된   노 니 만 을   사 용 했 다 .   잘   익 은   노 니   열 매 를   숙 성 시 켜   분 쇄 한   후   펄 프 여 과 ,   효 소 처 리 ,   초 미 세 여 과   등   3 중   필 터 링 으 로   걸 러 내   일 반 적 으 로   탁 한   색 을   띠 는   노 니   주 스 와   비 교 해   맑 고   투 명 한   노 니   원 액 을   즐 길   수   있 다 .   1 팩 에   1 회   섭 취   기 준 으 로   알 려 진   노 니   원 액   3 0 m L 을   함 유 했 다 .   또   이 탈 리 아 산   지 중 해   칸 탈 로 프 멜 론 과   석 류 농 축 액 ,   사 과 농 축 액 을   더 해   노 니   특 유 의   맛 과   향 을   개 선 했 다 .   파 우 치   타 입 으 로   돼   있 어   언 제   어 디 서 나   간 편 하 게   노 니 의   영 양 을   섭 취 할   수   있 다 .   풀 무 원 녹 즙 은   오 는   3 1 일 까 지   노 니 엔 클 리 어   2 세 트 를   구 매 한   고 객 에 게   한   세 트 ( 7 만 2 0 0 0 원 / 3 0 포 ) 를   증 정 하 는   노 니 엔 클 리 어   출 시   기 념   프 로 모 션 도   준 비 했 다 .   풀 무 원 녹 즙   김 기 욱   P M ( 제 품   매 니 저 ) 은   “ 이 번 에   출 시 한   ‘ 노 니 엔 클 리 어 ’ 는   풀 무 원 의   바 른 먹 거 리   철 학   아 래   엄 선 된   노 니 만 을   사 용 하 고   3 중   필 터 링 을   거 쳐   제 품   안 전 성 과   목 넘 김   등   음 용 성 을   강 화 한   제 품 ” 이 라 고   말 했 다 .   가 격 은   1 세 트 ( 1 0 0 m l   x 3 0 포 )   7 만 2 0 0 0 원 으 로 ,   풀 무 원 녹 즙   가 맹 점   또 는   풀 무 원 녹 즙 의   배 송   판 매 원 인   모 닝 스 텝 을   통 해   구 매 할   수   있 다 ."
아시아투데이,"풀무원, ‘바른먹거리’ 교육 확대…올해 1만명 실시","바 른 먹 거 리 _ 교 육 _ 사 진 1 0 풀 무 원 이   주 최 한   ‘ 바 른 먹 거 리   캠 페 인 ’   교 육 에 서   어 린 이 들 이   식 품 첨 가 물   실 험 을   하 고   있 다 .   / 제 공 = 풀 무 원 아 시 아 투 데 이   정 석 만   기 자   =   풀 무 원 이   대 표 적 인   공 유 가 치 창 출 ( C S V )   활 동 인   ‘ 바 른 먹 거 리   캠 페 인 ’   교 육 을   확 대 · 실 시 한 다 .   풀 무 원 은   어 린 이 들 의   바 른 식 생 활 을   위 해   지 난   2 0 1 0 년 부 터   실 시 하 고   있 는   바 른 먹 거 리   캠 페 인   교 육 을   대 폭   확 대 해   올 해   5 0 0 회 에   걸 쳐   1 만 명 을   교 육 할   계 획 이 라 고   2 7 일   밝 혔 다 . 장 기 적 으 로 는   매 년   1 만 명   이 상 을   교 육 해   2 0 2 0 년 까 지   바 른 먹 거 리   교 육 을   받 은   ‘ 바 른 먹 거 리   지 킴 이 ’ 를   1 0 만 명 까 지   확 대 하 겠 다 는   계 획 이 다 .   지 금 까 지   이   캠 페 인 을   통 해   교 육 을   받 은   어 린 이 는   2 만 여 명 에   이 른 다 .   풀 무 원 은   올 해   교 육 대 상   확 대 와   함 께   바 른 먹 거 리   교 육   프 로 그 램 을   식 품 표 시 교 육 과   미 각 교 육 ,   영 양 균 형 교 육   등   3 가 지 로   심 화 ,   확 대   개 편 하 기 로   했 다 .   아 울 러   기 존   1 회 ( 9 0 분 )   교 육 에 서   2 회 ( 1 2 0 분 ,   1 8 0 분 )   시 리 즈   교 육 으 로   변 경 했 다 .   유 치 부   자 녀 를   둔   학 부 모 를   대 상 으 로   한   바 른 먹 거 리   교 육 도   3 0 회 에   걸 쳐   실 시 할   계 획 이 다 .   이   교 육 은   저 나 트 륨 과   저 당   식 습 관   형 성 을   위 한   바 른 식 생 활   실 천 방 법 을   위 주 로   진 행 된 다 .   바 른 먹 거 리   캠 페 인   교 육 은   교 육 을   위 탁 받 은   사 회 적   기 업 인   ‘ 푸 드 포 체 인 지 ’ 의   전 문   식 생 활   교 육   강 사 들 이   찾 아 가   교 육 을   실 시 한 다 .   교 육   신 청   및   방 법 은   푸 드 포 체 인 지   홈 페 이 지 ( h t t p : / / f o o d f o r c h a n g e . o r . k r ) 를   참 고 하 면   된 다 .  "
아시아투데이,"“용기째 요리”…풀무원, 용기형 가정간편식 ‘5분 키친 순두부 요리’ 3종 출시","사 진 1 0   풀 무 원 이   간 편 하 고   손 쉽 게   순 두 부   요 리 를   즐 길   수   있 는   용 기 형   가 정 간 편 식   5 분   키 친   ‘ 순 두 부 육 개 장 ’   ‘ 순 두 부 짬 뽕 ’   ‘ 순 두 부 곰 탕 ’   등   3 종 을   출 시 했 다 고   2 5 일   밝 혔 다 .   ‘ 5 분   키 친 ’ 은   5 분   만 에   신 선 한   재 료 로   전 문 점   수 준 의   요 리 를   완 성 할   수   있 는   가 정 간 편 식   제 품 으 로   별 도 의   추 가   재 료   없 이   신 선 식 품 인   순 두 부 를   한 끼   식 사 로   손 쉽 고   간 편 하 게   먹 을   수   있 다 .   ‘ 5 분   키 친   순 두 부   요 리 ’   3 종 은   남 녀 노 소   누 구 나   좋 아 할   만 한   인 기   메 뉴 인   육 개 장 · 짬 뽕 · 곰 탕 에   풀 무 원 만 의   바 른 먹 거 리   원 칙 으 로   제 조 한   신 선 한   순 두 부 를   넣 어   맛 과   영 양 까 지   고 려 했 다 .   용 기 형   타 입   제 품 으 로   조 리 와   취 식 의   편 의 성 도   더 했 다 .   양 지 · 해 물 · 사 골   등   메 뉴 별 로   다 르 게   맛 을   낸   비 법 소 스 와   밥   대 신   든 든 함 을   채 워 줄   누 룽 지   토 핑 ,   건 조 채 소   건 더 기 도   함 께   들 어   있 다 .   특 히   용 기 형   제 품 으 로   냄 비 에   덜   필 요   없 이   패 키 지 에   동 봉 된   재 료 에   물   1 5 0 m l 만   더 해   용 기 째   전 자 레 인 지 에   4 ~ 5 분 만   조 리 하 면   된 다 .   김 슬 아   풀 무 원 식 품   P M ( P r o d u c t   M a n a g e r ) 은   “ 앞 서   출 시 한   ‘ 5 분   키 친 ’   순 두 부   찌 개   3 종 ,   콩 나 물   요 리   3 종 에   이 어   세   번 째   시 리 즈 로   신 선 식 품 을   활 용 한   가 정 간 편 식   제 품   라 인 을   보 다   확 대 했 다 ” 면 서   “ 앞 으 로   ‘ 5 분   키 친 ’ 으 로   두 부 · 콩 나 물   등 을   활 용 한   식 물 성   단 백 질   기 반 의   신 선 한   한   끼   요 리 를   손 쉽 게   만 들   수   있 는   다 양 한   프 레 시   키 트   제 품 을   선 보 일   계 획 ” 이 라 고   말 했 다 .  "
아시아투데이,"풀무원, 간편식 ‘5분 키친 콩나물 요리’ 3종 선봬","사 진 1 0   풀 무 원 식 품 은   가 정 간 편 식 ( H M R )   ‘ 5 분   치 킨 ’   브 랜 드 에 서   신 선 식 품 인   콩 나 물 을   반 찬 · 국   형 태 의   요 리 로   간 편 하 게   먹 을   수   있 는   콩 나 물   요 리   3 종 을   선 보 였 다 고   1 8 일   밝 혔 다 .   ‘ 5 분   키 친   콩 나 물   요 리 ’   3 종 은   풀 무 원 의   바 른 먹 거 리   원 칙 으 로   재 배 한   콩 나 물 이   원 물   그 대 로   신 선 하 게   담 겨   있 다 .   건 조 된   콩 나 물 을   넣 은   것 이   아 닌   깨 끗 한   물 로   갓   재 배 한   신 선 한   생 ( 生 ) 콩 나 물 이   담 겨   있 어   아 삭 한   식 감 을   느 낄   수   있 다 .     신 제 품 은   싱 싱 한   콩 나 물 과   비 법   소 스 ,   동 결 건 조 한   건 더 기   블 록   등 이   함 께   들 어 있 고   패 키 지   구 성 품 만   그 대 로   넣 어   레 시 피 대 로   조 리 하 면   간 편 하 게   요 리 가   완 성 된 다 .   ‘ 매 콤 어 묵 콩 나 물 찜 ’ 은   아 삭 한   콩 나 물 을   매 콤   소 스 와   함 께   볶 아 먹 는   요 리 로 ,   포 장   속   재 료 들 을   그 대 로   넣 고   5 분 간   볶 아 내 면   간 단 하 게   완 성 된 다 .   ‘ 조 개 콩 나 물 국 ’ 은   바 지 락   조 개   육 수 를   따 로   우 려 내 는   번 거 로 운   과 정   없 이   깊 은   맛 을   가 진   국 물   요 리 를   간 편 하 게   만 들 어 낼   수   있 으 며 ,   ‘ 얼 큰 콩 나 물 해 장 국 ’ 은   바 지 락   밑 국 물 로   만 든   소 스 와   시 래 기 · 콩 나 물 이   시 원 하 고   감 칠 맛   나 는   국 물   맛 을   구 현 한 다 .   전 국   롯 데 마 트   등   대 형 마 트 에 서   판 매 하 며 ,   가 격 은   각   3 7 0 0 원 이 다 .   김 슬 아   풀 무 원 식 품   P M 은   “ 앞 서   출 시 한   ‘ 5 분   키 친 ’   순 두 부   찌 개 에   이 어   이 번   ‘ 콩 나 물   요 리   3 종 ’   신 제 품 을   통 해   신 선 식 품 을   활 용 한   가 정 간 편 식   제 품   라 인 을   보 다   확 대 하 게   됐 다 ” 며   “ 앞 으 로   가 정 에 서   손 쉽 게   한   끼   요 리 를   손 쉽 게   만 들   수   있 는   다 양 한   프 레 시   키 트 ( F r e s h   K i t )   제 품 을   선 보 일   계 획 ” 이 라 고   말 했 다 .  "
아시아투데이,"풀무원, 11년 연속 ‘한국에서 가장 존경받는 기업’ 선정","[ 사 진 2 ]   풀 무 원   바 른 먹 거 리   캠 페 인 0 풀 무 원   측 이   유 치 원 생 을   대 상 으 로   ‘ 바 른 먹 거 리   캠 페 인 ’ 을   전 개 하 는   모 습 . / 사 진 = 풀 무 원   풀 무 원 은   한 국 능 률 협 회 컨 설 팅 ( 이 하   K M A C ) 이   조 사 하 고   발 표 한   ‘ 2 0 1 7 년   한 국 에 서   가 장   존 경 받 는   기 업 ’   올 스 타   기 업 ( 3 0 대 ) 으 로   1 1 년   연 속   선 정 됐 다 고   2 1 일   밝 혔 다 .   올 해   풀 무 원 은   총   4 4 7 . 9 점 을   획 득 해   지 난 해 보 다   3 단 계   상 승 한   1 2 위 ( 2 0 1 6 년   1 5 위 ) 에   올 랐 다 .   풀 무 원 은   2 0 0 4 년 과   2 0 0 5 년 에   선 정 된   것 을   시 작 으 로   2 0 0 7 년 부 터   올 해 까 지   1 1 년   연 속   선 정 되 면 서   총   1 3 회   선 정 되 는   성 과 를   거 뒀 다 .   1 3 회   이 상   선 정 된   기 업 은   전 체   1 5 0 개   후 보   기 업   중   8 . 6 % 에   불 과 하 다 .   K M A C 는   올 해   한 국 에 서   가 장   존 경 받 는   기 업 을   선 정 하 기   위 해   지 난 해   9 월 에 서   1 2 월 까 지   약   4 개 월   동 안   산 업 계   간 부 진   7 4 4 0 명 ,   증 권 사   애 널 리 스 트   2 3 0 명 ,   일 반   소 비 자   4 5 6 0 명   등   모 두   1 만 2 2 3 0 명 을   대 상 으 로   설 문 조 사 를   진 행 했 다 .   설 문 을   통 해   1 5 0 개   후 보   기 업 을   선 정 하 고   혁 신 능 력 · 주 주 가 치 · 직 원 가 치 · 고 객 가 치 · 사 회 가 치 · 이 미 지   가 치   등   총   6 개   항 목 에   대 한   요 소 품 질 · 추 천 율 · 전 반 적   평 가   조 사 를   통 해   상 위   3 0 대 ( A l l   S t a r )   기 업 을   선 정   및   발 표 했 다 . 풀 무 원 은   요 소 품 질   항 목   중   사 회 공 헌   활 동 과   환 경   경 영 을   평 가 하 는   사 회 가 치   부 문 에 서   7 . 0 1 점 을   획 득 해   우 수 한   평 가 를   받 았 다 .   이 를   바 탕 으 로   한   전 반 적 인   평 가 에 서 도   7 . 2 9 점 으 로   1 0 위 권 대   선 정 기 업   평 균 보 다   높 은   평 가 를   받 았 다 .   또 한   올 스 타   선 정 에   가 장   큰   비 중 을   차 지 하 는   추 천 율 이   전 년 보 다   약   4 5 %   상 승 했 다 .   이 는   풀 무 원 의   대 표 적   사 회 공 헌   활 동 인   ‘ 바 른 먹 거 리   캠 페 인 ’ 의   범 국 민 적   확 대 와   다 양 한   친 환 경 경 영   활 동 의   결 과 로   분 석 된 다 . 풀 무 원 은   어 린 이 들 의   올 바 른   식 습 관   형 성 을   위 해   2 0 1 0 년 부 터   바 른 먹 거 리   캠 페 인 을   전 개 하 고   있 다 .   지 난 해 까 지   2 만 여   명 의   어 린 이 와   성 인 에 게   바 른 먹 거 리   캠 페 인   교 육 을   실 시 했 으 며 ,   2 0 2 0 년 까 지   ‘ 바 른 먹 거 리   지 킴 이 ’ 를   1 0 만   명 까 지   확 대 해   나 간 다 는   계 획 을   갖 고   있 다 . 풀 무 원 은   인 간 과   자 연 이   함 께   공 존 하 는   사 회 를   만 들 기   위 한   환 경   경 영 에 도   힘 쓰 고   있 다 .   2 0 2 0 년 까 지   2 0 0 8 년   대 비   온 실 가 스   5 0 % ,   물   4 0 %   감 축 ,   매 립   폐 기 물   제 로 ( Z e r o ) 를   목 표 로   삼 고   환 경 경 영 에   앞 장 서 고   있 는   것 .   이 에   풀 무 원 은   제 품 개 발 과   설 계   단 계 부 터   온 실 가 스   배 출 과   물   사 용 량 을   줄 이 기   위 해   사 전 에   제 품 의   탄 소 배 출 량 과   물 사 용 량 을   산 출 하 는   모 델 을   개 발 하 고   지 난 해   두 부 · 콩 나 물 과   ‘ 자 연 은 맛 있 다 ’   ‘ 아 임 리 얼 ’   등   주 요   제 품 에   적 용 했 다 . 풀 무 원   관 계 자 는   “ ‘ 인 간 과   자 연 을   함 께   사 랑 하 는   로 하 스   기 업 ’ 이 라 는   미 션 을   바 탕 으 로   다 양 한   사 회 공 헌 활 동 · 환 경   경 영 을   실 천 해   온   결 과   1 1 년   연 속 으 로   존 경   받 는   기 업 으 로   선 정 되 게   됐 다 ” 며   “ 앞 으 로 도   풀 무 원 은   바 른 먹 거 리 를   만 드 는 데   힘 쓸   뿐   아 니 라   기 업 의   사 회 적   책 임 을   다 하 는 데   더 욱   노 력 하 겠 다 ” 고   말 했 다 .  "
아시아투데이,"풀무원 ‘뮤지엄김치간’, 개관 2주년 기념 관람료 50% 할인","ㅁ ㅁ 0 뮤 지 엄 김 치 간 에 서   어 린 이 들 이   김 장 · 페 이 스 페 인 팅   체 험   등 을   하 고   있 다 . / 사 진 = 풀 무 원   풀 무 원   김 치 박 물 관   ‘ 뮤 지 엄 김 치 간 ’ 은   개 관   2 주 년 을   맞 아   관 람 료   할 인 과   김 치 만 들 기   체 험   등   기 념   이 벤 트 를   진 행 한 다 고   2 9 일   밝 혔 다 .   우 선   뮤 지 엄 김 치 간 은   4 월   한   달 간   유 아 · 청 소 년 ( 3 6 개 월   이 상 ~ 1 8 세 ) 을   대 상 으 로   관 람 료   5 0 % 를   할 인 해   준 다 .   단   2 0 명 이 상   단 체 관 람 객 은   제 외 이 며 ,   고 등 학 생 은   학 생 증 을   지 참 해   4 층   안 내 데 스 크 에   보 여 주 면   된 다 . 뮤 지 엄 김 치 간 은   개 관 기 념 일 인   4 월 2 1 일 부 터   2 3 일 까 지   3 일 간   ‘ 오 늘 은   김 치 데 이 ’   이 벤 트 도   진 행 한 다 .   참 가 를   원 하 는   관 람 객 은   뮤 지 엄 김 치 간   4 층   안 내 데 스 크 에 서   입 장 료   결 제   시   제 공 되 는   쿠 폰 을   이 용 하 면   된 다 .   이   기 간   동 안   뮤 지 엄 김 치 간   4 층   ‘ 김 치 마 당 ’ 에   방 문 하 면   무 · 배 추   등   김 치   재 료   모 양 의   ‘ 페 이 스 페 인 팅 ’ 을   오 전   1 0 시 부 터   오 후   5 시 까 지   받 을   수   있 다 .   또   뮤 지 엄 김 치 간   공 식   마 스 코 트 인   배 추   캐 릭 터   ‘ 츄 군 ’ 과   함 께   박 물 관   2 주 년   생 일 파 티 에   참 여 하 고   사 진 을   촬 영 할   수   있 다 .   생 일 파 티   행 사 는   오 전   1 1 시 와   오 후   3 시 ,   하 루   2 회 에   걸 쳐   진 행 되 며   참 석 자 에 게 는   먹 는   장 난 감   콘 셉 트 의   ‘ 생 가 득   토 이 쿠 키   만 들 기 ’ 와   풀 무 원 다 논   ‘ 액 티 비 아 ’   등   풀 무 원 의   바 른 먹 거 리   제 품 이   증 정 된 다 . 5 층   ‘ 카 페 디 히 ’ 에 서 는   ‘ 나 만 의   책 갈 피   만 들 기   클 래 스 ’ 를   오 전   1 0 시 부 터   오 후   5 시 까 지   운 영 한 다 .   실 고 추 · 쪽 파   등   건 조 된   김 치   재 료 들 과   꽃 ( 압 화 ) 를   활 용 해   나 만 의   예 쁜   책 갈 피 를   만 들 어   소 장 할   수   있 다 .   6 층   ‘ 김 장 마 루 ’ 에 선   직 접   김 치 를   담 글   수   있 는   ‘ 김 치 만 들 기   클 래 스 ’ 를   진 행 한 다 .   부 모 와   아 이 가   함 께   통 배 추 김 치 를   직 접   담 그 고   친 환 경   용 기 에   포 장 해   집 에   가 져 갈   수   있 다 .   ‘ 김 치 만 들 기   클 래 스 ’ 는   4 월   2 2 일 과   2 3 일   이 틀 에   걸 쳐   오 전   1 1 시 ~ 1 2 시 ,   오 후   3 시 ~ 4 시   하 루   2 회   진 행 된 다 .   회 당   최 대   2 4 명 까 지   참 여 할   수   있 으 며 ,   1 인 당   배 추   반 포 기 를   담 근 다 .   사 전   예 약 은   필 수 이 며 ,   4 월 1 일 부 터   뮤 지 엄 김 치 간   홈 페 이 지 를   통 해   신 청 할   수   있 다 .   6 세 부 터   참 여   가 능 하 다 .   봄   제 철   재 료 인   봄 동 과   식 용 꽃 을   활 용 해   만 드 는   ‘ 꽃 김 치   샐 러 드   레 시 피   시 연 ’ 도   진 행 한 다 .   봄 을   맞 아   집 에 서   간 단 하 게   담 글   수   있 는   이 색   김 치   ‘ 꽃 김 치   샐 러 드 ’   만 드 는   법 을   배 울   수   있 으 며 ,   시 식 도   할   수   있 다 .   시 연 회 는   2 1 일 부 터   2 3 일 까 지   3 일 간   오 전   1 1 시   3 0 분 ~ 1 2 시 ,   오 후   3 시   3 0 분 ~ 4 시   하 루   2 회   운 영 한 다 . 노 지 연   뮤 지 엄 김 치 간   마 케 팅   담 당 자 는   “ 풀 무 원   뮤 지 엄 김 치 간 은   3 0 년   역 사 의   한 국   최 초   김 치 박 물 관   맥 을   잇 는   서 울   유 일 의   김 치 박 물 관 으 로 ,   개 관   2 주 년 을   기 념 해   아 이 와   부 모 가   함 께   체 험 할   수   있 는   이 벤 트 를   기 획 하 게   됐 다 ” 며   “ 앞 으 로 도   남 녀 노 소 를   가 리 지   않 고   누 구 나   쉽 게   배 우 고   즐 길   수   있 는   체 험   프 로 그 램 을   통 해   김 치 와   김 장 문 화 를   전 파 해   나 가 겠 다 ” 고   밝 혔 다 ."
아시아투데이,건강 식습관 풀무원이 키운다,"바 른 먹 거 리 _ 교 육 _ 사 진 1 0 풀 무 원   ‘ 바 른   먹 거 리   캠 페 인 ’ 에 서   어 린 이 들 이   교 육   프 로 그 램 에   참 여 하 고   있 다 .   / 제 공 = 풀 무 원   풀 무 원 의   대 표 적 인   공 유 가 치 창 출 ( C S V )   활 동 인   ‘ 바 른 먹 거 리   캠 페 인 ’   교 육 이   호 응 을   얻 고   있 다 .   올   들 어   교 육   시 간 을   늘 리 고   어 린 이   눈 높 이 에   맞 춰   프 로 그 램 을   심 화 · 확 대 하 는   등   알 찬   구 성 으 로   어 린 이 들 의   바 른   식 생 활 을   이 끌 고   있 어 서 다 .   2 5 일   업 계 에   따 르 면   풀 무 원 은   올 해   바 른 먹 거 리   캠 페 인 을   확 대 해   5 0 0 회 에   걸 쳐   1 만 명 을   교 육 하 고   장 기 적 으 로   2 0 2 0 년 까 지   ‘ 바 른   먹 거 리   지 킴 이 ’ 를   1 0 만 명 까 지   늘 릴   계 획 이 다 .   지 난   2 0 1 0 년 부 터   시 작 된   이   캠 페 인 에 는   지 난 해 까 지   2 만 명 이   참 여 했 다 .   캠 페 인 은   바 른   식 생 활   교 육   사 업   단 체 인     ‘ 푸 드 포 체 인 지 ’ 의   전 문   식 생 활   교 육   강 사 들 이   방 문 해   무 료 로   실 시 하 고   있 다 .     특 히   올 해 는   교 육   프 로 그 램 을   △ 포 장 지 의   유 통 기 한 과   제 조 일 자   등 을   익 히 는   식 품 표 시 교 육   △ 제 철 식 재 료 를   통 해   자 연 의   맛 을   경 험 하 는   미 각 교 육   △ 6 대   영 양 소 의   종 류 와   기 능 을   확 인 해   균 형   잡 힌   식 습 관 을   갖 도 록   돕 는   영 양 균 형 교 육   등   3 가 지 로   심 화 · 확 대   개 편 함 으 로 써   한 층   짜 임 새   있 는   교 육 이   가 능 했 다 는   평 가 다 .   교 육   방 식 도   기 존 의   1 회 ( 9 0 분 )   교 육 에 서   2 회 ( 1 2 0 분 ,   1 8 0 분 )   시 리 즈   교 육 으 로   변 경 했 다 .     풀 무 원 홀 딩 스   관 계 자 는   “ 올 해 로   5 년 째 인   바 른 먹 거 리   캠 페 인   교 육 은   풀 무 원 이   C S V 를   위 해   주 력 하 고   있 는   대 표 적 인   바 른 먹 거 리   조 기   교 육   프 로 그 램 ” 이 라 며   “ 우 리   국 민   모 두 가   바 른 먹 거 리 를   먹 는   그 날 까 지   바 른 먹 거 리   캠 페 인 을   계 속 하 겠 다 는   자 세 로   교 육 을   확 산 시 킬   것 ” 이 라 고   말 했 다 .   한 편   풀 무 원 은   지 난 해   3 8 7 회 에   걸 쳐   9 1 1 3 명 의   어 린 이 와   학 부 모 ,   교 사   등 을   대 상 으 로   캠 페 인   교 육 을   실 시 했 으 며 ,   만 족 도   조 사 에 서   교 육 을   받 은   초 등 학 생 의   9 1 % ,   초 등 학 교   교 사   8 8 % ,   어 린 이 집   교 사   9 3 % ,   학 부 모   9 6 % 가   만 족 한 다 고   응 답 했 다 .  "
아시아투데이,"풀무원 이씨엠디, 한국식 면요리 전문점 ‘자연은 맛있다’ 오픈","자 연 은   맛 있 다   코 엑 스 점   실 내 전 경 0 풀 무 원   이 씨 엠 디 의   ‘ 자 연 은   맛 있 다 ’   코 엑 스 점 / 사 진 = 이 씨 엠 디   풀 무 원   계 열 사 인   이 씨 엠 디 는   한 국 식   면 요 리   전 문 점   ‘ 자 연 은   맛 있 다 ( n o o d l e s & m o r e ) ’   코 엑 스 점 을   오 픈 했 다 고   2 일   밝 혔 다 . 이 번 에   문 을   연   ‘ 자 연 은   맛 있 다 ’   코 엑 스 점 은   ‘ 자 연 을   담 은   맛 있 는   한   그 릇 ’ 이 란   콘 셉 트 로 ,   합 성 보 존 료 · 합 성 착 색 료 · 합 성 착 향 로 · 합 성 감 미 료 · L - 글 루 타 민 산 나 트 륨   등   인 공 조 미 료 를   사 용 하 지   않 는   ‘ 무 ( 無 ) 첨 가   원 칙 ’ 을   통 해   맛 과   풍 미 를   살 린   면   요 리 를   선 보 인 다 .   매 장 은   총   6 4 석 ( 4 5 평 )   규 모 로   전 체   조 리 과 정 을   직 접   볼   수   있 는   오 픈 키 친   방 식 을   택 했 다 . 메 뉴 는   총   1 3 종 으 로 ,   면 류   9 종 ( 라 면 류   2 종 · 칼 국 수 류   3 종 · 비 빔 면 류   3 종 · 국 수 류   2 종 ) 과   덮 밥 류   2 종 ,   사 이 드   2 종 류 다 .   특 히   칼 국 수 류 와   비 빔 면 류 ,   국 수 류 는   풀 무 원 의   면   생 산   노 하 우 를   접 목 한   1 0 0 %   생 ( 生 ) 면 만 을   사 용 했 으 며 ,   육 수 는   표 고 버 섯 · 다 시 마 · 북 어 · 생 강 · 마 늘   등   총   1 7 가 지 의   해 물 과   채 소 에 서   우 려 내   깔 끔 하 고   깊 은   맛 이   특 징 이 다 .   대 표   메 뉴 인   ‘ 양 지   한 우 사 골   칼 국 수 ’ 는   횡 성 한 우   사 골 을   우 려 낸   육 수 에   자 가 제 면   방 식 ( 매 장 에 서   직 접   반 죽 하 고   면 을   뽑 는   방 식 ) 으 로   만 든   면 을   넣 어   국 물 은   고 소 하 고   담 백 하 며   면 발 은   졸 깃 하 고   맛 이   부 드 럽 다 .   풀 무 원 의   생 라 면   브 랜 드   ‘ 자 연 은   맛 있 다 ’ 의   ‘ 꽃 게 짬 뽕 ’ 과   ‘ 통 영   굴 짬 뽕 ’ 을   프 리 미 엄   요 리 로   탄 생 시 킨   ‘ 해 물 꽃 게 짬 뽕 라 면 ’ 과   ‘ 탱 글 탱 글   통 영   굴 짬 뽕 라 면 ’   메 뉴 도   내 놨 다 .   기 름 에   튀 기 지   않 고   고 온 에 서   단 시 간   바 람   건 조 시 킨   비 유 탕 면 을   사 용 해   면 발 이   쫄 깃 하 고   부 드 럽 다 . 구 병 조   이 씨 엠 디   컨 세 션 사 업 본 부   상 무 는   “ ‘ 자 연 은   맛 있 다 ’   매 장 은   한 국 인 이 라 면   누 구 나   좋 아 하 는   대 중 음 식 인   면   요 리 를   건 강 하 게   먹 기   위 해   풀 무 원 의   바 른 먹 거 리   원 칙   중   하 나 인   무 첨 가   원 칙 을   적 극   반 영 한   곳 ” 으 로   “ 최 근   바 른 먹 거 리   등 에   대 한   고 객 들 의   니 즈 가   증 가 하 고   있 는   만 큼   앞 으 로 도   꾸 준 히   건 강 한   음 식 을   만 들 도 록   노 력 할   것 ” 이 라 고   말 했 다 .   코 엑 스 점   오 픈 을   기 념 해   이 씨 엠 디 는   오 는   1 0 일 부 터   매 장   방 문   고 객   중   선 착 순   5 0 0 팀 에 게   풀 무 원   생 라 면   꽃 게 짬 뽕 과   통 영   굴 짬 뽕 ,   풀 무 원   생 과 일   브 랜 드   아 임 리 얼   1 개   등 으 로   구 성 된   ‘ 풀 무 원   로 하 스   패 키 지 ’ 가   증 정 된 다 .   단 ,   2 만 원   이 상   식 사   금 액   결 제   고 객 에   한 정 한 다 . 한 편   이 씨 엠 디 는   1 9 9 1 년   위 탁 급 식   사 업 을   시 작 으 로   컨 세 션 ,   전 문 외 식   및   브 루 스 케 타 · 풍 경 마 루 · 아 란 치 오   등   전 문   레 스 토 랑   브 랜 드   등   다 양 한   푸 드   서 비 스   사 업 과   F M ( F a c i l i t y   M a n a g e m e n t ) 사 업   등   생 활 서 비 스   사 업 을   전 개 하 고   있 다 ."
아시아투데이,"풀무원 이씨엠디, 中 진출…베이징에 첫 식음매장 오픈","이 씨 엠 디   북 경 중 앙 역   식 음 매 장   오 픈   2   _   1 층   매 장 0   풀 무 원   계 열 의   푸 드 서 비 스   업 체   이 씨 엠 디 가   중 국   시 장 에   진 출 했 다 .   이 씨 엠 디 ( 대 표   권 혁 희 ) 는   중 국   베 이 징   중 앙 역   내 에   식 음 매 장   ‘ 풀 무 원   포 미 다 ’   1 호 점 < 사 진 > 을   오 픈 했 다 고   7 일   밝 혔 다 .   베 이 징   중 앙 역   내   1 층 과   2 층 에   개 점 한   매 장 에 서 는   풀 무 원 의   제 품 을   활 용 한   떡 볶 이 · 만 두 · 냉 면 · 우 동   등   분 식 류 와   호 두 과 자 ,   아 이 스 크 림   등 을   판 매 한 다 .   이 씨 엠 디 측 은   이 번   식 음 매 장   오 픈 이   풀 무 원 의   바 른 먹 거 리 와   올 바 른   한 식 문 화 를   전 파 하 기   위 한   교 두 보   역 할 을   할   것 으 로   기 대 하 고   있 다 .   복 준 용   풀 무 원   이 씨 엠 디   상 무 는   “ 최 근   중 국 은   한 류 열 풍 과   함 께   한 식 문 화 가   중 국 의   음 식   트 렌 드 를   이 끌 어   간 다 고   할   만 큼   인 기 를   끌 고   있 다 ” 며   “ 이 번   식 음 매 장   오 픈 을   시 작 으 로   점 차   매 장 을   확 대 해   다 양 한   바 른 먹 거 리 를   중 국 인 들 에 게   제 공 하 겠 다 ” 고   말 했 다 . 한 편   이 씨 엠 디 는   지 난   3 월   베 이 징 역 의   한 식 품   서 비 스 를   관 할 하 는   ‘ 북 경 한 경 미 찬 음 유 한 공 사 ’ 와   중 국 사 업   추 진   협 력   업 무   협 약 을   체 결 했 다 .  "
아시아투데이,"코나아이, 풀무원식품과 ‘비버 엔터프라이즈’ 서비스 계약 체결","1 0 코 나 아 이 는   지 난   1 9 일   풀 무 원 식 품 과   ‘ 비 버   엔 터 프 라 이 즈 ( V e a v e r   E n t e r p r i s e ) ’   서 비 스   공 급   계 약 을   맺 었 다 .   왼 쪽 부 터   최 원 준   코 나 아 이   이 사 와   김 기 령   풀 무 원   인 사 기 획 실 장 . / 제 공 = 코 나 아 이   코 나 아 이 는   지 난   1 9 일   서 울   수 서 동   풀 무 원 식 품 본 사 에 서   풀 무 원 식 품 과   ‘ 비 버   엔 터 프 라 이 즈 ( V e a v e r   E n t e r p r i s e ) ’   서 비 스   공 급   계 약 을   맺 었 다 고   2 0 일   밝 혔 다 .   비 버 는   코 나 아 이 가   지 난 해   9 월   론 칭 한   기 업 용   동 영 상   지 식 공 유   플 랫 폼 으 로   기 존   기 업 의   문 서 ,   P C   중 심 의   업 무   환 경 을   동 영 상 ,   모 바 일   중 심 으 로   대 체 해   기 업 의   지 식 을   쉽 고   빠 르 게   생 산 · 축 적 · 공 유 할   수   있 도 록   하 는   솔 루 션 이 다 . 풀 무 원 식 품 은   바 른 먹 거 리   캠 페 인 으 로   유 명 한   국 내   대 표   식 품 기 업 으 로 ,   업 계 에 서 도   최 신   교 육 시 스 템   등 을   앞 서 서   도 입 하 는   것 으 로   잘   알 려 져   있 다 .   비 버   또 한   효 율 적 인   교 육 · 커 뮤 니 케 이 션 을   툴 을   찾 던   중   최 근   비 버   언 론 보 도 를   접 하 고   풀 무 원 식 품 이   먼 저   코 나 아 이   쪽 에   문 의 해   계 약   체 결 까 지   이 어 진   것 이 다 . 풀 무 원 식 품 은   비 버 를   우 선   영 업 본 부   내   지 식 · 비 전   공 유 에   활 용 할   계 획 이 며   이 후   그   활 용 효 과   등 을   고 려 해   전 사 · 계 열 사   도 입 을   검 토 할   방 침 이 다 .   김 기 령   풀 무 원   인 사 기 획 실 장 은   “ 테 스 트   기 간   동 안   비 버 가   지 식   공 유 에 서   나 아 가   업 무   효 율 을   극 대 화 할   수   있 다 는   가 능 성 을   확 인 했 다 ” 며   “ 비 버 로   개 인 과   조 직 의   성 장 을   통 해   고 객 에 게   더   나 은   서 비 스 를   제 공 하 는   것 이   목 표 ” 라 고   말 했 다 . 비 버 사 업 을   총 괄 하 고   있 는   최 원 준   코 나 아 이   이 사 는   “ 새 로 운   시 스 템 을   도 입 하 고   활 용 하 는   데   적 극 적 인   풀 무 원 식 품 을   보 며   신 뢰 할   수   있 는   식 품   브 랜 드 로 서   확 고 히   자 리 매 김 한   그   저 력 이   열 린   기 업 문 화 에   있 다 는   것 을   느 꼈 다 ” 며   “ 풀 무 원 식 품 이   비 버 를   도 입 한   궁 극 적 인   목 표 인   고 객 서 비 스   강 화 에   비 버 가   기 여 할   수   있 도 록   최 선 을   다 해   지 원 할   것 ” 이 라 고   밝 혔 다 ."
아시아투데이,"‘얄피만두’로 뜬 풀무원, 갑질에 또 제동?…풀무원샘물, 노골적 대가 요구 논란","P r i n t 0     건 강 한   이 미 지 ,   ‘ 바 른   먹 거 리 ’ 란   기 업   이 미 지 를   심 어 줬 던   풀 무 원 이   갑 질 논 란 에   휩 싸 였 다 .   지 난 해   ‘ 얇 은 피   만 두 ’ 가   히 트 를   치 면 서   냉 동 식 품 으 로   매 출   상 승 세 를   보 였 던   풀 무 원 이 었 기 에   적 잖 은   타 격 이   예 상 된 다 .   일 부   네 티 즌 을   중 심 으 로   불 매 운 동 으 로 까 지   확 산 되 는   모 양 새 다 .   일 각 에 서 는   최 대 주 주 이 자   오 너 인   남 승 우   풀 무 원   이 사 회   의 장 이   2 0 1 8 년   경 영 일 선 에 서   물 러 난   뒤   책 임 경 영 의   사 각 지 대 가   생 기 게   아 니 냐 는   지 적 이 다 .   3 0 일   풀 무 원 은   전 날   한   언 론 사 가   보 도 한   ‘ 갑 질 논 란 ’ 에   대 해   “ 사 실 관 계 가   규 명 되 지   않 은   부 분 이   있 고   해 당   직 원 은   이 미   정 직   처 분 이   된   것 으 로   알 고   있 다 ” 고   해 명 했 다 .   보 도 에   따 르 면   풀 무 원 샘 물 이   협 력 사 를   상 대 로   수 시 로   돈 을   요 구 하 고   해 외   성 매 매   비 용 까 지   받 는   정 황 이   포 착 됐 다 .   또   창 고   월 세 까 지   떠 넘 기 는   등   도 를   넘 는   행 태 가   수 년   동 안   자 행 되 고   있 었 다 .   문 제 는   기 업 이 미 지 와   달 리   풀 무 원 의   갑 질   논 란 은   이 번 이   처 음 이   아 니 라 는   점 이 다 .   2 0 1 5 년 에 는   풀 무 원 의   충 북 지 부   음 성 물 류 센 터   운 송 업 자   4 0 여   명 이   회 사 가   노 예 계 약 을   강 요 하 고   있 다 며   파 업 에   돌 입 하 기 도   했 다 .   당 시   운 송 업 자 들 은   노 예 계 약 서 와   다 름 없 는   위 수 탁 계 약 서 로   풀 무 원 이   슈 퍼 갑 질 을   하 고 ,   화 물 차 주 인   노 동 자 가   받 아 야   할   부 가 가 치 세   환 급 금 도   탈 취 했 다 고   주 장 했 다 .   또 한   페 널 티   제 도 로   수 십 만 원 의   운 송 료   삭 감 과   하 루   1 5 ~ 1 9 시 간 의   장 시 간   노 동 과   높 은   노 동   강 도 로   고 통 받 고   있 다 고 도   했 다 .   법 원 이   화 물 연 대   지 입 차 주 들 에 게   업 무 를   방 해 하 지   말 라 는   업 무 방 해 금 지   가 처 분   결 정 을   내 리 며   사 건 은   일 단 락 됐 지 만   풀 무 원 의   기 업 이 미 지 는   이 미   추 락 했 다 .   다 음   해 에 도   갑 질   사 건 은   계 속 해 서   일 어 났 다 .   2 0 1 6 년 에 는   풀 무 원 건 강 생 활 의   직 원 들 이   직 영 점 장 을   폭 행 해   숨 지 게   하 는   사 건 이   발 생 했 다 .   경 찰 에   따 르 면   숨 진   직 영 점 장 이   “ 본 사 가   왜   자 신 의   지 점 을   홀 대 하 냐 ” 며   본 사 의   행 태 에   항 의 하 자   시 비 가   붙 어   숨 졌 다 는   것 이 다 .   당 시   이   사 건 을   두 고   대 리 점 에   대 한   본 사 의   갑 질   탓 에   벌 어 진   것 이   아 니 냐 는   의 혹 이   일 기 도   했 다 .   결 국   풀 무 원 은   2 0 1 7 년   동 반 성 장 위 원 회 가   발 표 한   동 반 성 장 지 수   평 가 에 서   최 하 위   등 급 을   받 으 며   기 업 이 미 지 가   땅 에   떨 어 졌 다 .   한 동 안   다 시   절 치 부 심 의   자 세 로   기 업 이 미 지 를   올 리 려   했 지 만   2 0 1 8 년 에   풀 무 원 푸 드 머 스 가   유 통 한   초 코 케 이 크 를   먹 은   2 2 0 7 명 이   식 중 독   의 심 환 자 가   발 생 하 면 서   또   한   번   논 란 에   휩 싸 였 다 .   식 품 의 약 품 안 전 처   조 사   결 과   빵   위 에   올 라 간   크 림 에 서   살 모 넬 라 균 이   검 출 됐 다 .   이   과 정 에 서   푸 드 머 스 가   내 부 관 리 는   소 홀 한   채   고 배 당 에 만   몰 두 한   사 실 이   드 러 났 다 .   2 0 1 7 년   영 업 이 익   2 5 8 억 원 을   기 록 했 지 만   R & D   비 용 은   고 작   1 억 원   안 팎 이 었 으 며 ,   문 제 가   불 거 진   초 코 케 이 크 는   안 정 성   검 사 도   하 지   않 았 다 .   식 자 재   유 통 업 체 이 면 서 도   식 중 독   예 방 을   위 한   전 담 부 서 나   품 질 안 전 관 리 시 스 템 도   제 대 로   마 련 하 지   않 은   채   2 0 1 5 년   풀 무 원 식 품   자 회 사 가   된   이 후   2 0 1 5 년   1 0 0 억 ,   2 0 1 5 년   1 2 0 억 원   등   고 배 당   정 책 만   열 을   올 렸 다 .   갑 질 논 란   등 이   매 년   끊 임 없 이   이 어 지 자   일 부   소 비 자 들 을   중 심 으 로   불 매 운 동 에   불 이   붙 기   시 작 했 다 .   아 이 디   ‘ o n e g * * * * ’ 는   “ 이 런   기 업 은   사 라 져 야   한 다 .   불 매 운 동 을   합 시 다 ” 라 고   했 고 ,   아 이 가   둘 인   아 빠 라 고   밝 힌   아 이 디   ‘ d u r a * * * * ’ 는   “ 비 싸 도   바 른 먹 거 리 라   해 서   구 매 했 지 만   이 런   시 궁 창   기 업 이 었 다 니 ,   두   번   다 시   구 매   안 한 다 ” 고   목 소 리 를   높 였 다 .   이 에   대 해   풀 무 원   측 은   “ 문 제 가   불 거 진   ‘ 풀 무 원 샘 물 ’ 은   네 슬 레   워 터 스 가   2 0 0 4 년   지 분 을   5 1 %   인 수 하 며   운 영 권 을   가 지 고   있 어   마 케 팅 · 운 영 과   관 련 해 서 는   우 리 와   상 관 이   없 다 ” 고   선 을   그 으 면 서 도   “ ‘ 풀 무 원 ’ 이 란   사 명 을   사 용 하 기 에   우 리 도   적 절 한   대 처 방 안 을   고 심   중 ” 이 라 고   말 했 다 .   그 러 나   풀 무 원 의   지 분 이   4 9 % 로   상 당 수   있 고 ,   ‘ 풀 무 원 ’ 이 란   브 랜 드   네 이 밍 을   사 용 하 고   있 는   합 작 법 인 인   만 큼   책 임 에 서 는   자 유 롭 지   못 할   것 으 로   보 인 다 .   남 승 우   의 장 도   경 영 일 선 에 서 는   물 러 났 다 고   하 지 만   여 전 히   지 주 회 사 인   풀 무 원 의   지 분 을   5 7 . 8 3 % 를   보 유 하 고   있 어   전 문 경 영 인 에 게 만   책 임 을   전 가 시 키 기 에 는   한 계 가   있 을   수   있 다 .   ‘ 풀 무 원 ’ 이 란   이 름 을   걸 고   사 업 을   하 고   있 는   만 큼   좀 더   적 극 적 인   대 처 가   필 요 하 다 는   의 견 이 다 .   한 편   풀 무 원 은   ( 주 ) 풀 무 원 을   지 주 회 사 로   식 품 · 제 조   등 을   하 는   풀 무 원 식 품 과   급 식 · 외 식   등   사 업 을   하 는   풀 무 원 푸 드 앤 컬 처 ,   건 강 기 능 식 품   전 문 인   풀 무 원 생 활 건 강   등 을   1 0 0 %   자 회 사 로   두 며   사 업 영 역 을   확 장   중 이 다 .  "
아시아투데이,"풀무원, 농식품부와 ‘GAP농산물 바로알기’ 캠페인 전개","사 진 2 _ 푸 드 머 스 - 이 씨 엠 디   G A P   바 로 알 기   캠 페 인 0 G A P 농 산 물 을   활 용 한   식 단 / 사 진 = 풀 무 원   풀 무 원   계 열   식 자 재   유 통 전 문 기 업   푸 드 머 스 와   생 활 서 비 스   전 문 기 업   이 씨 엠 디 는   4 주 간   농 림 축 산 식 품 부 와   함 께   ‘ G A P   바 로 알 기   캠 페 인 ’ 을   전 개 한 다 고   2 6 일   밝 혔 다 . ‘ G A P ( G o o d   A g r i c u l t u r a l   P r a c t i c e s ) ’ 은   농 산 물 의   안 전 성 을   확 보 하 고   농 업 환 경 을   지 키 기   위 해   농 산 물 의   생 산 · 수 확   후   관 리   및   유 통   전   과 정 에 서   농 산 물 에   잔 류 할   수   있 는   위 해 요 소 를   사 전 에   관 리 하 는   인 증 제 도 다 . 이 번   캠 페 인 은   풀 무 원 의   ‘ 바 른 먹 거 리   원 칙 ’ 에   따 라   이 씨 엠 디   급 식 사 업 장 을   이 용 하 는   소 비 자 들 에 게   G A P   농 산 물 을   활 용 한   식 단 을   제 공 하 고 ,   이 를   통 해   G A P   농 가 의   안 정 적 인   판 로 를   확 보 함 과   더 불 어   G A P   제 도 의   필 요 성 에   대 한   소 비 자   인 지 도 를   높 이 고 자   마 련 됐 다 . 푸 드 머 스 는   G A P   인 증 을   받 은   3 5 개   품 목 의   농 산 물 을   이 씨 엠 디 가   운 영 하 는   3 5 0 여   개   급 식 사 업 장 에   확 대   공 급 한 다 .   특 히   농 산 물 품 질 관 리 원 으 로 부 터   G A P 관 리 시 설 로   지 정 받 은   ‘ 푸 드 머 스   농 산 물 집 배 센 터 ’   인 근   지 역 인   경 기 도   용 인 시   원 삼 면 · 백 암 면   지 역   G A P   인 증   농 산 물   생 산   농 가 와 의   거 래 를   확 대 함 으 로 써   지 역 사 회 와 의   협 력 도   강 화 한 다 . 이 씨 엠 디 는   소 비 자 들 에 게   G A P   농 산 물 을   활 용 한   식 단 을   제 공 하 고 ,   ‘ 뽑 기 판   속   G A P 을   찾 아 라 ’   ‘ 글 짓 기 ’   등   참 여   이 벤 트 를   진 행 한 다 .   ‘ 자 연 을   담 은   식 탁 ’   위 례 신 도 시 점 을   비 롯 해   정 부 서 울 청 사 ( 서 울 ) · 한 국 거 래 소 ( 부 산 ) · 정 부 과 천 청 사 ( 과 천 ) · 정 부 세 종 청 사 ( 세 종 ) · 한 국 전 력 공 사 ( 호 남 ) · 포 스 코 플 랜 텍 포 항 본 사 ( 대 구 )   등   7 개   직 영 매 장 에 서   운 영 된 다 . G A P   인 증   농 산 물 은   안 전 성 · 공 급 안 정 성 · 가 격   등   부 분 에 서   강 점 을   지 녔 음 에 도   생 산   및   유 통 인 프 라 가   부 족 하 고   소 비 자   인 지 도 가   낮 아   사 용   확 대 가   어 려 웠 다 .     이 에   푸 드 머 스 와   이 씨 엠 디 는   2 0 1 2 년 부 터   G A P 전 문 가 를   양 성 하 고   ‘ 직 거 래   G A P 인 증   계 약 산 지   운 영 ’   ‘ 협 력 업 체   G A P 시 설   인 증   지 원 ’   ‘ 협 력 업 체 의   계 약 재 배   농 가   G A P   인 증   컨 설 팅 ’   ‘ 기 존   G A P   인 증 산 지   점 검   및   개 선 ’   등 을   통 해   G A P 농 산 물   사 용   규 모 를   늘 려 가 고   있 다 .   류 영 기   푸 드 머 스   마 케 팅 본 부 장 은   “ 이 번   G A P   캠 페 인 을   계 기 로   G A P   농 산 물   유 통 을   확 대 하 고   생 산   농 가 를   양 성 해   농 산 물   식 자 재   유 통   시 장 을   선 도 하 겠 다 ” 고   전 했 다 ."
아시아투데이,"풀무원, 8년 연속 ‘가장 존경받는 기업’ 선정","풀 0   풀 무 원 이   8 년   연 속   ‘ 한 국 에 서   가 장   존 경 받 는   기 업 ’ 에   선 정 됐 다 . 풀 무 원 홀 딩 스 ( 대 표   남 승 우 ) 는   한 국 능 률 협 회 컨 설 팅 ( K M A C ) 에 서   조 사 · 발 표 한   ‘ 2 0 1 4 년   한 국 에 서   가 장   존 경 받 는   기 업 ’   올 스 타 ( A l l   S t a r   T o p   3 0 기 업 )   부 문 에 서   지 난   2 0 0 7 년 부 터   8 년   연 속 으 로   선 정 됐 다 고   1 7 일   밝 혔 다 . 순 위 는   지 난 해 에   비 해   네   단 계   상 승 한   1 4 위 에   올 랐 으 며 ,   종 합 식 품 기 업 으 로 는   유 일 하 게   올 스 타   부 문 에   선 정 됐 다 .   풀 무 원 은   2 0 0 4 ∼ 2 0 0 5 년 에 도   올 스 타   기 업 에   선 정 ,   지 금 까 지   총   1 0 회 에   걸 쳐   수 상 의   영 예 를   안 았 다 .   K M A C 의   이 번   발 표 는   지 난 해   1 0 월 부 터   1 2 월 까 지   약   3 개 월   동 안   산 업 계   간 부   5 9 2 0 명 ,   증 권 사   애 널 리 스 트   2 3 0 명 ,   일 반   소 비 자   4 5 6 0 명   등   총   1 만 7 1 0 명 을   설 문 해   대 상   기 업 을   선 정 했 다 .   총   7 4 개 의   전 체   산 업 을   대 상 으 로   혁 신 능 력 ,   주 주 가 치 ,   직 원 가 치 ,   고 객 가 치 ,   사 회 가 치 ,   이 미 지 가 치   등   6 대   차 원 ,   1 2 개   세 부   항 목 에 서   높 은   점 수 를   받 은   기 업 이   선 정 됐 다 . 풀 무 원 은   특 히   이 번   조 사 에 서   사 회 공 헌   활 동   및   환 경 친 화 적   기 업 을   평 가 하 는   사 회 가 치   항 목 에 서   7 . 4 3 점 을   받 으 며   전 체   평 균 ( 7 . 1 3 점 ) 보 다   높 은   점 수 로   두 각 을   나 타 냈 다 .   이 는   풀 무 원 의   ‘ 바 른 먹 거 리   캠 페 인 ’ 의   범 국 민 적 인   확 대 와   다 양 한   친 환 경 경 영   활 동 의   결 과 로   분 석 된 다 . 풀 무 원 은   사 회 적   기 업   ‘ 푸 드 포 체 인 지 ’ 와   공 동 으 로   진 행 하 는   대 표   C S R 활 동   ‘ 바 른 먹 거 리   캠 페 인 ’ 을   통 해   어 린 이 에 게   올 바 른   식 생 활   습 관 을   정 착 시 키 고   먹 거 리 에   대 한   새 로 운   패 러 다 임 을   제 시 하 고   있 다 .   또 한   따 라   부 르 기   쉬 운   가 사 와   멜 로 디 로   만 든   ‘ 바 른 먹 거 리   송 ’ 을   제 작 ,   배 포 해   어 린 이 는   물 론   성 인 까 지   바 른 먹 거 리 에   대 한   관 심 을   유 도 하 며   ‘ 바 른 먹 거 리   캠 페 인 ’ 을   확 대 시 켰 다 .       풀 무 원 홀 딩 스   관 계 자 는   “ 대 한 민 국 을   대 표 하 는   종 합 식 품 회 사 로 서   이 웃 사 랑 과   생 명 존 중 의   정 신 을   바 탕 으 로   안 전 한   먹 거 리   생 산 과   기 업 의   사 회 적   책 임 을   성 실 하 게   수 행 한   결 과   8 년   연 속   존 경   받 는   기 업 으 로   선 정 됐 다 ” 며   “ 앞 으 로 도   보 다   건 강 한   먹 거 리 를   만 드 는 데   최 선 을   다 함 은   물 론   다 양 한   C S R   및   C S V ( 공 유 가 치 창 출 )   활 동 을   통 해   소 비 자 에 게   사 랑 과   존 경 을   받 는   기 업 이   될   수   있 도 록   더 욱   노 력 하 겠 다 ” 고   말 했 다 ."
아시아투데이,"풀무원, 美 두부시장 1위 ‘비타소이’ 식품사업 인수…“글로벌 확장 가속”",풀 무 원   미 국   공 장   현 황 0 풀 무 원   미 국   공 장   현 황   풀 무 원 이   글 로 벌   두 부   사 업   확 장 에   속 도 를   내 고   있 다 .   풀 무 원 식 품 은   2 3 일   미 국   현 지 에 서   미 국   매 사 추 세 츠 주   아 이 어 에   본 사 와   공 장 을   두 고   있 는   ‘ 비 타 소 이 ( V i t a s o y ) ’ 와   두 부 사 업 을   5 0 0 0 만 달 러 ( 약   5 8 0 억 원 ) 에   인 수 하 는   계 약 을   체 결 했 다 고   2 4 일   밝 혔 다 .   이   계 약 에 는   풀 무 원 이   국 민 연 금 과   조 성 한   풀 무 원   코 파 펀 드 가   약   5 0 % 의   지 분 으 로   공 동   참 여 했 다 . 비 타 소 이 는   1 9 7 9 년   설 립 돼   두 부 와   두 유 사 업 을   주 력 으 로   하 는   식 품 기 업 으 로   미 국   내   강 력 한   브 랜 드   파 워 와   유 통 영 업 망 이   강 점 으 로   꼽 힌 다 .   풀 무 원 이   이 번 에   인 수 한   사 업 은   두 유 를   제 외 한   두 부   등   식 품 사 업 부 문 이 다 .   비 타 소 이 의   두 부 사 업 은   미 국   두 부   메 인 스 트 림 ( 국 내   슈 퍼 마 켓   형 태 의   유 통 망 )   시 장 에 서   약   6 5 % 의   시 장   점 유 율 을   갖 고   있 으 며   연 매 출 은   약   6 0 0 억 원   규 모 다 .   풀 무 원 식 품 은   미 국   1 위   두 부 브 랜 드   ‘ 나 소 야 ’ 와   2 위   ‘ 아 주 마 야 ’   등   비 타 소 이 의   유 력   브 랜 드   인 수 를   계 기 로   미 국   메 인 스 트 림   두 부   시 장 에   본 격   진 출 한 다 는   전 략 이 다 .   또   이   브 랜 드 들 이   확 보 하 고   있 는   미 국   내   영 업 유 통 망 을   적 극   활 용 해   두 부   외 에   면 제 품   등   다 른   식 품   카 테 고 리 를   적 극   확 장 해   나 갈   계 획 이 다 .   일 본 과   중 국 에 서 도   사 업   보 폭 을   넓 히 고   있 다 .   풀 무 원 식 품 은   2 0 1 4 년   일 본   두 부   시 장 점 유 율   4 위 의   아 사 히 식 품 공 업 을   인 수 했 으 며   올 해   회 사 명 을   아 사 히 코 ( A s a h i c o ) 로   바 꾸 고   본 격 적 인   일 본   시 장   개 척 에   나 서 고   있 다 .   올 해   추 가   투 자 를   통 해   신 제 품   개 발 과   신 규   유 통 망   개 발 에   집 중 해   하 반 기   손 익 분 기 점 에   도 달 한 다 는   계 획 이 다 .   중 국 의   경 우   올 해   심 양   현 지 에 서   주 문 자 상 표 부 착 ( O E M )   두 부 생 산 을   시 작 해   제 품   라 인 업 을   구 축 하 고   중 국   두 부 시 장 에   본 격 적 으 로   진 출 하 고   있 다 . 이 효 율   풀 무 원 식 품   대 표 는   “ 풀 무 원 은   이 제   글 로 벌   4 대   두 부   빅 마 켓 에 서   사 업 을   수 행 할   수   있 는   글 로 벌   경 영 기 반 을   갖 추 게   됐 다 ” 며   “ 이 러 한   경 영 기 반 은   향 후   풀 무 원 의   ‘ 바 른 먹 거 리 ’ 를   전   지 구 촌 에   전 파 하 는 데   큰   역 할 을   하 게   될   것 ” 이 라 고   말 했 다 .  
아시아투데이,"풀무원, 10년 연속 ‘한국서 가장 존경받는 기업’ 선정","풀 무 원 C I 1   풀 무 원 은   한 국 능 률 협 회 컨 설 팅 ( 이 하   K M A C ) 이   조 사 · 발 표 한   ‘ 2 0 1 6 년   한 국 에 서   가 장   존 경 받 는   기 업 ’   올 스 타   기 업 ( 3 0 대 ) 으 로   1 0 년   연 속   선 정 됐 다 고   2 6 일   밝 혔 다 .   이 로 써   풀 무 원 은   2 0 0 4 년 과   2 0 0 5 년 에   ‘ 한 국 에 서   가 장   존 경 받 는   기 업 ’ 에   선 정 된   것 을   시 작 으 로   2 0 0 7 년 부 터   올 해 까 지   1 0 년   연 속   선 정 되 면 서   총   1 2 회 에   걸 쳐   수 상 하 는   영 예 를   안 았 다 .   이 번   조 사 는   지 난 해   1 0 월 부 터   1 2 월 까 지   약   3 개 월   동 안   공 공   서 비 스   제 조   등   총   1 9 6 개   후 보 기 업 을   대 상 으 로   혁 신   능 력 ,   주 주 가 치 ,   직 원 가 치 ,   고 객 가 치 ,   사 회 가 치 ,   이 미 지 가 치   등   6 대   차 원   1 2 개   세 부   항 목 으 로   평 가 해   선 정 했 다 .   풀 무 원 은   이 번   조 사 에 서   총   4 5 4 . 8 점 을   획 득 해   1 5 위 에   올 랐 으 며 ,   특 히   고 객 가 치 · 사 회 가 치 · 이 미 지 가 치   부 문 에 서   높 은   점 수 를   받 았 다 .   풀 무 원 은   어 린 이 들 의   올 바 른   식 습 관   형 성 을   위 해   2 0 1 0 년 부 터   ‘ 바 른 먹 거 리   캠 페 인 ’ 을   전 개 해   오 고   있 다 .   지 난 해 에 만   1 만 4 0 0 0 여 명 의   어 린 이 와   성 인 이   교 육 에   참 여 하 는   전 국 민 적   공 익 캠 페 인 으 로   성 장 했 으 며   2 0 2 0 년 까 지   ‘ 바 른 먹 거 리   지 킴 이 ’ 를   1 0 만 명 까 지   확 대 해   나 갈   계 획 이 다 .   또   풀 무 원 은   친 환 경   제 품 을   확 대 하 고   에 너 지   및   용 수   절 감 ,   온 실 가 스   배 출 량   저 감   등   다 양 한   녹 색 환 경 경 영 을   실 천 하 고   있 다 .   대 표 적 인   예 로   풀 무 원 식 품 은   시 판 중 인   두 부   4 3 개   전   제 품 에   환 경 부 와   공 동 으 로   개 발 한   친 환 경   포 장 재 로   전 면   교 체 했 으 며 ,   지 난 해   1 월 엔   풀 무 원   유 기 농   두 부   2 종 이   국 내   식 품 업 계   최 초 로   탄 소 중 립   제 품   인 증 을   획 득 하 기 도   했 다 .   풀 무 원   관 계 자 는   “ 바 른 먹 거 리 를   선 도 하 는   대 한 민 국   대 표   종 합 식 품 회 사 로 서   사 회 공 헌 ,   환 경 경 영 ,   공 정 경 영 ,   투 명 경 영 ,   고 객 중 심 경 영   등 을   노 력 해   온   결 과   1 0 년   연 속   존 경 받 는   기 업 으 로   선 정 됐 다 ” 며   “ 앞 으 로 도   풀 무 원 은   다 양 한   C S V ( 공 유 가 치 창 출 )   활 동 을   통 해   인 간 과   자 연 을   함 께   사 랑 하 는   로 하 스 기 업 으 로   자 리 매 김 하 겠 다 ” 고   말 했 다 .  "
아시아투데이,"풀무원, 블로그 방문자 500만명 돌파…소통공간 ‘인기’","풀 무 원   블 로 그 ,   방 문 자 수   5 0 0 만   명   돌 파 0   풀 무 원 은   공 식   기 업 블 로 그   ‘ 풀 무 원 의   아 주   사 적 인   이 야 기 ’ ( 이 하   풀 사 이 · 사 진 ) 가   2 0 0 7 년   오 픈   후   8 년   만 에   누 적   방 문 자 수   5 0 0 만 명 을   돌 파 했 다 고   1 0 일   밝 혔 다 .   ‘ 풀 사 이 ’ 는   일 일   평 균   방 문 자 수   5 0 0 0 여 명 ,   오 픈 캐 스 트 를   통 한   구 독 자 수   1 5 0 0 여 명   등   고 정   방 문 층 이   두 텁 고 ,   블 로 거 들   사 이 에   요 리 와   음 식 문 화   전 문   블 로 그 로   자 리 매 김 했 다 . 바 른 먹 거 리   캠 페 인 ,   어 린 이   물   환 경 교 육   등   풀 무 원 의   사 회 공 헌 활 동   현 장 을   생 생 하 게   소 개 할   뿐   아 니 라   풀 무 원   제 품 의   제 조   과 정 과   원 료 의   생 산 지 를   투 명 하 게   공 개 하 고   있 다 .   특 히   풀 무 원   제 품 을   집 중   분 석 하 는   ‘ 이   제 품   꼼 꼼   리 뷰 ’   코 너 와   로 하 스   레 시 피 를   소 개 하 는   ‘ 건 강 레 시 피 ’ ,   ‘ 풀 셰 프 의   메 뉴 개 발 실 ’ ,   동 영 상 을   통 해   요 리 와   영 어 를   함 께   배 울   수   있 는   ‘ 영 어 쿠 킹 클 래 스 ’   코 너   등 은   자 녀 를   둔   주 부 들 에 게   큰   인 기 를   얻 고   있 다 .   풀 무 원   관 계 자 는   “ 풀 무 원 은   지 난   8 년   동 안   블 로 그   운 영 을   통 해   고 객   눈 높 이 에   맞 춘   친 근 하 고   진 정 성   있 는   소 통 에   집 중 해 왔 다 ” 며   “ 앞 으 로 도   풀 무 원 이   추 구 하 는   바 른 먹 거 리 와   로 하 스   가 치 를   알 기   쉽 게   전 달 하 고   고 객 의   이 야 기 에   늘   귀 를   기 울 이 는   소 통   창 구 가   될   수   있 도 록   노 력 할   것 ” 이 라 고   말 했 다 .  "
아시아투데이,"키자니아, 풀무원과 ‘동물복지 달걀 농장’ 체험관 오픈","1 0 키 자 니 아   서 울   풀 무 원 과   ‘ 동 물 복 지   달 걀   농 장 ’   체 험 관   오 픈   이 미 지 . / 제 공 = 키 자 니 아   키 자 니 아 는   3 일   파 트 너 사   풀 무 원 과   함 께   체 험 관   ‘ 동 물 복 지   달 걀   농 장 ’ 을   오 픈 한 다 고   밝 혔 다 . 키 자 니 아   서 울   2 층   기 존   ‘ 바 른   먹 거 리   스 쿨 ’   체 험 관   자 리 에   새 롭 게   문 을   연   ‘ 동 물 복 지   달 걀   농 장 ’   체 험 관 은   최 근   사 회 적   이 슈 로   떠 오 른   ‘ 동 물 복 지 ’ 와   6 차   산 업   활 성 화 ,   청 년 농 업 인   증 가 로   새 롭 게   각 광 받 고   있 는   직 업 인   ‘ 농 업   경 영 인 ’ 을   다 룬   체 험   시 설 이 다 . 이 곳 에 서   참 가   어 린 이 는   동 물 복 지 로   건 강 하 게   자 란   닭 이   낳 은   고 품 질 의   달 걀 을   생 산 하 는   농 장   경 영 인 이   되 어 볼   수   있 다 .   층 층 이   쌓 인   좁 고   작 은   공 장 식   축 산   닭 장 인   ‘ 배 터 리   케 이 지 ’ 를   간 접 적 으 로   체 험 하 며   문 제 점 을   이 해 하 고 ,   동 물 복 지 의   중 요 성 을   영 상 으 로   학 습 한 다 . 키 자 니 아   관 계 자 는   “ 2 0 1 4 년 부 터   풀 무 원 과   함 께   운 영 해   온   ‘ 바 른   먹 거 리   스 쿨 ’   체 험 관 을   5 년   만 에   전 면   리 뉴 얼   하 고 ,   사 회 적   이 슈 를   반 영 해   ‘ 동 물 복 지 ’ 를   다 룬   새 로 운   전 문   직 업 을   선 보 이 게   됐 다 ” 고   말 했 다 .  "
아시아투데이,"올가홀푸드, 크리스마스 수제 케이크 6종 출시","  
 
 
 
 
 
 
 
 
 
 아 시 아 투 데 이   신 경 희   기 자   =   풀 무 원 ( 대 표   남 승 우 )   계 열 의   친 환 경   식 품 기 업   올 가 홀 푸 드 ( 이 하   올 가 ) 는   ' 크 리 스 마 스   수 제   케 이 크 '   6 종 을   출 시 했 다 고   1 2 일   밝 혔 다 . 올 가   크 리 스 마 스   케 이 크 는   상 큼 한   국 산   딸 기   무 스 에   라 즈 베 리   퓨 레 와   딸 기   마 카 롱 을   장 식 한   ' 딸 기   스 노 우   무 스 ' ,   벨 기 에   다 크   초 콜 릿   가 루 와   쿠 키 로   만 든   ' 초 코 케 이 크 ' ,   5 가 지   견 과 류 와   당 근 으 로   만 든   프 랑 스   전 통   케 이 크 인   ' 구 겔 호 프 ' ,   국 산   고 구 마 가   통 째 로   들 어 간   ' 고 구 마   케 이 크 ' ,   진 한   커 피   향 이   좋 은   ' 티 라 미 수 ' ,   초 콜 릿   무 스 에   수 제   견 과   초 콜 릿 으 로   장 식 한   ' 스 노 우   초 콜 릿   무 스 '   등   총   6 종 이 다 .   가 격 은   2 만 6 0 0 0 원 부 터   3 만 2 0 0 0 원 까 지 다 .   올 가   크 리 스 마 스   케 이 크 는   원 재 료 의   질 감 과   본 연 의   맛 까 지   느 낄   수   있 는   홈 메 이 드 식   케 이 크 다 .   유 기 농   밀 가 루 ,   화 학   정 제 를   하 지   않 은   유 기 농   설 탕 ,   유 정 란 ,   유 기 농   우 유 ,   1 0 0 %   국 산   무 염   버 터   등   믿 고   먹 을   수   있 는   안 전 한   원 재 료 만 을   사 용 했 다 .   또 한   화 학   팽 창 제 ,   제 빵   개 량 제 ,   합 성   유 화 제 ,   합 성   보 존 료 ,   합 성   착 색 료   등 의   화 학 첨 가 물 을   일 절   넣 지   않 아   아 이 들 도   안 심 하 고   먹 을   수   있 다 .   올 가 는   고 객 들 을   위 한   다 양 한   이 벤 트 도   준 비 했 다 .   올 가   직 영 점 과   S I S   매 장 ,   인 터 넷 쇼 핑 몰 ( w w w . o r g a . c o , k r ) 을   통 해   오 는   1 9 일 까 지   사 전   예 약   주 문 을   하 면   전   제 품 을   2 0 %   할 인 해 준 다 .   2 0 일 에 서 부 터   2 5 일 까 지   올 가   직 영 점 에 서   구 매 한   고 객   3 0 0 명 에 게 는   ' 풀 무 원   바 른 먹 거 리 송 ( S o n g )   멜 로 디   콩 인 형 ' 을   선 착 순 으 로   증 정 한 다 .   김 화 준   올 가 홀 푸 드   B & D ( B a k e r y   &   D e l i )   팀 장 은   "" 올 가   크 리 스 마 스   케 이 크 는   자 연 의   순 수 한   맛 이   살 아   있 는   안 전 한   원 재 료 로   만 든   수 제   케 이 크 로   매 년   소 비 자 들 의   꾸 준 한   사 랑 을   받 고   있 다 "" 며   "" 행 복 한   동 화 가   연 상 되 는   장 식 으 로   꾸 며 진   올 가   케 이 크 로   사 랑 하 는   사 람 들 과   함 께   즐 거 운   크 리 스 마 스 를   보 내 길   바 란 다 "" 고   말 했 다 .   한 편   올 가   베 이 커 리 는   2 0 0 1 년   설 립 된   베 이 커 리   전 문   브 랜 드 로   올 가   직 영   매 장   안 에 서   상 시   운 영 된 다 .   유 기 농   밀 가 루 ,   유 기 농   설 탕 ,   국 내 산   친 환 경   과 일 · 야 채 · 잡 곡 ,   올 리 브 유   등 의   고 급   원 료 로   다 양 한   제 과 · 제 빵 류 를   꾸 준 히   선 보 이 고   있 다 .   
"
아시아투데이,"풀무원푸드앤컬처, 건강한 식생활 확산을 위한 ‘요즘은 이런食’ 캠페인 실시","1 0 ‘ 요 즘 은   이 런 食 ’   캠 페 인   홍 보 · 체 험 부 스 에   전 시 돼   있 는   2 1 1 식 사 법   식 단 과   홍 보 물   풀 무 원   계 열   생 활 서 비 스   전 문 기 업   풀 무 원 푸 드 앤 컬 처 가   건 강 한   식 생 활 을   알 리 기   위 한   ‘ 요 즘 은   이 런 食 ( 식 ) ’   캠 페 인 을   실 시 한 다 . 풀 무 원 푸 드 앤 컬 처 는   1 0 월 2 5 일 까 지   3 개 월 간   전 국   위 탁 급 식   사 업 장   중   6 1 개 소 를   선 정 해   1 만 8 0 0 0 명 의   고 객 을   대 상 으 로   ‘ 요 즘 은   이 런 食 ’   캠 페 인 을   진 행 한 다 고   2 2 일   밝 혔 다 . 그 동 안   ‘ 바 른 먹 거 리   2 1 1 식 사   실 천   캠 페 인 ’ 으 로   건 강 한   식 생 활 을   제 안 해 온   풀 무 원 푸 드 앤 컬 처 는   올 해 부 터   지 구 와   환 경 을   생 각 하 는   ‘ 요 즘 은   이 런 食 ’   캠 페 인 으 로   진 화   발 전 시 켜   캠 페 인   활 동 을   더 욱   확 산 시 켜   나 갈   예 정 이 다 .   ‘ 요 즘 은   이 런 食 ’   캠 페 인 은   영 양 학 적 으 로   균 형   잡 힌   식 사 인   ‘ 2 1 1 식 사 법 ’ 과   두 부 ,   나 또   등   식 물 성   단 백 질   섭 취 의   중 요 성 을   알 리 는   캠 페 인 이 다 .   이   캠 페 인 은   한 국 광 물 자 원 공 사 를   시 작 으 로   한 국 공 항 공 사 · 대 웅 제 약 · 금 융 감 독 원 · 한 솔 제 지 · 정 부 세 종 청 사   등   풀 무 원 푸 드 앤 컬 처 가   운 영 하 는   위 탁 급 식   사 업 장 을   순 회 하 며   진 행 한 다 . ‘ 2 1 1 식 사 법 ’ 은   당   흡 수 를   줄 이 는   식 생 활   ‘ 지 엘 ( G L ,   G l y c e m i c   L o a d )   다 이 어 트 ’ 의   실 천 법 이 다 .     신 선 한   채 소 와   포 화 지 방 이   적 은   단 백 질 ,   통 곡 물 을   2 : 1 : 1   비 율 로   균 형   있 게   섭 취 해   탄 수 화 물 의   과 다 섭 취 를   막 는   영 양 균 형   식 사 법 이 다 .   이   식 사 법 은   혈 당 부 하 를   낮 춰   인 슐 린 의   과 다 분 비 를   막 음 으 로 써   비 만 으 로   인 한   만 성 질 환   등   대 사 증 후 군   예 방 에   큰   도 움 이   된 다 고   식 생 활   전 문 가 들 은   말 한 다 .   플 무 원 푸 드 앤 컬 처 는   캠 페 인   기 간   동 안   위 탁 급 식   사 업 장 에   고 객 들 이   ‘ 2 1 1 식 사 법 ’ 을   직 접   체 험 할   수   있 는   홍 보 · 체 험 부 스 를   설 치 해   운 영 한 다 .   특 히   평 소   식 사 와   비 교 해   한   끼 에   알 맞 은   식 사 량 을   직 관 적 으 로   확 인 할   수   있 도 록   실 제   조 리 한   음 식 을   전 시 하 고   영 양 사 들 이   직 접   ‘ 2 1 1 식 사 법 ’ 과   식 물 성 단 백 질 에   대 해   소 개 할   계 획 이 다 .   홍 보 · 체 험 부 스   옆 에 서 는   이 벤 트 도   열 린 다 .   고 객 이   ‘ 2 1 1 식 사 법 ’ 을   어 떻 게   실 천 하 겠 다 는   다 짐 을   메 시 지   카 드 에   적 어   제 출 하 면   풀 무 원 의   다 양 한   제 품   꾸 러 미 를   증 정 할   계 획 이 다 .   온 라 인   S N S   이 벤 트 도   연 다 .   개 인   인 스 타 그 램 에   메 시 지   카 드   인 증   사 진 을   찍 어   업 로 드 하 면   추 첨 을   통 해   5 만 원   상 당 의   풀 무 원   제 품 을   1 0 0 명 에 게   보 내 준 다 .   단   해 시 태 그   # 요 즘 은 이 런 식   # 영 양 균 형   # 식 물 성 단 백 질   # 참 좋 은 선 택   # 나 를 위 해 지 구 를 위 해   # 풀 무 원 푸 드 앤 컬 처 를   달 아 야   한 다 . 이 동 훈   풀 무 원 푸 드 앤 컬 처   D F ( D e s i g n e d   F o o d - S e r v i c e ) 사 업 본 부   본 부 장 은   “ 고 객 들 의   건 강 한   식 습 관 을   위 해   최 근   2 년   간   일 반   고 객   총   1 만 8 2 8 6 명 을   대 상 으 로   ‘ 바 른 먹 거 리   2 1 1 식 사   실 천   캠 페 인 ’ 을   전 개 했 다 ” 며   “ 앞 으 로 도   양 질 의   급 식 서 비 스 뿐   아 니 라   고 객 들 의   건 강 한   식 습 관 을   위 한   다 양 한   캠 페 인 을   지 속 적 으 로   전 개 할   것 이 다 ” 고   말 했 다 ."
아시아투데이,풀무원 “어린이날 뮤지엄김치간에 놀러오세요”…무료체험 이벤트 등 혜택 푸짐,"사 진 1 0 뮤 지 엄 김 치 간 에 서   ‘ 나 만 의   김 치   만 들 기 ’   프 로 그 램 에   참 여 한   어 린 이 들 이   김 치 만 들 기 를   체 험 하 고   있 다 .   풀 무 원   김 치 박 물 관   ‘ 뮤 지 엄 김 치 간 ’ 이   어 린 이 날 을   맞 아   어 린 이 와   가 족 이   김 치 와   김 장 문 화 를   쉽 고   재 미 있 게   체 험 할   수   있 도 록   다 양 한   무 료   행 사 를   준 비 했 다 고   2 7 일   밝 혔 다 . 우 선   뮤 지 엄 김 치 간 은   5 월 5 일   어 린 이 날   하 루   동 안   유 아 · 청 소 년 ( 3 6 개 월   이 상 ~ 1 8 세 ) 을   대 상 으 로   입 장 료   무 료   이 벤 트 를   연 다 .   단   고 등 학 생 은   학 생 증 을   지 참 해   4 층   안 내 데 스 크 에   보 여 주 면   된 다 .   이 날   방 문 한   모 든   관 람 객 에 게 는   풀 무 원   계 열   푸 드 머 스 의   ‘ 마 시 는   샐 러 드 ’   1 개 씩 을   증 정 한 다 .   아 이 와   부 모 가   함 께   참 여 할   수   있 는   ‘ 나 만 의   김 치   만 들 기 ’ 도   무 료 로   진 행 한 다 .   ‘ 나 만 의   김 치   만 들 기 ’ 는   절 인   배 추 에   준 비 돼   있 는   김 치 소 와   고 추 씨 · 마 늘 가 루 · 쪽 파   등   토 핑   재 료 를   버 무 려   쉽 고   간 편 하 게   김 치 를   담 글   수   있 는   체 험 프 로 그 램 으 로 ,   본 인 이   원 하 는   토 핑 을   선 택 할   수   있 어   기 호 에   맞 는   김 치   맛 을   낼   수   있 다 .   손 수   만 든   김 치 는   테 이 크 아 웃   컵 에   담 아   가 져 갈   수   있 다 .   2 인 1 조 로   1 5 개 팀 ( 3 0 명 ) 을   2 7 일 부 터   5 일 간   모 집 하 며   뮤 지 엄 김 치 간   공 식   인 스 타 그 램   이 벤 트   페 이 지 에   아 이 와   참 여 하 고   싶 은   이 유 를   댓 글 로   달 면   된 다 .   당 첨 자 는   5 월 2 일   인 스 타 그 램 을   통 해   발 표 한 다 . ‘ 바 른 먹 거 리   멜 로 디   인 형 ’   증 정   이 벤 트 도   연 다 .   5 층   ‘ 북 카 페 ’   곳 곳 에   숨 겨 져   있 는   김 치 를   테 마 로   제 작 한   ‘ 북 마 크 ’ 를   찾 아 낸   선 착 순   3 0 명 에 게   인 형 을   증 정 한 다 .   찾 아 낸   ‘ 북 마 크 ’ 를   4 층   안 내 데 스 크 에   보 여 주 면   된 다 .   ‘ 바 른 먹 거 리   멜 로 디   인 형 ’ 은   아 이 들 에 게   친 숙 한   ‘ 바 른 먹 거 리 송 ’ 이   나 와   바 른 먹 거 리   식 습 관 을   자 연 스 럽 게   유 도 하 는   데   도 움 을   준 다 .   어 린 이 들 이   김 치 를   쉽 고   재 미 있 게   익 힐   수   있 도 록   ‘ 김 치   퍼 즐 ’   이 벤 트 도   마 련 했 다 .   4 층   안 내 데 스 크 에 서   ‘ 김 치   퍼 즐 ’ 을   받 아   아 이 와   함 께   박 물 관   곳 곳 을   돌 아 다 니 며   김 치 · 김 장   문 화 · 유 물   등   전 시 물 에 서   정 답 을   찾 아   퍼 즐 을   완 성 하 면   된 다 . 이 외 에 도   가 족   단 위   관 람 객 들 에 게   기 억 에   남 을   추 억 을   선 사 하 기   위 해   폴 라 로 이 드 로   가 족 사 진 을   무 료 로   촬 영 해 준 다 .   1 3 세   미 만   어 린 이 를   동 반 한   가 족   관 람 객 이   대 상 이 다 .   나 경 인   뮤 지 엄 김 치 간   파 트 장 은   “ 풀 무 원   뮤 지 엄 김 치 간 은   3 0 년   역 사 의   서 울   유 일 의   김 치 박 물 관 으 로   어 린 이 와   가 족 이   함 께   김 치 를   쉽 고   재 미 있 게   접 할   수   있 도 록   이 번   행 사 를   기 획 하 게   됐 다 ” 며   “ ‘ 뮤 지 엄 김 치 간 ’ 에   방 문 해   더 욱   즐 겁 고   뜻 깊 은   어 린 이 날 을   보 내 길   바 란 다 ” 고   말 했 다 ."
아시아투데이,"‘풀무원 동물복지 목초란’, 소비자가 뽑은 ‘올해의 녹색상품’에 선정","[ 사 진 1 ]   풀 무 원   동 물 복 지   목 초 란 , 0 풀 무 원   동 물 복 지   목 초 란   풀 무 원 식 품 은   ‘ 풀 무 원   동 물 복 지   목 초 란 ’ 이   ‘ 소 비 자 가   직 접   뽑 은   2 0 1 8   대 한 민 국   올 해 의   녹 색 상 품 ( 이 하   올 해 의   녹 색 상 품 ) ’ 으 로   선 정 됐 다 고   3 일   밝 혔 다 .   ‘ 올 해 의   녹 색 상 품 ’ 은   2 0 0 8 년 부 터   ( 사 ) 한 국 녹 색 구 매 네 트 워 크 가   녹 색 상 품 시 장   확 대 와   소 비 자 의   녹 색 구 매   생 활 화 에   기 여 한   기 업 을   선 정 하 고   시 상 하 는   제 도 로 ,   매 년   전 문 가 · 학 계 · 시 민 단 체   등 으 로   구 성 된   선 정 위 원 회 가   제 품 을   선 정 한 다 .   풀 무 원 은   동 물 에 게   이 로 운   것 이   사 람 과   지 구 환 경 에 도   이 롭 다 는   믿 음 으 로   국 내   최 초 로   동 물 복 지   개 념 을   도 입 했 으 며 ,   ‘ 풀 무 원   동 물 복 지   목 초 란 ’ 의   경 우   농 림 축 산 식 품 부 의   동 물 복 지   인 증   기 준 을   철 저 히   준 수 해   올 해 의   녹 색 상 에   선 정 됐 다 . ‘ 풀 무 원   동 물 복 지   목 초 란 ’ 은   국 내   최 대   규 모 ( 약   1 6 만   마 리 ) 의   산 란 계   동 물 복 지   농 장 인   ‘ 풍 년 농 장 ’ 에 서   생 산 되 며 ,   풀 무 원 은   풍 년 농 장 과   함 께   전 북   남 원 에   협 력 해   유 럽 식   오 픈 형   계 사 를   도 입 ,   계 사   내 부 에   3 층 이   개 방 된   단 을   만 들 어   닭 이   자 유 롭 게   생 활 할   수   있 게   만 들 었 다 .   또   닭 의   사 료 에   동 물 성   단 백 질   성 분 을   제 거 하 고   사 육   기 간   중   항 생 제 ( 산 란 촉 진 제 ) 를   일 절   사 용 하 지   않 았 다 .   배 합 사 료 에 는   닭 의   장 내   유 해 균   억 제 를   위 해   임 상 실 험 으 로   검 증 된   목 초 액 을   섞 어   건 강 하 게   키 운   닭 에 서   얻 은   달 걀 만   판 매 한 다 . 이   밖 에 도   달 걀   전   제 품   포 장 에   닭 이   알 을   낳 은   날 짜 인   산 란 일 자 를   표 시 함 으 로 써   소 비 자 들 이   신 선 한   달 걀 을   선 택 할   수   있 도 록   알   권 리 를   제 공 하 고   있 다 는   점 이   이 번   수 상 에   긍 정 적 인   평 가   요 인 으 로   작 용 했 다 고   회 사   측 은   설 명 했 다 .   함 영 훈   풀 무 원 식 품   계 란 사 업 부   P M ( P r o d u c t   M a n a g e r ) 은   “ 풀 무 원   동 물 복 지   목 초 란 은   올 해   각 종   살 충 제   성 분 을   포 함 한   무 항 생 제   테 스 트 에 서   2 3 8 종   모 두   무   검 출 을   받 을   정 도 로   깐 깐 하 게   관 리 · 생 산 하 고   있 다 ” 며   “ 풀 무 원 은   인 간 과   자 연 을   함 께   사 랑 하 는   로 하 스   기 업 으 로 서   소 비 자 에 게   동 물 과   지 구 환 경 까 지   생 각 하 는   바 른 먹 거 리 를   선 보 이 기   위 해   지 속   노 력 하 겠 다 ” 고   말 했 다 ."
아시아투데이,"풀무원 푸드머스, 선진FS와 ‘동물복지 상품 확대’ MOU 체결","사 진   1 0 8 일   오 후   수 서 동   풀 무 원   본 사 에 서   가 진   ‘ 푸 드 머 스 - 선 진 F S   동 물 복 지   상 품   확 대 를   위 한   M O U ’   체 결 식 에 서   유 상 석   푸 드 머 스   대 표 ( 오 른 쪽 ) 가   전 원 배   선 진 F S   대 표 이 사 와   M O U 협 약 서 에   서 명 한   후   맞 교 환 하 고   있 다 . / 사 진 = 풀 무 원   풀 무 원   계 열   식 자 재   유 통 기 업   푸 드 머 스 는   축 산 식 품 전 문 기 업   선 진 의   육 가 공   사 업 부 문   계 열 사   선 진 F S 와   ‘ 동 물 복 지   상 품   확 대 를   위 한   업 무 협 약 ( M O U ) ’ 을   체 결 했 다 고   9 일   밝 혔 다 . 이 번   협 약 은   양 사 가   동 물 복 지 육 을   활 용 한   상 품 을   개 발 하 고   급 식   시 장 에   적 극   유 통 하 기   위 해   추 진 됐 다 . 푸 드 머 스 는   바 른 먹 거 리   제 품   개 발 에   대 한   노 하 우   공 유 와   관 련   홍 보 ,   탄 탄 한   유 통 망 을   통 한   제 품   판 로 확 대 에   노 력 하 고   선 진 F S 는   전 문 적 인   동 물 복 지   양 돈 ,   육 가 공   기 술 을   교 류 하 는   등   동 물 복 지   상 품   개 발 과   확 산 에   양 사 가   협 력 할   예 정 이 다 .   푸 드 머 스 와   선 진 F S 는   향 후   선 진   동 물 복 지   인 증   돼 지 고 기   브 랜 드   ‘ 선 진 포 크   바 른 농 장 ’ 의   동 물 복 지 육 을   사 용 해   급 식   시 장 에   적 합 한   다 양 한   상 품 을   선 보 일   예 정 이 다 .   올 해 는   함 박 스 테 이 크 · 미 트 볼   등   1 0 여   개   상 품 의   출 시 도   계 획 하 고   있 다 .   각   상 품 은   식 품 위 생 법 이   정 한   첨 가 물   기 준 보 다   더   까 다 로 운   풀 무 원 의   최 소   첨 가 물   원 칙 을   적 용 해   안 전 한   먹 거 리 로   만 들 어 질   예 정 이 다 . 푸 드 머 스 는   지 난 해   이 미   급 식 업 계   최 초 로   동 물 복 지 육 을   사 용 한   제 품   2 종 을   출 시 해   성 장   가 능 성 을   타 진 한   바   있 다 .   당 시   푸 드 머 스 는   동 물 복 지 육 을   활 용 한   ‘ 칼 집 비 엔 나 ’   ‘ 평 양 왕 만 두 ’   제 품 을   먹 거 리 에   민 감 한   어 린 이 · 청 소 년   대 상   급 식 처 에   공 급 해   호 응 을   얻 었 다 . 돼 지 고 기   브 랜 드   ‘ 선 진 포 크 ’ 로   잘   알 려 진   선 진 은   가 축   사 료 · 양 돈 · 식 육 · 육 가 공   사 업   등 을   이 어 온   기 업 으 로   유 럽 의   선 진 화 된   동 물 복 지   양 돈   기 술 을   국 내 에   최 초 로   도 입 했 으 며 ,   2 0 1 7 년   기 준   5 개 의   동 물 복 지   인 증   농 장 을   운 영 하 고   있 다 . 푸 드 머 스 와   협 약 을   맺 은   선 진 F S 는   축 산 식 품 전 문 기 업   선 진 의   육 가 공   사 업 부 문 이 다 .   선 진 F S 는   이 천 과   음 성   등   2 개   공 장 에 서   육 가 공   상 품 을   가 공 하 고   있 어   안 정 적 으 로   동 물 복 지   신 선 육   상 품 을   생 산 · 공 급 할   수   있 다 . 유 상 석   푸 드 머 스   대 표 는   “ 이 번   M O U 를   통 해   안 심 하 고   먹 을   수   있 는   동 물 복 지   상 품 개 발 과   유 통 확 대 를   적 극   추 진   할   수   있 게   돼   기 쁘 다 ” 라 며   “ 앞 으 로   동 물 복 지 육 을   활 용 한   제 품 뿐 만   아 니 라   급 식 시 장 에   적 합 한   동 물 복 지   제 품 개 발 을   통 해   풀 무 원 의   로 하 스 ( L O H A S )   가 치 를   소 비 자 들 에 게   알 릴   것 ” 이 라 고   말 했 다 . 전 원 배   선 진 F S   대 표 이 사 는   “ 푸 드 머 스 와 의   업 무 협 약 은   단 지   각   회 사   간   이 윤   추 구 를   넘 어 ,   세 계 적   흐 름 인   동 물 복 지   식 문 화   확 대 를   위 한   계 기 를   마 련 한 다 는   점 에   더   큰   의 의 가   있 다 ” 라 며   “ 이 번   M O U 를   비 롯 해   선 진 은   앞 으 로   국 내   축 산 업   전 반 에 서 의   동 물 복 지   인 프 라 를   확 대 하 고 ,   동 물 복 지   식 품 의   가 치 를   소 비 자 에 게   효 과 적 으 로   알 리 기   위 해   매 진 하 겠 다 ” 고   전 했 다 ."
아시아투데이,"홈플러스·풀무원, 어린이 먹거리 교육","홈 플 러 스   풀 무 원 ,   어 린 이   바 른   먹 거 리   교 육   3 0 1 4 일   경 기 도   홈 플 러 스   안 산 점   평 생 교 육 스 쿨 에 서   ‘ 바 른   먹 거 리 ’   강 사 가   어 린 이 들 에 게   건 강 하 고   안 전 한   식 품   선 택 법 에   대 해   교 육 하 고   있 다 .   홈 플 러 스 는   풀 무 원 과   함 께   어 린 이 들 에 게   건 강 하 고   안 전 한   식 품   선 택 법 을   알 려 주 는   ‘ 바 른   먹 거 리   교 육 ’ 을   진 행 한 다 고   1 5 일   밝 혔 다 . 오 는   1 1 월 까 지   전 국   5 0 개   홈 플 러 스   점 포   내   평 생 교 육 스 쿨 에 서   초 등 학 생   총   1 0 0 0 명 을   대 상 으 로   식 품   영 양 표 시 · 첨 가 물   알 아 보 기 ,   채 소 · 과 일   꼬 치   만 들 기   등   먹 거 리   교 육 을   한 다 .   홈 플 러 스 는   어 린 이 들 이   건 강 한   식 습 관 을   기 르 고 ,   우 리   사 회 에   올 바 른   식 생 활   문 화 가   자 리   잡 도 록   하 려 는   취 지 에 서   이   같 은   교 육 을   마 련 했 다 . 
 
 
 
 
 
 
 
 
 
 
 
 
 
 업 비 트   투 자 자   보 호   센 터 
 
 
 
 
 
 
 
 
 자 세 한   내 용 은   각   지 역   홈 플 러 스   평 생 교 육 스 쿨 이 나   홈 페 이 지 ( h t t p : / / s c h o o l . h o m e p l u s . c o . k r ) 에 서   얻 을   수   있 다 ."
아시아투데이,"풀무원, 13년 만에 새 CI 발표… 계열사명도 일원화","사 진 1 )   풀 무 원   N E W   C I 0   오 너   경 영 을   마 감 하 고   전 문 경 영 인   체 제 로   전 환 한   풀 무 원 이   2 0 0 5 년   이 후   1 3 년   만 에   기 업   아 이 덴 티 티 ( C I ) 를   리 뉴 얼 하 고   계 열 사   회 사 명 을   풀 무 원   브 랜 드   아 래   하 나 로   일 원 화 하 기 로   했 다 .   풀 무 원 은   3 1 일   서 울   수 서 동   본 사 에 서   새   C I   선 포 식 을   갖 고   새 롭 게   마 련 한   브 랜 드   체 계 와   로 하 스   전 략   등 을   발 표 했 다 .   이 효 율   풀 무 원   대 표 는   이 날   행 사 에 서   “ 회 사 가   전 문 경 영 인 체 제 로   변 화 하 는   대 전 환 기 를   맞 아   로 하 스 미 션 을   더 욱   강 화 하 고   구 체 화 해   세 계   속 의   글 로 벌   로 하 스 기 업 으 로   당 당 하 게   도 약 하 고 자   한 다 ” 고   밝 혔 다 .   풀 무 원 은   C I   변 경 과   함 께   각   계 열 사   사 명 도   ‘ 원   풀 무 원 ( O n e   P u l m u o n e ) ’ 의   관 점 에 서   변 경 하 기 로   했 다 .   이 에   따 라   풀 무 원   계 열 사   중   2 0 0 0 년 부 터   1 8 년 간   독 자 적 인   사 명 을   사 용 했 던   단 체 급 식   및   컨 세 션 기 업   ‘ 이 씨 엠 디 ’ 와   식 자 재 유 통 업 체   ‘ 푸 드 머 스 ’   2 개 사 의   회 사 명 을   각 각   ‘ 풀 무 원 푸 드 앤 컬 처 ’ 와   ‘ 풀 무 원 푸 드 머 스 ’ 로   변 경 했 다 .   
 
 
 
 
 
 
 
 
 
 
 
 
 
 업 비 트   투 자 자   보 호   센 터 
 
 
 
 
 
 
 
 
 이 로 써   풀 무 원 은   주 요   계 열 사 가   풀 무 원 식 품 ,   풀 무 원 건 강 생 활 ,   풀 무 원 푸 드 머 스 ,   풀 무 원 푸 드 앤 컬 처 ,   풀 무 원 다 논   등 으 로   창 사   이 래   처 음 으 로   하 나 의   풀 무 원   브 랜 드   아 래   회 사 명 이   일 원 화 됐 다 . 새   풀 무 원   C I 는   올 해   새 로 운   전 문 경 영 인 체 제 로   출 범 한   풀 무 원 이   다 시   한   번   도 약 하 겠 다 는   젊 고   역 동 적 인   의 지 를   강 력 하 게   표 현 했 다 고   풀 무 원 은   설 명 했 다 .   C I   심 볼 의   색 채 를   기 존 의   연 한   녹 색 에 서   채 도 가   더   진 한   녹 색 으 로   바 꿔   로 하 스 기 업 의   선 명 성 과   전 사 통 합 의 지 를   강 조 했 다 .   풀 무 원 은   미 래   사 업 전 략 의   2 대   키 워 드 를   ‘ 바 른 먹 거 리 ( 식 품 사 업 ) ’ 와   ‘ 건 강 생 활 ’ 로   정 하 고   영 양 균 형 · 동 물 복 지   등   ‘ 로 하 스   7 대   전 략 ’ 도   발 표 했 다 .  "
아시아투데이,"풀무원, 33년 오너경영 마감…이효율 총괄CEO 선임","사 진 2 _ 이 효 율   풀 무 원   총 괄 C E O 0 이 효 율   풀 무 원   신 임   총 괄 C E O   풀 무 원 이   오 너 경 영 을   마 감 하 고   새 해 부 터   전 문 경 영 인   체 제 로   새 롭 게   출 범 했 다 . 풀 무 원 은   지 난   3 3 년 간   회 사 를   이 끌 어   온   남 승 우   총 괄   최 고 경 영 자 ( C E O ) 가   경 영   일 선 에 서   물 러 나 고   이 효 율   대 표 를   1 월   1 일 자 로   후 임   총 괄 C E O 에   선 임 했 다 고   밝 혔 다 . 이 로 써   풀 무 원 은   1 9 8 4 년   창 사   이 래   3 3 년 간 의   오 너   경 영 시 대 를   마 감 하 고   처 음 으 로   전 문 경 영 인 이   경 영 을   총 괄 하 게   됐 다 . 남   전   총 괄 C E O 는   1 9 8 4 년   직 원   1 0 여 명 으 로   시 작 한   풀 무 원 을   직 원   1 만 여 명 ,   연   매 출   2 조 원 이   넘 는   한 국 의   대 표 적 인   바 른 먹 거 리 와   로 하 스 생 활 기 업 으 로   성 장 시 킨   오 너   경 영 인 이 다 .   창 사   이 래   대 표 이 사   사 장 을   맡 아   온   그 는   지 난 해   3 월   열 린   주 주 총 회   등 을   통 해   만   6 5 세 가   되 는   2 0 1 7 년 을   끝 으 로   자 식 이   아 닌   전 문 경 영 인 에 게   경 영 권 을   승 계 하 겠 다 고   사 전   공 표 한   바   있 다 .   남 승 우   풀 무 원   전   총 괄 C E O 0 남 승 우   전   풀 무 원   총 괄 C E O 그 는   평 소   “ 글 로 벌   기 업   C E O 들 은   대 부 분   6 5 세 에   은 퇴 한 다 ” 며   “ 비 상 장 기 업 은   가 족 경 영 이   유 리 하 지 만   상 장 기 업 의   경 영 권   승 계 는   전 문 경 영 인 이   하 는   것 이   합 리 적 ” 이 라 는   소 신 을   밝 혀 왔 다 . 경 영 권 을   내 려 놓 은   남   전   총 괄 C E O 는   풀 무 원   이 사 회   의 장   역 할 을   하 며 ,   필 요 한   경 우   경 영 에   대 한   자 문   역 할 을   하 게   된 다 . 이 효 율   신 임   총 괄 C E O 는   1 9 8 1 년   압 구 정 동 에 서   ‘ 풀 무 원   무 공 해 농 산 물   직 판 장 ’ 으 로   시 작 한   풀 무 원 이   법 인   설 립 을   하 기   직 전   해 인   1 9 8 3 년 에   사 원   1 호 로   입 사 해   3 4 년   만 에   최 고 경 영 자 까 지   오 른   풀 무 원   기 업 성 장 사 의   산 증 인 이 다 .   마 케 팅   팀 장 을   거 쳐   사 업 본 부 장 · 영 업 본 부 장 · 풀 무 원 식 품   마 케 팅 본 부 장 · 풀 무 원 식 품   C O O ( 최 고 운 영 책 임 자 ) · 풀 무 원 식 품   대 표 이 사 를   역 임 했 다 . 풀 무 원   초 창 기 인   1 9 8 0 년 대   중 후 반   국 내   최 초 의   풀 무 원   포 장   두 부 와   포 장   콩 나 물 을   전 국   백 화 점 과   슈 퍼 마 켓 에   입 점 시 키 며   ‘ 풀 무 원   브 랜 드 ’ 를   전 국 에   알 리 며   풀 무 원 이   식 품 대 기 업 으 로   성 장 하 는   발 판 을   마 련 한   성 장   주 역 이 라 는   평 가 를   받 고   있 다 . 이 효 율   총 괄 C E O 는   취 임   후   신 년 인 사 를   통 해   “ 풀 무 원 은   지 난   3 3 년 간   많 은   도 전 과   어 려 움 을   극 복 하 고   한 국 의   대 표 적 인   바 른 먹 거 리 와   로 하 스 생 활 기 업 으 로   성 장 해   온   저 력 이   있 다 ” 며   “ 새 해 에 는   한 국 식 품 산 업 의   위 상 을   빛 내 고   동 남 아 와   유 럽 까 지   진 출 하 는   글 로 벌   전 략 을   마 련 해   글 로 벌   히 든   챔 피 언 ,   글 로 벌   로 하 스 기 업 으 로   제 2 의   도 약 을   하 자 ” 고   밝 혔 다 .  "
아시아투데이,"풀무원, 동반성장위원회와 협력기업을 위한 동반성장·상생협력 협약","사 진 5 0 2 6 일   서 울   삼 성 동   인 터 콘 티 넨 탈 에 서   열 린   ‘ 협 력 중 소 기 업 과 의   상 생 협 력 을   위 한   동 반 성 장 · 상 생 협 력   협 약 ’   체 결   후   권 기 홍   동 반 성 장 위 원 회   위 원 장 ( 왼 쪽   네 번 째 ) 이   이 효 율   풀 무 원 식 품   대 표 ( 왼 쪽   세 번 째 ) · 김 경 한   풀 무 원 식 품   동 반 성 장 추 진 실 장 ( 왼 쪽   첫 번 째 ) · 박 남 주   풀 무 원 식 품   공 동 대 표 ( 왼 쪽   두 번 째 ) · 국 신 욱   동 반 성 장 위 원 회   부 장 ( 오 른 쪽   두 번 째 ) · 이 우 봉   풀 무 원 식 품   전 략 경 영 원 장 ( 오 른 쪽   첫 번 째 ) 과   함 께   기 념   촬 영 을   하 고   있 다 .   풀 무 원 식 품 은   2 6 일   서 울   삼 성 동   인 터 콘 티 넨 탈   서 울   코 엑 스 에 서   7 0 개   협 력 중 소 기 업   등   1 0 0 여 명 이   참 석 한   가 운 데   열 린   ‘ 2 0 1 8   풀 무 원   베 스 트   파 트 너 스 데 이 ’ 에 서   동 반 성 장 위 원 회 와   협 력 중 소 기 업 을   위 한   동 반 성 장 과   상 생 협 력   협 약 을   체 결 했 다 .     이 번   협 약 에   따 라   양 측 은   동 반 성 장   공 유 가 치   창 출   및   상 생 발 전 을   위 해   적 극   협 력 하 고 ,   대 중 소 기 업 간   동 반 성 장   문 화   확 산   및   정 착 을   위 한   활 동 에   적 극   노 력 하 기 로   했 다 . 이 날   협 약 은   권 기 홍   동 반 성 장 위 원 회   위 원 장 이   지 난   2 월 1 일   제 4 기   동 반 성 장 위 원 회   위 원 장 에   취 임 한   이 후   기 업 과   맺 은   첫   동 반 성 장 협 약 이 다 .   권   위 원 장 은   협 약 식   인 사 말 에 서   “ 1 9 8 4 년   창 립 한   풀 무 운 은   1 9 9 2 년   1 0 0 0 억 원 의   매 출 을   달 성 하 고   2 0 1 6 년 에 는   2 조 원 을   넘 어 서 는   놀 라 운   성 과 를   이 룬   바   있 다 ” 면 서   “ 이 번   협 약 을   통 해   풀 무 원 이   작 은   중 소 기 업 에 서   출 발 했 지 만   대 기 업 으 로   성 장 한   노 하 우 를   잘   전 수 하 고   협 력 사 들 이   더 욱   더   성 장 하 는   이 른 바   동 반 성 장 의   기 틀 을   마 련 하 는   전 기 가   되 기 를   기 원 한 다 ” 고   전 했 다 .   풀 무 원 식 품 은   이 날   협 약 서 에   따 라   △ 성 과 공 유 형   동 반 성 장 활 동 을   통 한   상 생 협 력   달 성   △ 동 반 성 장   활 동 을   통 한   협 력 기 업 과 의   역 량 향 상   지 원   △ 협 력 기 업 의   권 익 보 호   및   건 강 한   기 업 생 태 계   조 성   △ 동 반 위 에 서   지 정 한   중 소 기 업   적 합 업 종   권 고 사 항   준 수   등   4 개 항 에   적 극   협 력 하 기 로   했 다 . 동 반 위 는   △ 동 반 성 장 아 카 데 미   △ 성 과 공 유 아 카 데 미   △ 상 생 결 제 시 스 템   등   풀 무 원 의   동 반 성 장   프 로 그 램 이   실 천 되 도 록   적 극   협 력 하 기 로   약 속 했 다 . 풀 무 원 식 품 은   이 날   협 약 식 과   함 께   협 력 중 소 기 업 을   초 청 해   사 업   방 향 과   비 전 을   공 유 하 며   상 생 협 력 의   의 지 를   다 지 고 ,   식 사 를   함 께 하 는   간 담 회 인   ‘ 2 0 1 8   풀 무 원   베 스 트   파 트 너 스 데 이 ‘ 를   개 최 했 다 . 올 해   1 2 년 째 를   맞 는   이   행 사 에   풀 무 원 식 품 과   푸 드 머 스 의   7 0 개   협 력 기 업   대 표   및   임 직 원   등   1 0 0 여 명 이   참 석 해   서 로 의   노 고 를   격 려 하 고   감 사 의   마 음 을   전 하 는   시 간 을   가 졌 다 .   간 담 회 는   ‘ 풀 무 원 의   공 정 경 영   실 현 을   위 한   신 뢰 구 축 ’ 을   주 제 로 ,   박 남 주   풀 무 원 식 품   공 동 대 표 는   올 해   사 업   방 향   발 표 에 서   △ 바 른 먹 거 리   가 치   구 체 화   △ F r e s h   R e a d y   M e a l   집 중   육 성   △ 트 렌 드 에   대 한   선 제 적   대 응   △ 빠 르 게   변 화 하 는   기 업   환 경   대 응   등   4 대   전 략 방 향   실 현 을   통 해   협 력 기 업 과   함 께   성 장 해   나 갈   계 획 이 라 고   밝 혔 다 .   이 어   식 자 재   유 통 기 업   푸 드 머 스 의   유 상 석   대 표 는   △ 생 애 주 기 별   전 문 상 품   구 축   △ 건 강 한   R M · 디 저 트   확 장   △ 동 물 복 지 · G A P   상 품 군   확 대 를   통 해   협 력 기 업 과 의   협 력 을   강 화 하 겠 다 고   전 했 다 . 이   외 에 도   이 날   행 사 에 서   성 균 관 대   기 계 공 학 과   최 재 붕   교 수 가   ‘ 4 차   산 업 혁 명 의   본 질 과   대 응 전 략 ’ 이 란   주 제 로   강 연 을   진 행 했 으 며 ,   우 수 협 력 기 업   1 2 개 사 를   대 상 으 로   감 사 패 와   상 금 을   전 달 하 는   시 간 도   가 졌 다 ."
아시아투데이,"농식품부, 풀무원식품과 국가식품클러스터 분양계약","농 림 축 산 식 품 부 는   지 난   1 5 일   풀 무 원 식 품 과   해 외   수 출 을   전 담 할   프 리 미 엄 급   식 품 공 장 설 립 을   위 해   국 가 식 품 클 러 스 터 와   분 양 계 약 을   체 결 했 다 고   1 8 일   밝 혔 다 . 신 선 식 품 · 음 료   등   7 0 여 가 지   제 품 을   생 산 하 는   종 합 식 품 기 업 인   풀 무 원 식 품 은   국 내   최 초 로   포 장 두 부 와   포 장 콩 나 물 을   출 시 하 면 서   ‘ 바 른   먹 거 리 ’   시 장 을   선 도 하 고   있 다 . 풀 무 원 식 품 은   올 해   4 ∼ 5 월   착 공 해   수 출 전 용   식 품 공 장 을   설 립 할   계 획 이 다 . 농 식 품 부 는   현 재 까 지   국 가 식 품 클 러 스 터 에   국 내 외   식 품 기 업   5 4 개 사   및   연 구 소   2 개 소 를   유 치 했 다 . 
 
 
 
 
 
 
 
 
 
 
 
 
 
 업 비 트   투 자 자   보 호   센 터 
 
 
 
 
 
 
 
 
 이 들   식 품 기 업   중   1 6 개   기 업 이   착 공 ,   1 2 개   기 업 은   준 공 해   제 품 을   생 산   중 이 다 . 농 식 품 부 는   올 해 까 지   분 양 면 적   대 비   5 0 % 이 상   달 성 ( 7 5 개 기 업 )   목 표 로   다 각 적 인   투 자   유 치 활 동 을   전 개 하 고   있 다 . 황 규 광   농 식 품 부   국 가 식 품 클 러 스 터 추 진 팀 장 은   “ 선 도 기 업 인   풀 무 원 식 품 의   분 양 계 약   체 결 은   앵 커 기 업   유 치 효 과 가   있 다 ” 면 서   “ 일 자 리   창 출   및   투 자 유 치   활 성 화 에   큰   역 할 을   할   것 으 로   기 대 된 다 ” 고   말 했 다 ."
아시아투데이,"풀무원, 전남 신안군과 수산물 협력 사업 MOU 체결","사 진   1 0 풀 무 원 식 품 과   신 안 군 은   1 5 일   전 라 남 도   신 안 군 청 에 서   수 산 물 의   안 정 적   공 급   및   어 촌   소 득   증 대 를   위 한   M O U 를   체 결 했 다 .   고 길 호   신 안 군 수 ( 왼 쪽 에 서   7 번 째 ) 와   박 남 주   풀 무 원 식 품   대 표   ( 왼 쪽 에 서   8 번 째 ) 를   비 롯 한   신 안 군 청   및   풀 무 원 식 품   관 계 자 들 이   수 산 협 력   사 업   협 약 을   체 결 한   뒤   단 체   사 진 촬 영 을   하 고   있 다 . / 사 진 = 풀 무 원   풀 무 원 식 품 은   1 5 일   전 라 남 도   신 안 군 청 에 서   수 산 물 의   안 정 적 인   공 급   및   어 촌   소 득   증 대 를   위 한   업 무 협 약 ( M O U ) 을   체 결 했 다 고   1 6 일   밝 혔 다 .   풀 무 원 은   이 번   협 약 을   통 해   청 정 지 역 으 로   알 려 진   신 안 군 의   우 수   수 산 물   공 급   망 을   확 보 하 고   이 를   활 용 한   제 품 을   판 매 할   계 획 이 다 .   또   판 로   개 척 을   통 한   어 촌   소 득   증 대   등   지 역   경 제   활 성 화 에 도   기 여 할   것 으 로   기 대 하 고   있 다 . 특 히   풀 무 원 은   김   재 배   기 술 력 을   바 탕 으 로   신 안 군   장 산 도   해 역   일 대   김   양 식 장 을   개 발 해   계 약 재 배 를   추 진 할   계 획 이 다 .   이 를   통 해   재 래 김 · 돌 김   등   마 른   김   제 품 의   원 재 료 인   원 초   물 김 의   안 정 적 인   수 급 처 를   확 보 할   수   있 게   될   전 망 이 다 . 특 히   풀 무 원 은   단 계 적 으 로   자 체   개 발 한   김   원 초   품 종 인   ‘ 풀 무 노 을 ’ 과   ‘ 풀 무 해 심 ’ 의   상 용 화 를   위 한   기 반   작 업 을   진 행 할   예 정 이 다 .   풀 무 노 을 과   풀 무 해 심 은   각 각   2 0 1 4 년 ,   2 0 1 5 년   국 립 수 산 과 학 원   수 산 식 물 품 종 관 리 센 터 로 부 터   품 종 보 호   요 건   재 배   심 사 를   거 쳐   정 식 으 로   등 록 된   품 종 이 다 .   두   품 종 은   전   세 계 적 으 로   소 비 량 이   가 장   많 은   방 사 무 늬 김 ( P o r p h y r a   y e z o e n s i s )   계 통 으 로 ,   일 반   김 에   비 해   단 맛 과   감 칠 맛 을   내 는   아 미 노 산 이   풍 부 하 고   비 린   맛 이   적 으 며   단 백 질   함 량 이   높 은   것 이   특 징 이 다 . 
 
 
 
 
 
 
 
 
 
 
 
 
 
 업 비 트   투 자 자   보 호   센 터 
 
 
 
 
 
 
 
 
 박 남 주   풀 무 원 식 품   대 표 는   “ 원 초   물 김 의   안 정 적 인   재 배 를   시 작 으 로   신 안 군 과 의   협 력   범 위 를   단 계 적 으 로   확 대 할   것 이 며 ,   우 럭 · 전 복 · 낙 지 · 왕 새 우   등   수 산 특 산 품 을   활 용 한   바 른   먹 거 리   개 발 에 도   힘 쓸   계 획 ” 이 라 며   “ 풀 무 원 은   이 후 에 도   지 역   농 어 촌 과 의   지 속 적 인   상 생 을   통 해   한 국 의   우 수   수 산 물 을   국 내 외 에   적 극   공 급 하 겠 다 ” 고   말 했 다 ."
아시아투데이,"풀무원식품, 10년 연속 ‘소비자중심경영’ 인증 받아","사 진 1 0 풀 무 원 식 품 이   ‘ 2 0 1 7 년   하 반 기   C C M   인 증 서   수 여 식   및   1 0 주 년   기 념 식   세 미 나 ’ 에 서   1 0 년   연 속   C C M ( 소 비 자 중 심 경 영 )   인 증   기 업 에   수 여 하 는   공 로 패 를   수 상 했 다 .   박 남 주   풀 무 원 식 품   대 표 ( 왼 쪽 에 서   세   번 째 ) 가   공 로 패   수 상   후   김 상 조   공 정 거 래 위 원 장 ( 왼 쪽 에 서   네   번 째 ) ,   수 상   기 업   대 표 들 과   기 념 사 진 을   찍 고   있 다 . / 사 진 = 풀 무 원 .   풀 무 원 식 품 은   1 5 일   공 정 거 래 위 원 회 와   한 국 소 비 자 원   주 최 로   서 울   엘 타 워 에 서   열 린   ‘ 2 0 1 7 년   하 반 기   소 비 자 중 심 경 영   인 증 서   수 여 식   및   1 0 주 년   기 념 식 · 세 미 나 ’ 에 서   김 상 조   공 정 거 래 위 원 장 으 로 부 터   1 0 년   연 속   C C M   인 증 기 업   공 로 패 를   수 상 했 다 고   1 7 일   밝 혔 다 .   이 번   공 로 패 는   공 정 위 가   2 0 0 7 년   시 작 한   소 비 자 중 심 경 영 ( C C M )   인 증   도 입   1 0 주 년 을   맞 아 ,   1 0 년   전   최 초 로   C C M   인 증 을   받 은   기 업 에   수 여 했 다 . 국 내   전 체   기 업   중   풀 무 원 식 품 을   비 롯 해   교 보 생 명 · 유 니 베 라 · 코 웨 이 · 한 화 생 명   등   5 개   기 업 이   받 았 으 며 ,   식 품   기 업 으 로 는   풀 무 원 식 품 이   유 일 하 다 .   풀 무 원 식 품 은   ‘ 인 간 과   자 연 을   함 께   사 랑 하 는   로 하 스 기 업 ’ 이 라 는   미 션   아 래   ‘ 고 객 가 치   창 출 ,   고 객 기 쁨 경 영   실 현 을   최 우 선 과 제 ’ 로   실 현 해 오 고   있 다 .   특 히   최 고   경 영 자 의   소 비 자 중 심 경 영 에   대 한   적 극 적 인   마 인 드 를   바 탕 으 로   체 계 적 이 고   다 양 한   경 영 활 동 을   펼 치 고   있 다 . 이   같 은   노 력 으 로   2 0 0 7 년   처 음   시 행 된   C C M   인 증 을   식 품 업 계   최 초 로   받 았 으 며 ,   올 해   7 월   6 회   연 속   C C M   인 증 을   받 아   1 0 년   연 속   C C M   인 증 을   유 지 해   오 고   있 다 .   박 남 주   풀 무 원 식 품   대 표 는   “ 풀 무 원 식 품 이   1 0 년   동 안   C C M   인 증 을   유 지 할   수   있 었 던   것 은   체 계 적 이 고   전 문 성 을   갖 춘   고 객 중 심 의   경 영 활 동 을   지 속 적 으 로   수 행 해   왔 기   때 문 “ 이 라 며   “ 앞 으 로 도   고 객 의   목 소 리 에   더 욱   귀   기 울 여   고 객 이   만 족 하 는   바 른   먹 거 리 와   서 비 스 를   제 공 하 는   데   최 선 을   다 할   계 획 ” 이 라 고   말 했 다 ."
아시아투데이,"풀무원, 학부모·보육교사 대상 ‘로하스식생활 교육’ 무료 실시","[ 사 진   1 ]   로 하 스 식 생 활 교 육 1   풀 무 원 은   올 해   미 취 학   아 동 과   초 등 부   자 녀 를   둔   학 부 모 와   보 육 교 사   등   2 0 0 0 명 을   대 상 으 로   1 0 0 회 에   걸 쳐   찾 아 가 는   ‘ 로 하 스 식 생 활   교 육 ’ 을   무 료 로   실 시 한 다 고   2 1 일   밝 혔 다 . ‘ 로 하 스 식 생 활   교 육 ’ 은   오 는   2 4 일   안 산 시   단 원 구   ‘ 근 로 복 지 공 단   안 산 어 린 이 집 ’ 을   시 작 으 로   연 말 까 지   실 시 된 다 .   이   교 육 은   식 생 활   전 문   교 육 강 사 들 이   육 아 종 합 지 원 센 터 와   어 린 이 급 식 관 리 지 원 센 터 ,   어 린 이 집   등 을   찾 아 가 는   방 식 으 로   실 시 한 다 .   교 육   참 가 는   대 한 지 역 사 회 영 양 학 회   홈 페 이 지 를   통 해   신 청 하 면   된 다 . 풀 무 원 은   2 0 1 0 년 부 터   어 린 이 를   주 로   대 상 으 로   바 른 먹 거 리   캠 페 인   교 육 을   실 시 하 고   있 으 며 ,   이   가 운 데   ‘ 로 하 스 식 생 활   교 육 ’ 은   자 녀   식 습 관   형 성 에   큰   영 향 을   미 치 는   학 부 모 와   보 육 교 사 를   대 상 으 로   하 는   식 생 활   교 육 이 다 . ‘ 로 하 스 식 생 활   교 육 ’ 은     ‘ 지 엘 ( 혈 당 부 하 )   다 이 어 트 ’ 의   원 리 를   이 해 하 고   실 천 방 법 을   쉽 게   익 힐   수   있 도 록   ‘ 당   흡 수 를   줄 이 는   식 생 활   -   지 엘 !   뱃 살 과   건 강 을   부 탁 해 ’ 를   주 제 로   6 0 분 에   걸 쳐   진 행 된 다 .   교 육   프 로 그 램 은   이 론 교 육 ( 2 5 분 ) 과   실 천 교 육 ( 2 5 분 ) ,   체 험 교 육 ( 1 0 분 ) 으 로   구 성 돼   있 다 . 이 지 영   풀 무 원 재 단   C S R   담 당 은   “ 지 엘   다 이 어 트 는   일 상 에 서   당 흡 수 를   줄 이 는   식 생 활 을   가 장   쉽 게   실 천 할   수   있 는   방 법 ” 이 라 며   “ 어 린 이 의   식 생 활   습 관 을   가 르 치 는   학 부 모 와   보 육 교 사 들 에 게   지 엘   다 이 어 트   식 사 법 을   전 파 하 기   위 해   올 해   교 육 을   대 폭   확 대 했 다 ” 고   말 했 다 .   한 편   풀 무 원 은   어 린 이 들 에 게   어 렸 을   때 부 터   바 른   식 습 관 을   길 러 주 기   위 해   2 0 1 0 년 부 터   ‘ 바 른 먹 거 리   캠 페 인   교 육 ’ 을   대 대 적 으 로   펼 치 고   있 다 .   지 난 해   2 만 여   명 을   교 육 하 는   등   지 금 까 지   3 0 0 0 회 에   걸 쳐   7 만 여 명 에 게   무 료 교 육 을   실 시 했 으 며 ,   2 0 2 0 년 까 지   1 0 만   명   교 육 을   목 표 로   하 고   있 다 ."
아시아투데이,"풀무원, 2016년 ‘ESG’ 평가 통합 A등급 획득","[ 사 진 2 ]   풀 무 원   바 른 먹 거 리   캠 페 인   교 육 _ 0 2 0 풀 무 원   측 이   어 린 이 들 의   올 바 른   식 습 관   형 성 을   위 해   ‘ 바 른 먹 거 리   캠 페 인 ’   교 육 을   진 행 하 는   모 습 . / 사 진 = 풀 무 원   풀 무 원 은   비 재 무 적   성 과 를   평 가 하 는   2 0 1 6 년   ‘ E S G ’   평 가 에 서   통 합   A 등 급 을   획 득 하 며   지 속 가 능 경 영   우 수 성 을   인 정 받 았 다 고   2 2 일   밝 혔 다 .   E S G   평 가 는   한 국 거 래 소   산 하   한 국 기 업 지 배 구 조 원 ( C G S ) 이   2 0 1 1 년 부 터   매 년   시 행 하 고   있 는   평 가   제 도 다 .   환 경 경 영 ( E n v i r o n m e n t ) · 사 회 책 임 경 영 ( S o c i a l ) · 투 명 한   지 배 구 조 ( G o v e r n a n c e )   등   비 재 무 적   기 업 성 과 를   계 량 화 해   지 속 경 영   성 과 를   평 가 한 다 . 풀 무 원 은   올 해   E S G 평 가 에 서   사 회 책 임   A + 등 급 ,   환 경   A 등 급 ,   지 배 구 조   A 등 급 을   받 아   국 내   5 대   그 룹   계 열 사 를   제 외 한   식 품 기 업 으 로 는   유 일 하 게   통 합   A 등 급 을   획 득 했 다 .   특 히   사 회 책 임   부 문 에 서   A + 등 급 을   받 은   기 업 은   전 체   후 보   기 업   7 1 2 곳   중   3 6 곳 으 로   5 . 1 % 에   불 과 하 다 .   통 합   A 등 급   이 상 을   획 득 한   기 업 은   4 7 곳 이 다 . 풀 무 원 은   어 린 이 들 의   올 바 른   식 습 관   형 성 을   위 해   2 0 1 0 년 부 터   ‘ 바 른 먹 거 리   캠 페 인 ’ 을   전 개 하 고   있 다 .   지 난 해 에 는   1 만 4 0 0 0 여   명 의   어 린 이 와   성 인 에 게   바 른 먹 거 리   캠 페 인   교 육 을   실 시 했 으 며 ,   2 0 2 0 년 까 지   ‘ 바 른 먹 거 리   지 킴 이 ’ 를   1 0 만   명 으 로   확 대 한 다 는   계 획 을   갖 고   있 다 .   풀 무 원 은   또   인 간 과   자 연 이   함 께   공 존 하 는   사 회 를   만 들 기   위 해   힘 쓰 고   있 다 .   풀 무 원 은   2 0 1 9 년 까 지   2 0 0 8 년   대 비   물   사 용 량   4 0 %   감 축 ,   온 실 가 스   배 출 량   5 0 %   감 축 ,   에 너 지   사 용 량   2 5 %   감 축   등   구 체 적 인   로 드 맵 을   구 성 하 고   환 경   경 영 을   이 행 하 고   있 는   것 . 풀 무 원 식 품 은   시 판   두 부   4 3 개   전   제 품 을   환 경 부 와   공 동 으 로   개 발 한   친 환 경   포 장 재 로   전 면   교 체 했 으 며 ,   포 장 용 기   무 게 를   9 %   줄 이 는   등   이 산 화 탄 소   배 출   역 시   최 소 화 하 고   있 다 .   지 난 해   1 월 에 는   풀 무 원   유 기 농   두 부   2 종 이   국 내   식 품 업 계   최 초 로   탄 소 중 립   제 품   인 증 을   획 득 하 기 도   했 다 .   2 0 1 3 년 부 터 는   기 후 변 화 에   적 극 적 으 로   대 응 하 기   위 해   공 장 에   우 드 펠 릿   보 일 러 를   도 입 하 는   온 실 가 스   배 출   저 감 사 업 을   시 작 했 다 .   아 울 러   풀 무 원 은   공 정 하 고   투 명 한   경 영 을   위 해   공 정 거 래 자 율 준 수 프 로 그 램 ( C P ) 을   도 입 ,   공 정 거 래 법   위 반   행 위 를   사 전 에   예 방 하 고   경 쟁   규 범 을   지 키 는   기 업   문 화 를   정 착 시 켰 다 .   이 에   풀 무 원 식 품 · 푸 드 머 스 · 풀 무 원 건 강 생 활 · 올 가 홀 푸 드   등   4 개   계 열 사 가   C P   우 수   등 급 을   보 유 하 는   성 과 를   거 뒀 고 ,   풀 무 원 식 품 과   풀 무 원 건 강 생 활 은   제 1 4 · 1 5 회   공 정 거 래 의   날   대 통 령   표 창 과   공 정 거 래 위 원 장   표 창 을   각 각   수 상 했 다 ."
아시아투데이,실적 추락에 잇딴 구설수까지…풀죽은 ‘풀무원’,"풀 무 원 실 적 추 이 1   풀 무 원 의   고 민 이   깊 어 지 고   있 다 .   영 업 이 익 이   2 0 1 4 년   정 점 을   찍 은   이 후   하 락   추 세 가   급 격 해 지 는   등   실 적 이   갈 수 록   악 화 되 고   있 어 서 다 .   여 기 에   올 초   두 부 가 격 을   인 상 하 며   실 적 부 진 을   소 비 자 에 게   전 가 한 다 는   비 난 에   직 면 한   데   이 어   최 근   풀 무 원 건 강 생 활   본 사   직 원 이   직 영 점 장 을   폭 행 해   사 망 케   하 는   사 건 이   벌 어 지 면 서   ‘ 바 른   먹 거 리   기 업 ’   이 미 지 도   함 께   추 락 하 고   있 다 .   1 5 일   금 융 감 독 원 에   따 르 면   풀 무 원 은   지 난   1 분 기 ( 1 ~ 3 월 )   연 결 기 준 으 로   매 출 액   4 5 9 7 억 원 을   기 록 해   전 년   동 기   대 비   6 . 6 %   증 가 했 으 나   영 업 이 익 은   같 은   기 간   3 3 억 원 에 서   9 억 원 으 로   7 2 . 6 % 나   줄 어 들 었 다 .   당 기 순 손 실 도   2 8 억 원 으 로   소 폭   확 대 됐 다 .   풀 무 원 은   지 난 해 에 도   연 간   영 업 이 익 이   3 9 5 억 원 으 로   전 년 보 다   2 5 . 8 %   감 소 한   바   있 어   실 적   부 진 에 서   헤 어 나 지   못 하 고   있 는   셈 이 다 .   매 출 은   늘 어 난   반 면   영 업 이 익 이   급 감 하 면 서   영 업 이 익 률 도   심 각 한   수 준 까 지   떨 어 졌 다 .   2 0 1 4 년   3 . 2 % 였 던   풀 무 원 의   영 업 이 익 률 은   2 0 1 5 년   2 . 1 % 까 지   하 락 하 더 니   지 난   1 분 기 에 는   급 기 야   0 . 2 % 까 지   추 락 했 다 .   
 
 
 
 
 
 
 
 
 
 
 
 
 
 업 비 트   투 자 자   보 호   센 터 
 
 
 
 
 
 
 
 
 풀 무 원 의   이 러 한   실 적   부 진 은   주 력   자 회 사 인   풀 무 원 식 품 의   공 격 적 인   해 외 시 장   확 장 이   아 직   가 시 적 인   성 과 를   거 두 지   못 한   데   따 른   것 으 로   분 석 된 다 .   풀 무 원 식 품   해 외 부 문 의   영 업 손 실   규 모 는   2 0 1 3 년   1 2 3 억 원 ,   2 0 1 4 년   2 2 9 억 원 ,   2 0 1 5 년   3 8 8 억 원 으 로   갈 수 록   확 대 되 고   있 다 .   실 적 뿐   아 니 라   ‘ 바 른   먹 거 리   기 업 ’   이 미 지 도   추 락 하 고   있 다 .   최 근   풀 무 원 건 강 생 활   본 사   직 원   2 명 은   직 영 지 점 장 을   폭 행 해   숨 지 게   한   혐 의 로   구 속 됐 다 .   풀 무 원   측 은   술 자 리 에 서   벌 어 진   단 순   사 고 라 는   입 장 이 지 만   실 적   부 진 에   따 라   무 리 하 게   영 업 압 박 을   한   것 이   사 태 의   원 인 이   아 니 냐 는   관 측 도   나 온 다 .   또   풀 무 원 식 품 은   올 초   3 6 개   두 부   제 품 의   가 격 인 상 을   단 행 하 면 서   원 재 료 인   콩 ( 백 태 )   가 격 이   최 근   몇 년 간   지 속 적 으 로   하 락 했 음 에 도   실 적   부 진 에   따 른   부 담 을   가 격 인 상 으 로   소 비 자 에 게   떠 넘 기 고   있 다 는   소 비 자 단 체 의   비 난 에   직 면 한   바   있 다 .   아 울 러   가 습 기   살 균 제   사 태 의   중 심 에   있 는   옥 시 의   신 현 우   전   대 표 가   풀 무 원   사 외 이 사 로   1 1 년   넘 게   재 임 했 다 가   지 난   5 월 에 서 야   사 임 하 면 서   풀 무 원   이 미 지 에   타 격 을   줬 다 는   평 가 다 .  "
아시아투데이,"풀무원샘물, 조현근 신임대표 선임","사 진 자 료 _ 풀 무 원 샘 물   조 현 근   신 임 대 표 0 조 현 근   풀 무 원 샘 물   신 임   대 표   풀 무 원 샘 물 은   신 임   대 표 이 사 에   조 현 근   전   디 아 지 오   아 시 아 퍼 시 픽   부 사 장 을   선 임 했 다 고   1 일   밝 혔 다 .   조   신 임   대 표 는   미 국   캘 리 포 니 아 대 학 교   로 스 앤 젤 레 스   캠 퍼 스 ( U C L A )   경 제 학 과 를   졸 업 했 으 며 ,   필 립 모 리 스 인 터 내 셔 널   마 케 팅   이 사 ,   디 아 지 오   아 시 아 퍼 시 픽   부 사 장   등 을   역 임 했 다 .   한 국 을   비 롯 해   일 본 · 홍 콩   및   대 만   등   아 시 아   태 평 양   지 역   내   다 양 한   국 가 에 서   근 무 하 며   글 로 벌   시 장 을   아 우 르 는   감 각 과   역 량 을   쌓 아 왔 다 .   풀 무 원 측 은   조   신 임   대 표 가   일 본 에 서   디 아 지 오 와   모 엣   헤 네 시 ,   디 아 지 오 와   기 린   맥 주   합 작 법 인 을   성 공 적 으 로   이 끌 어   온   만 큼   풀 무 원 과   네 슬 레   워 터 스 의   합 작 법 인 인   풀 무 원 샘 물 을   이 끌 어   갈   적 임 자 로   평 가 된 다 고   설 명 했 다 .   풀 무 원 샘 물 은   1 9 8 6 년   국 내   최 초 로   먹 는   샘 물   사 업 을   선 보 였 으 며 ,   2 0 0 4 년   1 월   다 국 적   식 품 회 사 인   네 슬 레 의   자 회 사 이 자   세 계   1 위   생 수   기 업 인   네 슬 레   워 터 스 와   합 작 법 인 을   설 립 했 다 .   조 현 근   대 표 이 사 는   “ 풀 무 원 샘 물 은   앞 으 로   ‘ 바 른 먹 거 리 ’   정 신 을   기 반 으 로   한   풀 무 원 의   오 랜   명 성 과   네 슬 레   워 터 스 의   국 제 적 인   품 질   관 리   기 준 에   기 반 새   국 내   생 수   시 장   발 전 과   성 장 에   기 여 하 겠 다 ” 고   말 했 다 .  "
