본문,해쉬태그
".[풀무원- 바른 먹거리 교육] 3-5학년 엄마들이 좋아하는 교육. 🤗영양소의 종류도 이참에 확실히 알고, 판매되는 제품들의 성분분석도 해 볼 수 있었던 깨알같은 수업~집밥이 제일 건강한 먹거리라는 결론. 🤔😉#0428 #juneha #풀무원바른먹거리 2021.04.21  04.28 🕒","['0428', 'juneha', '풀무원바른먹거리']"
"💕풀무원 바른 먹거리 온라인 비대면 교육💕1차시/2월17일2차시/2월24일풀무원 바른 먹거리에서 초등학교 3,4,5학년 대상으로 올바른 식습관과 211식사법으로 골고루 잘먹는 영양균형교육 그리고 식품포장지 확인하는법과 식품표시 확인교육을 2차시에 걸쳐서 온라인으로 진행해 주셨어요~^^엄마가 요리해주면 몸에 좋은거다 생각하며 먹는데만 집중했던 딸이 1차시 교육을 통해 탄수화물 단백질 지방 비타민 무기질 5대 영양소에는 어떤 식재료와 식품들이 있는지 구분하는 눈이 생겼고 목이 마르면 마셨던 물은 우리몸에 꼭 필요하며 영양소를 운반하고 체온을 조절해주니 자주 마시겠다고 얘기해주네요~♡2차시 교육에서는 식품을 고를땐 무엇을 보고 선택하는지 알아보고 챌이 준비한 과자봉지를 보며사용된재료와 식품첨가물도 살펴보고 식품만들기가 완성된 제조일자와 식품이 만들어진날부터 판매할수있는날인 유통기한 그리고 식품에 들어있는 영양소가 적힌 영양성분까지 학습할수 있는 유익한 시간이었어요~^^자라나는 아이들에게 올바른 식습관과 바른먹거리를 선택할 수있도록 교육해주신 풀무원 바른먹거리 관계자분들 너무너무 감사합니다.♥️👏👍#풀무원 #풀무원바른먹거리 #바른먹거리교육 #비대면교육 #초등집콕생활 @pulmuonefoundation","['풀무원', '풀무원바른먹거리', '바른먹거리교육', '비대면교육', '초등집콕생활']"
#저녁메뉴...우리집 풀무원사랑💚..#풀무원바른먹거리#푸드머스#스틱피쉬커틀렛,"['저녁메뉴', '풀무원바른먹거리', '푸드머스', '스틱피쉬커틀렛']"
#딸기야🍓🍓🍓🍓🍓⁣⁣출동! 딸기밭으로~~~~⁣친구들이 너무나 기다렸던⁣노랑차 타는 날🚍⁣비록 5분도 채 못 타고 도착 했지만⁣여기 이 곳 딸기밭엔 ⁣행복미소 친구들뿐👶🏻🧒👧⁣주렁주렁 달린 빠알간 딸기~⁣통에 쏙쏙 담아 양손에 꼭 쥐고⁣갑니다😉⁣⁣#딸기밭견학⁣#우리밖에없어요🤭⁣#오늘도 #행복미소최고👍⁣,"['딸기야', '딸기밭견학', '우리밖에없어요', '오늘도', '행복미소최고']"
#친구들모여라👶🏻👧🏻🧒🏻⁣⁣행복미소 어린이집에서⁣2021년도 신입원아를 모집합니다⁣궁금하신 점 문의 주세요😊⁣⁣#포항 #연일 #가정어린이집#49평 #11월 #가을 #효자 #유강#행복한아가들 #풀무원바른먹거리#풀무원푸드머스 #건강한어린이#튼튼한어린이 #최고선생님💕#얼집스타그램 #얼집 #원아모집중이에요✌️,"['친구들모여라', '포항', '연일', '가정어린이집', '49평', '11월', '가을', '효자', '유강', '행복한아가들', '풀무원바른먹거리', '풀무원푸드머스', '건강한어린이', '튼튼한어린이', '최고선생님', '얼집스타그램', '얼집', '원아모집중이에요']"
#풀무원 #풀무원교육 #풀무원바른먹거리 #풀무원바른먹거리교육 #바른먹거리교육 #초등온라인수업 #초등겨울방학 #집콕 #슬기로운집콕생활 풀무원 바른 먹거리 교육그저 먹는 게 좋은 꼬맹이...쫌 알고 먹자고 신청한 바른먹거리교육설명으로 음식 맞추기 혼자 다 맞췄다며 좋아하고...역시 먹는 건ㅋㅋㅋ유통기한과 식품첨가물도 배우고수업 다 듣고 냉장고에서 음료꺼내고과자봉투 쳐다보며 몸에 안 좋은 거라며 잔소리도 하고ㅎㅎㅎ좋은 교육 감사합니다^^,"['풀무원', '풀무원교육', '풀무원바른먹거리', '풀무원바른먹거리교육', '바른먹거리교육', '초등온라인수업', '초등겨울방학', '집콕', '슬기로운집콕생활']"
..풀무원 달걀농장 체험중~😘..#오한결#풀무원바른먹거리 #키자니아서울 #달걀농장체험중#친환경농부가되어보아요💕#아역배우,"['오한결', '풀무원바른먹거리', '키자니아서울', '달걀농장체험중', '친환경농부가되어보아요', '아역배우']"
#21년새학기이야기⁣⁣3월👶🏻🧒👧⁣신학기 시작한지 벌써 3주차❤⁣⁣우리 예쁜반.햇님반.미소반 친구들⁣새로운 교실에서 적응완료!!⁣그 기념으로 어린이집 소식 전해요⁣⁣여전한 #바른먹거리 풀무원⁣🥦🥬🥒🍅🥕🥔🌶🍄🧅⁣아침마다 신선하고 안전하게⁣배송되어 맛있는 급.간식 제공하고⁣있지요 지난 주 간식 쑥설기도👍⁣⁣어린이집에 새로이 설치된⁣식기 세척기는👍👍⁣매일매일 고압.살균세척으로 우리 ⁣친구들의 도시락을 지켜 주어요😊⁣엄마들의 환호성이 들리시나요❤⁣⁣어린이통학차량 정기검사 통과🚍⁣안전한 차량운행은 기본!⁣점검결과 이상무!!⁣오늘도 #행복미소어린이집 은⁣하하호호 웃음 가득 입니다🧡⁣⁣#내일은3월생일파티🥳⁣#친구들아 #기대해🤭⁣,"['21년새학기이야기', '바른먹거리', '행복미소어린이집', '내일은3월생일파티', '친구들아', '기대해']"
#스페셜데이🎊⁣⁣코로나19로 인해⁣특별활동도 외부견학도 못하는⁣이때!!! 더 즐겁게 보내는 방법⁣그 첫번째❤⁣⁣ㅡ습자지로 놀이해요ㅡ⁣얇디 얇은 습자지를 조물조물⁣~부스럭부스럭~ 탐색해 보고⁣쭉쭉 찢고 마음껏 구겨요높이높이 멀리멀리 던져도 보구요⁣하늘 높이 걸린 종이가 꼭 ⁣비밀의 숲 같아요😁⁣⁣남은 습자지는 꾹꾹 주물러⁣알록달록 구름을 표현해요☁️⁣칙칙 분무기로 구름  위에 뿌리면⁣우와~주룩주룩 색깔비가 내려요☔⁣하지만 우리 친구들은 튼튼한⁣우산을 써서 끄덕 없어요~~~⁣⁣#행복미소스페셜데이⁣#specail_day⁣#신나는하루💙 ⁣#안전한하루💜⁣#감사합니다🧡⁣,"['스페셜데이', '행복미소스페셜데이', 'specail', '신나는하루', '안전한하루', '감사합니다']"
"오수휴게소의 따끈한 ⚡️신제품⚡️대한민국 대표 여름 과일 중 하나, 경북 성주에서 유명한 참외 ◡̈〰️성주 꿀 “참외빵”을 판매 시작했어요! 성주 참외를 그대로 담아 참외향이 가득하고,달콤한 참외 앙금이 꽉 차있어요.☺️참외청은 수제청으로 참외차나 참외에이드도 가능하고,요리하실 때 당 대체 재료로도 사용하시면 감칠맛이 upup!참외잼은 꿀 같은 타입으로 달콤한 과육이 대박 👍🏻따끈한 식빵에 바르고, 우유와 함께 드시면 꿀 맛 -🤍딱 여름이 제철인 참외로 만든 상품드시러오수휴게소로 오세요 🙆🏻‍♀️🙆🏻‍♀️📍성주 꿀 참외빵 小 : 13,000원(6EA) / 大 : 22,000원 (12EA)📍성주 참외청 小 : 5,000원 / 大 : 17,000원📍성주 참외잼 小 : 5,000원 / 大 : 8,900원📍성주 참외잼(無설탕) 小 : 6,000원 / 大 : 10,000원",[]
예약자 몇명없길래 급하게 예약하고 갔는데 주말인데 사람없음 ㅎㅎ줄 단한번도 안서고 원하는건 다 가능했음.특히 인기많은 승무원은 단 둘이서만 체험 ㅋ#키자니아#마트매니저#경찰관#네일아티스트#피라미드체험#가나초콜렛#승무원#앱개발자#풀무원바른먹거리#한동안 안가겠지#,"['키자니아', '마트매니저', '경찰관', '네일아티스트', '피라미드체험', '가나초콜렛', '승무원', '앱개발자', '풀무원바른먹거리', '한동안']"
#행복미소시장놀이🛒⁣⁣왔어요왔어~~~~😁⁣행복미소 시장이 돌아 왔어요💜⁣소오중한 나만의 지갑 들고서⁣장바구니 들고 가봅니다🕺💃⁣⁣🍄🥦🥒🌶🥕🍏🍎🥭🍌⁣향기로운 냄새가 가득한 과일⁣튼튼해지는 채소.야채들⁣내가 좋아하는 과자❤⁣비눗방울과 물놀이 장난감⁣뽀득뽀득 내 손은 소중해👐⁣손 세정제까지 야무지게 장보고⁣돌아갑니다😊⁣⁣내년에 다시 만나요⁣안녕~~~~~⁣⁣#아파서함께하지못한아가들💙⁣#다음엔꼭함께해요❤️,"['행복미소시장놀이', '아파서함께하지못한아가들', '다음엔꼭함께해요']"
#물총놀이🔫⁣⁣꺄악~~~여름이다🌊🏖⁣비록 물놀이는 못하지만⁣물총놀이는 할 수 있어요!!⁣오전내내 ⁣어린이집 놀이터는 그늘!😎⁣바람도 불어주어 놀기 딱 좋아💙⁣⁣멋진 내 물총으로⁣빵야!빵야~~!!!⁣선생님과 함께 하는 물총놀이⁣정말 신나요~~~~😆😆⁣⁣물풍선 쪼물쪼물🎈🎈⁣신나게 던져도 보고⁣나무에  물도 주었어요💜⁣여름이 와도 우리 친구들은⁣건강하게 자란답니다😘⁣⁣#친구들아😁⁣#우리 #내일또할까_?💙⁣,"['물총놀이', '친구들아', '우리', '내일또할까']"
"#제품제공 #풀무원베이비밀 #뽀로로이유식ʀᴇᴀʟ ʀᴇᴠɪᴇᴡ _ ᰔ풀무원베이비밀X뽀로로이유식 체험단답게아주아주 야무지게 먹방을 찍었어욤 ᰔᩚ중기이유식을 시작한지 2주가 다되어가요!!100g씩 하루 두번 먹는데요?이거 160g인데... 다먹었네?그렇게 맛있었어?? 🤭#풀무원 하면 #바른먹거리 가 생각이나요!어릴때부터 믿먹 풀무원인데 시아가 먹는거니 더꼼꼼하게 따져보고 안심하고 먹였오요!#실온이유식 이라서 냉장보관 필요없구요!외출하실때 보냉백이 따로 필요없어요~영양에, 맛에, 실용성까지~세마리토끼를 다잡았네🐰8팩이라고 알고있었는데 .. 16팩이 와또요통까지 큰 #아이코닉스 최고최고👍🏻맛은 4가지예요!➰ 한우당근양파죽➰ 한우두부단호박죽➰ 닭가슴살브로콜리감자죽➰ 청경채완두콩죽앞으로, 편하고 믿을 수 있는 풀무원베이비밀 해요ᴛʜᴀɴᴋ ʏᴏᴜ _ ᰔ 🏷 @iconix_family #풀무원베이비밀뽀로로이유식 #좋은이유식#풀무원바른먹거리 #실온이유식#중기이유식 #후기이유식 #휴대용이유식 #맛있는이유식 #건강한이유식 #잘먹는이유식","['제품제공', '풀무원베이비밀', '뽀로로이유식', '풀무원', '바른먹거리', '실온이유식', '아이코닉스', '풀무원베이비밀뽀로로이유식', '좋은이유식', '풀무원바른먹거리', '실온이유식', '중기이유식', '후기이유식', '휴대용이유식', '맛있는이유식', '건강한이유식', '잘먹는이유식']"
뮤지엄 김치간풀무원 노래를  쉽게 따라 부르는 아이들 너무나 재미있어요 김치설명도 잘 해주시구요 김치가 어떻게 만들어지는 쉽게 설명도 잘해주시는것 같아요 아이가 자기가 만들 김치를 맛도 보고 어떻게 만들어지 알게 되고 버무리는지 무를 썰고 파도 넣고 너무나 맛있게 먹네요 선생님 설명도 잘듣고 너무나 재미있었습니다# 뮤지엄김치#풀무원바른먹거리#풀무원푸드앤컬처 #풀무원바른먹거리체험#풀무원바른먹거리교육#풀무원바른먹거리송 #김치버무리기,"['풀무원바른먹거리', '풀무원푸드앤컬처', '풀무원바른먹거리체험', '풀무원바른먹거리교육', '풀무원바른먹거리송', '김치버무리기']"
뮤지엄 김치간풀무원 노래를  쉽게 따라 부르는 아이들 너무나 재미있어요 김치설명도 잘 해주시구요 김치가 어떻게 만들어지는 쉽게 설명도 잘해주시는것 같아요 아이가 자기가 만들 김치를 맛도 보고 어떻게 만들어지 알게 되고 버무리는지 무를 썰고 파도 넣고 너무나 맛있게 먹네요 선생님 설명도 잘듣고 너무나 재미있었습니다# 뮤지엄김치#풀무원바른먹거리#풀무원푸드앤컬처 #풀무원바른먹거리체험#풀무원바른먹거리교육#풀무원바른먹거리송 #김치버무리기,"['풀무원바른먹거리', '풀무원푸드앤컬처', '풀무원바른먹거리체험', '풀무원바른먹거리교육', '풀무원바른먹거리송', '김치버무리기']"
#행복미소올림픽🏆⁣⁣두둥~~~~~🎉⁣제 1회 행복미소 올림픽이 개막⁣했습니다👏👏👏👏👏⁣⁣친구들의 건강한 몸과 마음을⁣위해^^ 바톤 들고 달리기!⁣원판 뒤집기! 추억의 게임 ⁣과자 따 먹기 까지!!!😆⁣신나는 하루! 보냈답니다.⁣⁣한 주의 피로와⁣운동까지 했더니 고단한⁣우리 친구들❤⁣달콤한 낮잠도 푹~~자고 ⁣일어 났답니다^^⁣⁣오늘의 우승은 ~~~~⁣바로바로 나👶🏻🧒👧⁣근사한 트로피와 ⁣튼튼해지는 홍삼젤리까지💕💕⁣⁣오늘 하루 즐거웠길 바래요🤗⁣⁣#개막하자마자⁣#폐막😅 #내년에 #다시만나요⁣#우승트로피는내것⁣#즐거운올림픽 #주말잘보내요❤️,"['행복미소올림픽', '개막하자마자', '폐막', '내년에', '다시만나요', '우승트로피는내것', '즐거운올림픽', '주말잘보내요']"
#제품협찬#엄선 #시식후기#풀무원#크리스피팝만두탱글새우 #풀무원바른먹거리팝! 한 이름답게 작고 가벼운 느낌조리하기 간편하게 에프나 팬에서 후다닥~가벼운 간식이나 맥주 안주로 딱~개인적으로 새우만두는 새우살이 크게 씹히는걸 좋아하는데 팝 만두이다보니  새우살을 느낄수는 없다다져서  넣을 수 밖에 없겠지팝 만두의 특성상 크기에 제약이 있으니풍미와 식감과 터져나오는 육즙은 일반 만두나 왕만두에서 가대하길~래시피는 기름 두르라고 돠어있는데에프에 그냥 돌리길 추천 한다마무리로 청키한 후추 정도~,"['제품협찬', '엄선', '시식후기', '풀무원', '크리스피팝만두탱글새우', '풀무원바른먹거리팝']"
#제품협찬#엄선 #시식후기 #풀무원 #크리스피팝만두고기듬뿍 #풀무원바른먹거리간편하게 에프나 팬에 조리하여 가볍게 간식이나 맥주안주로 즐기기에 좋다크기가 한 입에 쏙~은 아니어도 살짝 밀어 넣을 정도는 된다베어먹어도 내용물에 수분이 척척하게 베어나오진 않는다만두 좋아하는 사람들이 원하는 풍부한 육즙  터질듯 삐져나오는 내용물  등을 기대하진 말자이름처럼 가볍게 팝! 하게 즐기자맥주 안주로 딱🍺 즐기려면 올라브오일에 아주 살짝 버무려 백후추 청키하게 갈아 뿌려서 에어프라이어에 돌려서 시원한 맥주에 ~,"['제품협찬', '엄선', '시식후기', '풀무원', '크리스피팝만두고기듬뿍', '풀무원바른먹거리간편하게']"
#4월요리활동👨‍🍳👩‍🍳⁣⁣야채를 골고루 먹어요⁣🥕🥔🍆🌶🫑🍅🥬🥦⁣⁣4월 요리활동으로⁣푸쉬업 팝스틱 케이크를 만들어요⁣⁣휘잉~~~~~⁣생크림 만들어 ⁣시금치 가루 단호박 가루 섞어서⁣더 예쁜 생크림이 되었어요⁣⁣과자 하나 크림 한 번 ⁣층층이 쌓아 귀요미 스티커도⁣붙여주면 완성!!!🙂⁣⁣시금치랑 단호박이 근사한⁣케이크가 되었네요💚💛⁣⁣오늘 저녁 맛있게 먹고🍰☕⁣근사한 디저트 타임 되길 바래요⁣⁣#포항시2⁣#어린이급식관리지원센터⁣#감사합니다💕,"['4월요리활동', '포항시2', '어린이급식관리지원센터', '감사합니다']"
"#졸업&수료식👩‍🎓👨‍🎓⁣⁣코로나19로 인해⁣그 어느 해 보다 아쉬웠던 2020..⁣그 속에서 최선을 다해 놀이하며 ⁣건강하게 자라준 너희들💕⁣⁣오늘은 그런 너희들을⁣마지막으로  만나는 날,⁣해마다 겪는 헤어짐이지만⁣익숙하지 않아 슬펐어🥲⁣⁣마지막 하원 차량을 눈물바람으로⁣마무리 하고서 사진을 보니⁣참  많이도 컸구나❤🧡💛💚💙#굿바이_👋_예쁜반⁣#업그레이드✌⁣#햇님반 #미소반 #행복반⁣","['졸업', '굿바이', '업그레이드', '햇님반', '미소반', '행복반']"
#새해복많이받으세요🧧⁣⁣우리 아가들👶🏻🧒👧⁣한복 입으니 너무너무 곱구나🎎⁣⁣고운 한복 입고서⁣원장선생님께 세배하고 ⁣세뱃돈도 받고 덕담도 들었지요⁣맛난 튀밥간식까지😋⁣⁣즐거운 설 명절 되세요🤗물론 방역수칙 준수도 필수 입니다✌⁣#세배하기 #투호놀이⁣#제기차기 #비석치기⁣#그중제일은맛난까까라지요🎵,"['새해복많이받으세요', '세배하기', '투호놀이', '제기차기', '비석치기', '그중제일은맛난까까라지요']"
#오늘은내가요리사👨‍🍳👩‍🍳⁣⁣동글동글 예쁜 어묵으로⁣무얼 만들까~~~~😀⁣찬바람 부는 겨울엔⁣어묵꼬치지~~~~~👍👍👍⁣⁣뜨거운 물에 샤워시켜⁣나쁜 첨가물은 굿바이~~🖐🖐⁣하나씩! 하나씩!⁣조심해서 꽂아요💙⁣⁣무도 쓱싹 썰어서 끼우면⁣어묵꼬치 완성🤗⁣오늘 점심에 따끈한~ 어묵탕으로⁣맛있게 먹었어요⁣코~~ 자고😴⁣일어나선 달콤한 딸기와🍓⁣상큼한 키위도 먹었답니다🥝⁣⁣#입에어묵이꽉!!#꼭꼭씹어먹어요😋⁣#잘먹고 #잘놀고 #잘자고⁣#잘💩고ㅋ #친구들아사랑해💕#간식쟁반앞귀여운아가손😍,"['오늘은내가요리사', '입에어묵이꽉', '꼭꼭씹어먹어요', '잘먹고', '잘놀고', '잘자고', '잘', '친구들아사랑해', '간식쟁반앞귀여운아가손']"
#메리크리스마스🎅⁣⁣비록 산타할아버지는 못 만났지만⁣선물은 주고 가셨어요!!🎁⁣친구들이 마스크도 잘 쓰구요!⁣손도 뽀득뽀득 잘 씻었어요!⁣그래서 선물 주시나봐요^^⁣⁣두둥!!⁣행복한 선물 배달 현장~~🚍⁣잠시나마 친구들 만날 수 있어서⁣얼~~~~~마나 행복했게요!😁⁣⁣크리스마스🎄⁣가족들과 즐겁게 보내고⁣우리 2021년에 만나요👋⁣다시 만나면⁣그땐 더더 신나게 노는거야!!!⁣⁣#선물이왔어요🎁⁣#산타할아버지🎅⁣#꿈속에라도 #꼭오셔요⁣#우리아가들 #많이행복하게💕⁣,"['메리크리스마스', '선물이왔어요', '산타할아버지', '꿈속에라도', '꼭오셔요', '우리아가들', '많이행복하게']"
"#행복미소먹거리💕⁣⁣친구들이 맛있게 먹고⁣있는 풀무원 바른 먹거리⁣🥔🥕🥦🧅🍆🥯🍩🍥🍎⁣⁣올바르게 자란 야채와⁣싱싱한 고기, 99.9프로 가시바른⁣생선까지! 모두 냠냠 선생님께서⁣맛있게 저염식으로 조리해⁣주신답니다👩‍🍳⁣⁣방역인력지원 선생님께서⁣EM공법으로 직접 재배하신⁣딸기를 선물로 주셨어요🍓🍓🍓⁣내일은 맛있는 딸기도 먹어요⁣감사합니다~~~~💚💜💙⁣⁣#친구들은좋겠다⁣#행복미소다녀서😁⁣#행복한 #행복미소어린이집🧒🏻⁣#즐거운 #행복미소어린이집#내일은뭐할까? #내일은뭐먹을까?","['행복미소먹거리', '친구들은좋겠다', '행복미소다녀서', '행복한', '행복미소어린이집', '즐거운', '행복미소어린이집', '내일은뭐할까', '내일은뭐먹을까']"
#깍두기맛집😋⁣⁣한번도 안 먹어본 친구는 있어도⁣한번만 먹은 친구는 없다는⁣그! 전설의! 깍두기! 입니다~~⁣!⁣올해도 튼튼하게 자란 무우로⁣열심히 자르고🔪 열심히 섞어섞어⁣맛있게 만들었답니다~~😉⁣갖가지 재료가 듬뿍 들어간⁣행복미소 깍두기 맛이 궁금하시다면 지금 당장 행복미소로 출동🚙⁣⁣오늘 저녁 밥상에 🍱⁣깍두기 추가요🙋‍♀️🙋‍♂️⁣⁣#요리활동👨‍🍳👩‍🍳⁣#맛있는깍두기⁣#맵지않아요 #맛있어요⁣#내가바른건💄⁣#깍두기21호립스틱😆,"['깍두기맛집', '요리활동', '맛있는깍두기', '맵지않아요', '맛있어요', '내가바른건', '깍두기21호립스틱']"
바른먹거리송😜😝⠀⠀요즘 기본 1시간은 듣는바른먹거리송 >_<(어린이집에서 배웠어욤)⠀⠀⠀#풀무원바른먹거리 #바른먹거리송 #체조 #집콕놀이 #풀무원 #홍보대사 #로민남매 #로민이네일상,"['풀무원바른먹거리', '바른먹거리송', '체조', '집콕놀이', '풀무원', '홍보대사', '로민남매', '로민이네일상']"
#요리활동👨‍🍳👩‍🍳⁣⁣앞치마와 머릿수건을 두르면⁣짜잔~~~ 꼬마요리사 탄생🤩⁣오늘은 막대 과자에 예쁜 색깔⁣옷을 입은 빼빼로 랍니다~⁣어린이집에 초코향이 가득🤎⁣⁣막대에 예쁜 옷 입히고⁣토핑도 솔솔 뿌려⁣내가 꾸민 포장지에 멋지게⁣담아 주면 그럴싸한 빼빼로가⁣완성~~😋⁣⁣집으로 고이 가져가서⁣저녁 먹은 뒤 엄마❤아빠⁣언니.오빠.동생.형아랑~~~⁣맛있게 먹어요^^⁣양치는 필수!!⁣ ⁣오늘도 즐거웠길 바래요✌⁣⁣#빼빼로데이⁣#한달 #한번 #요리활동⁣#행복한시간 #냠냠 #맛있게⁣#먹어요😄,"['요리활동', '빼빼로데이', '한달', '한번', '요리활동', '행복한시간', '냠냠', '맛있게', '먹어요']"
"#방문위생교육👩‍🍳👨‍🍳⁣⁣#포항시 ⁣#어린이급식관리지원센터⁣선생님들께서 ⁣행복미소 어린이집에 오셔서 ⁣친구들과 조리원, 선생님들께⁣위생 및 영양 교육 해 주셨어요😊⁣⁣주방의 전반적인 위생 상태와⁣냉장고.소독기.살균기 등의 오염도⁣체크 및 친구들이 매일 먹는 국의⁣염도 측정까지 꼼꼼히 체크 ⁣해주시고 가셨답니다💕⁣⁣그리고 친구들에겐 콩🥜친구가⁣얼마나 유익한지 알려 주시며⁣영양교육도 해주셨답니다🍽⁣⁣👂귀 쫑긋한 우리 친구들 ⁣너무너무 이쁘지요💛⁣⁣#강낭콩키우기선물🎁⁣#쑥쑥멋지게키울게요🎈⁣#오늘도맛있게먹고⁣#건강한친구들되기 #약속✌⁣","['방문위생교육', '포항시', '어린이급식관리지원센터', '강낭콩키우기선물', '쑥쑥멋지게키울게요', '오늘도맛있게먹고', '건강한친구들되기', '약속']"
#가을산책🍁🍂⁣⁣드디어 노란차 타고 산책을 가요!⁣너무너무 설레여서⁣가는 동안 연신 재잘재잘 거리던⁣귀요미들~~~~👶🧒👧⁣⁣가을하늘 아래🍂🍁⁣너희가 제일~~~ 예뻤어💕⁣오늘 즐거웠던 경험이⁣좋은 추억으로 남길 바래요😊⁣⁣#연일읍민구장🏃‍♀️🏃⁣#나는지금가을속에있습니다⁣#도토리줍기 #요구르트꿀맛😋⁣#간질간질 #가을갈대🌾⁣#즐거운나들이✌⁣,"['가을산책', '연일읍민구장', '나는지금가을속에있습니다', '도토리줍기', '요구르트꿀맛', '간질간질', '가을갈대', '즐거운나들이']"
#스페셜데이✌⁣⁣우와~~~ 쌀튀밥이다~~🍚🍚⁣스페셜데이 두번째 시간❤⁣⁣쌀튀밥이 만들어 지는 과정에⁣대해 간단히 이야기를 듣고⁣커~~다란 쌀튀밥 자루를 타고⁣놀이를 떠나요😉⁣⁣인어공주로 변신해 튀밥 옷을⁣입고 바닷속 친구들도 만나요🧜‍♂️🧜‍♀️⁣⁣쌀튀밥 위에서 어푸~ 헤엄도⁣치고 집에 갈땐 문어아저씨와⁣함께 갈거예요🐳🐋🐬🐙🦭⁣⁣다음 스페셜 데이도⁣기대해 주세요~~~😆⁣⁣#스페셜데이 #두번째시간⁣#To_be_continued⁣#쌀튀밥과 #불금되세요🔥,"['스페셜데이', '스페셜데이', '두번째시간', 'To', '쌀튀밥과', '불금되세요']"
다은이 오늘 어린이집 첫 등원!낯가리던 애가 샘들 보더니 활짝 웃고 잘 놀다니~~~아직은 나랑 같이 한시간만 있다 오는데 적응 잘 했으면 좋겠다~~맘은 아프지만 어쩔 수 없지 ㅠㅠ샘들도 다 경력도 많으신 분들이라 맘이 놓이기도 하고~역시 도치맘인지 우리 다은이가 젤 예뻤다 ㅋㅋㅋㅋㅋㅋㅋㅋ#이제매일아침씻어야함주의 #다은이자다깨서가느라 #얼굴팅팅부어서감 #서서히일찾아야함주의 #일하기싫다 #시립이라좋은게많은거같다 #이유식도만들어준다는데 #내가계속만들지 #어린이집꺼먹일지 #고민고민중 #매일아침 #풀무원바른먹거리 #배송온다고함 #오늘간식받아왔는데 #아직다은이못먹음주의,"['이제매일아침씻어야함주의', '다은이자다깨서가느라', '얼굴팅팅부어서감', '서서히일찾아야함주의', '일하기싫다', '시립이라좋은게많은거같다', '이유식도만들어준다는데', '내가계속만들지', '어린이집꺼먹일지', '고민고민중', '매일아침', '풀무원바른먹거리', '배송온다고함', '오늘간식받아왔는데', '아직다은이못먹음주의']"
"#풀무원푸드머스🍱⁣⁣""바르게 먹고,⁣ 바르게 커갈래요!""⁣다음 세상을 이끌 우리 아이들이⁣밝고 건강하게 자라기 위해서는⁣먹거리도 바른 것만 먹여야 해요🧡⁣⁣안전한 배송으로 이번주 먹거리도⁣준비 완료!!😊⁣⁣냠냠선생님👩‍🍳⁣맛있게 요리해 주세요😋⁣⁣#칼슘이풍부한칼슘우유🥛⁣#친환경저탄소새송이버섯🍄⁣#국내산데친근대🥬⁣#1등급무항생제닭안심살🐔⁣#무항생제동충하초돼지고기🐷⁣#무농약국내산표고버섯💙⁣#맛있게먹고튼튼하게자라요👶👦👧","['풀무원푸드머스', '칼슘이풍부한칼슘우유', '친환경저탄소새송이버섯', '국내산데친근대', '1등급무항생제닭안심살', '무항생제동충하초돼지고기', '무농약국내산표고버섯', '맛있게먹고튼튼하게자라요']"
#코로나19안녕👋⠀금요일엔 깨끗이 깨끗이 세탁해요⠀친구들이 입에 넣은 놀잇감👶⠀인형들과 휴식영역 매트.베게⠀모두 모두 세탁하지요💙⠀⠀뜨거운 햇빛에 말리고 나면⠀나쁜 세균 안녕~~~~~👋⠀⠀행복미소 어린이집엔⠀방역지원선생님이 계셔요👵⠀수시로 교실문 손잡이와 교구장⠀그리고 놀잇감까지 꼼꼼히 관리해⠀주신답니다😊항상 감사합니다⭐⠀⠀#행복미소친구들을지켜줘⠀#우리친구들은항상건강해요⠀#주말잘보내요 #월요일에만나요,"['코로나19안녕', '행복미소친구들을지켜줘', '우리친구들은항상건강해요', '주말잘보내요', '월요일에만나요']"
"#생일축하합니다🎂⠀⠀🎉8월 생일을 맞은⠀예쁜 우리 햇님이👧⠀⠀700g의 작은 몸으로 세상에 태어나⠀어느덧 4살 예쁜 친구가 되었구나🎈⠀건강하게 자라주어 기쁘고 또 기쁜오늘,⠀⠀엄마🧡아빠의 행복이자 사랑둥이⠀행복미소의 튼튼한 어린이가 되어주렴⠀너무 너무 축하해요~~~🎊⠀⠀#8월 #생일파티 ⠀#건강하게 #자라요⠀#튼튼하게 #자라자⠀#해피벌스데이🎂⠀#생일축하해요","['생일축하합니다', '8월', '생일파티', '건강하게', '자라요', '튼튼하게', '자라자', '해피벌스데이', '생일축하해요']"
#행복미소시장놀이🛍⠀⠀🍇🍎🍏🍑🥝🍆🥕🥔🌶🥒🧅⠀일년에 한번!!⠀딱 한번 열리는 시장입니다😄⠀늦으면~🎵🎶 못사요~🎵⠀다 떨어집니다아~~~~🎶⠀당근 사세요오~~~~⠀사과 사세요오~~~~⠀손님♡ 여기 좀 와 보세요😆⠀⠀현대인의 필수품 마스크😷⠀패션의 완성 썬글라스😎⠀여름 물놀이 필수품 비치볼🤽‍♂️🤽‍♀️⠀그 외 다양한 쥬스와 까까들~~~🍿🍹⠀달콤 시원한 아킴까지🍦⠀각 잡힌 샤네르가방 메고서 ⠀신나는 쇼핑을 했답니다🧡⠀⠀두 손은 무겁게😚⠀집으로 가는 발걸음은 가벼웁게😆⠀⠀#시장놀이 #쇼핑은즐거워⠀#얼마예요? #거스름돈은없어요ㅋ⠀#내년에또만나요👋,"['행복미소시장놀이', '시장놀이', '쇼핑은즐거워', '얼마예요', '거스름돈은없어요', '내년에또만나요']"
#파란하늘🌞⠀⠀비 그치고 너무 깨끗한 날⠀오랜만에 놀이터🎡⠀⠀강아지풀 어디 있지??⠀👦👧👦👧⠀간질간질🌱 선생님 여기 있어요🙋‍♂️🙋‍♀️⠀⠀내일은 물총 놀이 하는 날💦🔫⠀기대해💙💜🧡💛,['파란하늘']
#오늘의간식🍈🌭⠀⠀달콤한 메론과 우리밀 핫도그💜⠀초록야채.과일이 든🧃⠀유산균 음료 하이요 그린💚⠀⠀추적추적 비오는 날☔⠀코~ 자고 일어나면 ⠀귀염둥이들 맛있게 먹길 바래요😄⠀⠀#행복미소어린이집#맛있는간식 #무럭무럭자라요⠀#비오는날 #코코낸내🥱⠀#이제일어날시간이야😉,"['오늘의간식', '행복미소어린이집', '맛있는간식', '무럭무럭자라요', '비오는날', '코코낸내', '이제일어날시간이야']"
#축하해요👑⠀⠀많이 기다린만큼 더더더 멋지게!!😊⠀⠀생파하기 너무 좋은 날씨☘⠀아가들아♡아프지 말고 건강하게⠀자라주렴 너무너무 축하해요😉⠀⠀#3월4월생 #합동생일파티🎁⠀#6월은 #부디 #제날짜할수있기를🙏⠀#오늘생일상주인공은 #수박포키🍉 ⠀#풍성한바나나머리가포인트💕,"['축하해요', '3월4월생', '합동생일파티', '6월은', '부디', '제날짜할수있기를', '오늘생일상주인공은', '수박포키', '풍성한바나나머리가포인트']"
#택배왔어요🚚🚛⠀⠀어버이날 이벤트💜⠀택배 뜯는 기분까지 선물합니다😁⠀예쁜 아가들이 만든 카네이션 다발💐⠀필수품 마스크와 피로회복제🧃⠀그리고 세상에서 제일 멋지고 예쁜⠀엄마❤아빠를 위한 감사장까지💌⠀오늘 하루 화창한 날씨만큼이나⠀행복한 하루이길 바래요💕⠀⠀#택배이벤트🥳 #어버이날⠀#세상예쁜아가들 #최고선생님⠀#함께한 #콜라보레이션 ⠀#행복한어버이날 #즐거운어린이집🏡#엄마아빠사랑해요,"['택배왔어요', '택배이벤트', '어버이날', '세상예쁜아가들', '최고선생님', '함께한', '콜라보레이션', '행복한어버이날', '즐거운어린이집', '엄마아빠사랑해요']"
풀무원에 이어 cj아워홈계약다양한식재료들이 많아 신난다.#풀무원바른먹거리#cj아워홈#다양한직재료로#더맛있게해줄수있는데#애들이읍네#코로나물러가라,"['풀무원바른먹거리', 'cj아워홈', '다양한직재료로', '더맛있게해줄수있는데', '애들이읍네', '코로나물러가라']"
부산 키자니아 방문💚.이모야가 예약해줘서 너네가 호광하네 나중에 이모한테 잘해라🤣 @blanco_studio_ ....#키자니아부산.#기다리는시간이넘길다.#풀무원바른먹거리 #생오렌지쥬스한잔🤣,"['키자니아부산', '기다리는시간이넘길다', '풀무원바른먹거리', '생오렌지쥬스한잔']"
아들과함께 키자니아고고~~~^^ #부산키자니아#키자니아부산#센텀키자니아#직업체험#5세아들맘그래#5세아들#부산맘그램#바쁘다바뻐#아들과함께#유치원땡땡이#힘들다#체력딸린다#경찰관체험#야구선수체험#풀무원바른먹거리#풀무원쿠킹클래스#착즙오렌지주스#이마트체험#양궁체험#종근당락토핏체험#센텀시티몰#아직도할게많네#아들과단둘이,"['부산키자니아', '키자니아부산', '센텀키자니아', '직업체험', '5세아들맘그래', '5세아들', '부산맘그램', '바쁘다바뻐', '아들과함께', '유치원땡땡이', '힘들다', '체력딸린다', '경찰관체험', '야구선수체험', '풀무원바른먹거리', '풀무원쿠킹클래스', '착즙오렌지주스', '이마트체험', '양궁체험', '종근당락토핏체험', '센텀시티몰', '아직도할게많네', '아들과단둘이']"
2019. 03. 20#키자니아 #45%할인권#후시딘#롯데리아#풀무원바른먹거리오빠랑 서로 보고 좋아하궁이맛에 키우는거지모ㅋㅋ사이좋게 지내그라 2호3호2호는 9개클리어#다둥이맘🍼 #다둥이맘에게는_불가능은_없다#엄마는피곤해😪#아들도치맘🐗#키자니아서울,"['키자니아', '45', '후시딘', '롯데리아', '풀무원바른먹거리오빠랑', '다둥이맘', '다둥이맘에게는', '엄마는피곤해', '아들도치맘', '키자니아서울']"
2019. 3. 20#키자니아 #키자니아서울 #반려동물지킴이 #햄버거#풀무원바른먹거리#패션모델#간호사_신생아돌보기#백화점칭구 아연이랑 예린언니랑총 10개체험했다.#딸스타그램💕💖💞 #딸도치맘🐗 #하얗게불태웠어🔥 #엄마는개피곤🐶,"['키자니아', '키자니아서울', '반려동물지킴이', '햄버거', '풀무원바른먹거리', '패션모델', '간호사', '백화점칭구', '딸스타그램', '딸도치맘', '하얗게불태웠어', '엄마는개피곤']"
말이 필요없는체력만 필요한 #키자니아부산 #오뚜기식품#롯데가나초콜렛#풀무원바른먹거리,"['키자니아부산', '오뚜기식품', '롯데가나초콜렛', '풀무원바른먹거리']"
#키자니아#풀무원바른먹거리#직업채험#잠실롯데월드#캘러그,"['키자니아', '풀무원바른먹거리', '직업채험', '잠실롯데월드', '캘러그']"
#새해#키자니아새해를 키자니아에서..급와서 어리둥절한 엄마신난 은유#바른먹거리 #풀무원새해에도 밝게 이쁘게  커주렴♡드디어 자기도 10대가 되었다고 신나하는 은유. 언젠간 나이먹은게 싫다 하는 날이 오겠지만 지금은 맘껏 기뻐해 🤣😂🤣🤣🤣 쿠키맛있게 만들어와#노동력착취중#은유 #너의꿈을응원해 #똥그리 #키즈 #아역 #연기수업중 #해맑은아이 #긍정아이 #연기수업 #열정은유 #열정왕#바른아이#키자니아#풀무원바른먹거리#스테이지631키즈,"['새해', '키자니아새해를', '바른먹거리', '풀무원새해에도', '노동력착취중', '은유', '너의꿈을응원해', '똥그리', '키즈', '아역', '연기수업중', '해맑은아이', '긍정아이', '연기수업', '열정은유', '열정왕', '바른아이', '키자니아', '풀무원바른먹거리', '스테이지631키즈']"
#부산키자니아 #플로리스트 #동물병원 #롯데리아 #경찰관 #풀무원바른먹거리 #가그린치과 #오뚜기라면공장 #칠성사이다공장 #사진에없는 #마술쇼까지 #하얗게불태웠다🔥🔥,"['부산키자니아', '플로리스트', '동물병원', '롯데리아', '경찰관', '풀무원바른먹거리', '가그린치과', '오뚜기라면공장', '칠성사이다공장', '사진에없는', '마술쇼까지', '하얗게불태웠다']"
#미세먼지나쁨 일땐 실내로 무조건!!!오랫만에 방문한 #키자니아잠실 은 역시 좋다 #키자니아평일2부체험 으로 들어와서 널널하고 오늘 첫체험은 #풀무원바른먹거리 샐러드에서 오떡오떡으로 바뀌엇는데 더 좋아한다ㅎㅎ 손으로 조물조물 #오감발달 에도 굿!!#키자니아서울 #애스타그램 #일상 #서울갈만한곳 #서울실내가볼만한곳 #아이랑갈만한곳 #키자니아 #일상 #딸스타그램,"['미세먼지나쁨', '키자니아잠실', '키자니아평일2부체험', '풀무원바른먹거리', '오감발달', '키자니아서울', '애스타그램', '일상', '서울갈만한곳', '서울실내가볼만한곳', '아이랑갈만한곳', '키자니아', '일상', '딸스타그램']"
