,내용
0,다음달 독일 뮌휀에서 열리는 ‘ 모빌리티 2021’에 마련될 현대모비스 전시관조감도. 현대모비스 제공 현대모비스는 다음달 7일부터 12일까지 독일 뮌헨에서 열리는 ‘ 모빌리티 2021’에 참가해 전동화와 자율주행 인포테인먼트 등 총 30여개 미래 기술을 선보인다고 23일 밝혔다. 세계 4대 모터쇼 중 하나로 프랑크푸르트 모터쇼로도 잘 알려진 모빌리티는 유럽 최대 자동차 전시회다. 홀수 해마다 프랑크푸르트에서 열리다 올해부터는 뮌헨으로 옮겨 개최한다. 현대모비스가 모빌리티에 참가하기는 처음이다. 올해 행사에는 국내 자동차부품 업체로는 현대모비스가 유일하게 참가하는 것으로 알려졌다. 친환경 경영이 최대 화두로 떠오른 유럽에서 공격적인 마케팅으로 시장을 공략하겠는 게 현대모비스의 전략이다. 회사 관계자는 “유럽 시장은 저탄소 에너지 활용 방침을 글로벌 부품사에도 요구하고 있다”며 “앞으로 중장기 친환경 모빌리티 전략이 없으면 입찰 과정에서부터 배제되는 등 수주 기회조차 줄어들 수 있다”고 말했다. 이에 현대모비스는 이번 행사에서 전동화·자율주행 등 미래기술 경쟁력과 함께 100기업이 사용하는 전력량의 100를 재생에너지로 전환 달성 전략을 강조할 방침이다. 현대모비스는 358㎡약 108평 규모의 전시관을 마련했다. 일반 관람객을 대상으로 현대모비스의 전동화와 자율주행 신기술을 체험할 수 있는 ‘퍼블릭 존’과 고객사의 수주 상담 공간인 ‘프라이빗 존’으로 구분해 운영한다. 퍼블릭 존은 아이오닉5에 적용된 현대모비스의 전동화부품을 3와 대형 화면으로 관람할 수 있게 만들었다. 지난 3월 공개한 전기차 기반 완전자율주행 콘셉트카인 엠비전도 선보인다. 프라이빗 존에서는 자율주행 인포테인먼트 전동화 섀시 램프 안전부품 등 6개 제품군 총 30여개에 이르는 미래차 핵심부품들이 전시된다. 파노라마 선루프 에어백 증강현실 헤드업 디스플레이 배터리 시스템 고성능 레이더 등 현대모비스의 주요 기술이 선보일 예정이다. 현대모비스는 지난해 체코와 슬로박 공장에 대규모 투자를 단행해 전기차 핵심부품 라인을 신설하는 등 전동화 역량을 강화하고 있다. 현대모비스 관계자는 “전용 플랫폼 기반의 신규 모델이 유럽에서 판매되기 시작하면 성장세에 더욱 속도가 붙을 것”이라고 말했다.
1,현대차 아이오닉 5. 현대차 제공 올해 상반기 차량용 반도체 수급난으로 세계 자동차 판매량이 지난해보다 감소했지만 친환경차 판매량은 크게 늘어난 것으로 나타났다. 23일 한국자동차연구원의 산업동향 보고서를 보면 올해 상반기 전 세계에서 판매된 완성차는 4142만4000대로 지난해 하반기4399만4000대보다 약 6 줄었다. 지난해 상반기 코로나19 사태로 부진했다가 하반기에 판매량이 늘었지만 올해 들어서는 다시 감소했다. 다만 친환경차 판매량은 올해 상반기 494만8000대로 지난해 상반기 대비 약 125 하반기 대비 23 증가했다. 하이브리드차는 지난해 상반기 대비 92 배터리 전기차는 171 플러그인하이브리드 차는 160 판매량이 상승했다. 한국자동차연구원 제공 국가별로 보면 미국과 일본을 제외한 지역에서 감소세를 보였다. 미국은 지속적인 소비 심리 개선으로 내수 판매량이 증가했고 일본은 코로나19에 따른 기저 효과와 하이브리드차 증가로 판매량이 늘었다. 상반기 일본에서 판매된 하이브리드차는 75만3000대로 지난해 동기 대비 72 증가했다. 한국은 지난해 개별소비세 인하 다양한 신차 출시 등으로 판매량이 일시적으로 증가했다가 올해부터 반도체 공급 부족으로 신차 생산이 지연되면서 판매량이 다소 감소했다. 상반기 업체별 차량 판매량은 도요타가 가장 많았고 폭스바겐 르노닛산 스텔란티스 현대차 등이 뒤를 이었다. 미국·유럽 완성차 기업들의 부진 속에서 현대차와 도요타의 판매량은 지속해서 증가했고 현대차는 을 제치고 5위에 올랐다. 현대차는 내수와 중국 시장에서 다소 부진했지만 생산 중단을 최소화하고 중국 외 지역 수출이 호조를 보인 덕에 지난해 하반기와 비슷한 338만2000대를 판매했다. 도요타는 지난해 하반기 478만2000대에서 올해 상반기 502만1000대로 판매량이 증가했다. 도요타는 주력 시장인 미국과 중국 시장에서 수요가 증가한 데다 주요 부품의 재고량을 늘려 꾸준한 판매 증가세를 보였다. 하반기 세계 자동차 시장은 전기차 전용 모델을 포함해 다양한 신차가 출시되면서 대기 수요가 예년 수준을 회복하겠으나 반도체 공급 충격으로 차량 인도 기간이 길어져 판매 실적은 부진할 것으로 전망됐다. 연구원은 “완성차 업체들은 중장기 판매량 증대를 위해 전기차 등 친환경에 방점을 둔 브랜드 마케팅에 집중할 것”이라고 내다봤다.
2,화학 대산공장 전경. 화학 제공. 화학이 친환경 소재 사업을 육성하기 위해 대규모 국내 투자에 나선다. 화학은 2028년까지 총 2조6000억원을 투자해 충남 대산공장에 생분해성 및 태양광 필름용 고부가 합성수지 등 총 10개의 공장을 신설할 계획이라고 19일 밝혔다. 는 농업용·일회용 필름 등에 사용되는 제품으로 산소 열 빛 효소 반응으로 자연에서 빠르게 분해되는 특징이 있다. 연내 착공되는 공장은 연산 5만 공장은 연산 10만 규모로 건설될 예정이다. 두 공장 모두 2024년 상업생산 시작을 목표로 한다. 화학은 두 공장 설립으로 인한 매출 증대 효과를 연간 약 4700억원 이상으로 보고 있다. 썩는 플라스틱 수요 증가와 신재생에너지 보급 확대로 와 시장은 2025년까지 연평균 30 수준의 고성장을 이어갈 것으로 전망된다. 화학은 2028년까지 충남 대산사업장을 바이오 기반 원료 생산 친환경 소재 생산 폐플라스틱 재활용 온실가스 저감 등 환경·사회·지배구조기반 사업의 메카로 육성할 계획이다. 화학은 이날 충남도 및 서산시와 투자협약도 체결했다. 기존의 대산공장 부지 외 약 79만㎡24만평의 신규 부지를 추가로 확보했다. 이번 투자로 약 400여명의 직접 고용 창출 효과도 기대하고 있다. 신학철 화학 부회장은 “이번 투자협약은 지속가능 성장 전략의 일환이자 친환경 소재 비즈니스의 본격화를 알리는 신호탄”이라며 “충남도 및 서산시와 협력 수준을 한 단계 더 높여 지속가능한 미래를 향해 함께 성장해 나갈 것”이라고 말했다.
3,조 바이든 미국 대통령이 지난 5일현지시간 미국 워싱턴 백악관에서 열린 무공해차 홍보 행사에서 지프 랭글러 루비콘 시승 후 차에서 내리고 있다. 바이든 대통령은 이날 2030년 판매되는 신차의 절반을 전기차 등 무공해차가 차지해야 한다는 목표를 담은 행정명령에 서명했다. 연합뉴스 미국의 친환경차 산업 육성 정책이 윤곽을 드러내며 미래차 산업의 새로운 경제 블록이 탄생한만큼 한국도 자동차 기업의 진입 전략을 모색해야 한다는 분석이 나왔다. 한국자동차연구원은 16일 발표한 산업동향 보고서를 통해 “미국이 친환경차 비율 50 달성을 골자로 한 정책 청사진을 공개하며 유럽·중국을 포함한 세계 3대 자동차 시장의 친환경차 정책 향방이 결정됐다”고 밝혔다. 조 바이든 미국 대통령은 지난 5일 2030년까지 미국의 승용차·소형트럭 신차 중 전기차 플러그인하이브리드차 수소전기차를 포함한 무공해차의 비중을 50로 높이는 내용의 행정명령에 서명했다. 보고서는 미국이 자국 내 완전한 산업 기반을 구축해 친환경차 패권을 쥐겠다는 의지가 뚜렷하다고 분석했다. 실제로 바이든 대통령은 행정명령 서명 행사에 미국에 뿌리를 둔 완성차 기업 3곳 포드 스텔란티스과 전미자동차노조를 초청해 자국 기업·노조와의 동반자 관계에 기반한 산업 육성 의지를 천명했다. 또 친환경차 핵심인 배터리 생산에서 중국이 세계를 주도하는 현실을 인정하고 산학연의 역량을 결집해 배터리와 전기차 기술의 우위를 탈환하겠다고 밝혔다. 이와 함께 미국 정부의 공공 차량 60만대를 자국산 친환경차로 채우는 계획과 미국에서 생산되거나 미국 자동차 노조에 의해 생산되는 전기차를 구입하는 소비자를 위한 세액 공제 확대안을 소개하기도 했다. 보고서는 “무공해차 50 목표는 미국 자동차 시장의 특성을 고려하면 도전적인 수치고 기업의 의지와 내연기관차에 대한 강력한 규제가 뒷받침되어야만 달성 가능할 것으로 판단된다”고 설명했다. 앞서 시장조사업체 마킷은 지난 5월 “미국의 2030년 신차 중 전기차순수전기차플러그인 하이브리드 비중이 2530에 그치고 2035년에야 4550 달성이 가능할 것”이라고 전망한 바 있다. 이에 비춰 보면 ‘2030년까지 신차 중 무공해차 비중 50 달성’을 위해서는 미국 내 판매 비중이 높은 중대형 스포츠유틸리티차량과 픽업트럭 등에서 대대적인 전동화가 필요하다. 또 전임 트럼프 행정부에서 완화된 자동차 연비 규제의 영향을 만회할 급진적인 규제 강화와 캘리포니아주 등에서 추진하는 내연기관차 판매 중단 계획도 보다 확산돼야 한다고 보고서는 설명했다. 보고서는 미국 친환경차 정책의 구체적 방안이 공개되며 세계 3대 자동차 시장의 정책 향방이 사실상 결정됐다는 점에 의의를 뒀다. 자국 친환경차 산업 기반 육성에 방점을 둔 미국의 정책 방향은 기후변화 대응을 명분으로 비관세장벽을 강화하는 유럽연합이나 대외 갈등 속에 내수 활성화에 몰두하는 중국의 정책과 함께 친환경차 부문에서의 신 경제 블록의 탄생을 시사한다는 것이다. 이호중 책임연구원은 “이에 따라 한국 자동차 산업의 ‘국내·역외 생산 후 수출’ 중심 패러다임은 변화가 불가피해졌으며 정책 당국은 자동차 부문의 새로운 경제 블록에 대한 우리 기업의 진입 전략을 모색해야 한다”고 말했다.
4,부산시가 중·소형선박 엔진을 액화석유가스 엔진으로 전환하기 위한 실증작업에 나선다. 부산시는 9월부터 가스 엔진 선박 시장을 선도하고 기술 주도권을 확보하기 위해 ‘부산 해양모빌리티 규제자유특구’ 실증사업을 추진한다고 12일 밝혔다. 이번 실증사업은 친환경성과 경제성이 입증된 가스를 중·소형 선박에 적용해 육상 및 해상 실증으로 실적을 쌓은 뒤 이를 법규와 기준안 규칙 등에 반영하기 위한 것이다. 가스 엔진은 가솔린 엔진보다 연료비가 저렴하며 유해물질 발생량이 적고 엔진 수명이 길다는 게 장점이 있다. 중형선박용 가스엔진. 부산시 제공 중형선박의 경우 가스 엔진 복합동력 전기추진선의 건조·운항 실증이 소형선박은 가스 선외기 전환·운항 실증이 이뤄진다. 또 육상에서 선박으로의 가스 공급 등이 실증 대상이다. 그동안 가스를 사용하는 선박에 대한 건조검사 기준 및 연료공급 기준이 없어 선박 건조 및 운항이 불가능했다. 그러나 규제자유특구 지정으로 규제가 완화돼 한국해양대학교조선해양응용실증기술센터 내 위치한 육상실험실에서 국내 최초로 구성품 성능평가 및 안전성 확인 실증이 이뤄지게 됐다. 소형선박용 가스 실외기. 부산시 제공 부산시는 2022년 4월까지 육상실증을 마무리하고 해상실증에 나설 예정이다. 관련 법령 및 기준안이 마련되면 가스 선박 상용화가 본격 가능할 것으로 예상하고 있다. 부산시 관계자는 “이번 실증사업을 통해 친환경 선박 시장에 선도적으로 대응하고 부산의 신성장 동력을 마련할 것으로 기대한다”며 “가스 선박 실증사업 등을 함께 수소연료선박 연구개발 플랫폼 구축사업 등을 추진해 ‘저탄소 녹색도시 부산’을 만들겠다”고 말했다.
5,현대오일뱅크는 2030년까지 친환경미래사업의 영업이익 비중을 70까지 확대하기로 했다. 현대오일뱅크 제공 지난해 코로나19 팬데믹세계적 대유행으로 ‘적자 쇼크’에 빠졌던 국내 정유업계가 올해 상반기 반등에 성공하면서 배터리 수소 등 신사업 발굴을 통한 포트폴리오 재편에 나서고 있다. 탄소중립을 향한 ‘탈석유’ 시대가 다가오는 만큼 미래 먹거리 선점을 위한 체질 전환에 속도를 내는 모습이다. 15일 정유업계에 따르면 국내 정유 ‘빅4’로 불리는 이노베이션 칼텍스 에쓰오일 현대오일뱅크는 지난 상반기에 총 3조8995억원의 영업이익을 기록했다. 에쓰오일이 1조2002억원의 영업이익을 기록했고 칼텍스와 이노베이션 현대오일뱅크가 각각 1조118억원 1조90억원 6785억원의 영업 실적을 거뒀다. 지난해 상반기 5조원이 넘는 적자로 최악의 한 해를 보냈던 정유업계는 올해 2분기 연속 실적 회복세를 보이며 흑자 전환했다. 코로나19 사태로 인한 수요 급감으로 직격탄을 맞은 후 사업 다각화를 진행했고 국제유가가 점차적으로 오르며 실적개선으로 이어졌다. 특히 본업인 정유보다 윤활유 석유화학 등 비정유 부문이 실적을 끌어올렸다. 한숨을 돌린 정유업체들은 배터리 소재 개발 친환경 사업 진출 신사업 투자 등 다양한 미래전략을 제시하며 변신을 꾀하고 있다. 향후 탄소중립에 따른 수요 감소와 국제유가 하락 등에 대비하겠다는 의지로 풀이된다. 국내 최대 정유사인 이노베이션은 지난달 사업의 중심 축을 ‘탄소’에서 ‘그린친환경’으로 전환한다고 공식 선언했다. 40여년간 본업이었던 정유 사업을 줄이고 친환경 사업 중심으로 회사의 정체성을 바꾸겠다는 것이다. 이노베이션은 일찌감치 차세대 먹거리로 배터리사업을 낙점하고 집중 투자를 하고 있다. 루브리컨츠 종합화학 등 비친환경 부문의 자산까지 매각하면서 배터리와 폐플라스틱 재활용 등 친환경 사업에 공을 들이고 있다. 김준 이노베이션 총괄사장이 지난달 1일 서울 여의도 콘래드 호텔에서 열린 ‘이노베이션 스토리 데이’에서 탄소 사업에서 그린 중심 사업으로 회사의 정체성을 완전히 바꾸겠다는 ‘파이낸셜 스토리’를 발표하고 있다. 이노베이션 제공 현대오일뱅크는 현재 85인 정유 사업 매출 비중을 2030년까지 40대로 줄이고 친환경 사업의 영업이익 비중을 70까지 확대하는 내용의 ‘비전2030’을 내놨다. 최근엔 석유제품 탱크 임대 사업인 현대오일터미널 지분의 90를 사모펀드에 매각하며 친환경 사업 투자를 위한 실탄을 마련했다. 현대오일뱅크는 2025년까지 블루수소생산 과정 중 탄소 배출을 최소화한 청정 수소 10만을 생산한다는 계획이다. 이를 위해 세계 최대 수소 생산업체인 미국 에어프로덕츠와 사업 협력을 맺는 등 국내외 에너지·발전 기업들과의 공조도 추진 중이다. 에쓰오일은 지난 3월 연료전지 기반의 청정에너지 솔루션을 제공하는 의 지분 20를 취득하며 수소 사업 진입을 위한 발판을 마련했다. 는 2027년까지 최대 1000억원 규모의 투자를 진행해 100㎿ 이상 규모의 생산설비를 구축하고 그린수소까지 사업영역을 확장한다는 방침이다. 칼텍스는 친환경 생산시설 강화와 함께 미래 모빌리티 사업에도 눈을 돌리고 있다. 칼텍스는 지난해부터 여수공장 생산시설 가동용 연료인 저유황중유를 전량 액화천연가스로 변경했다. 는 동일한 열량에도 보다 이산화탄소 배출량이 적다. 칼텍스는 ‘카카오’ 운영사인 카카오모빌리티에 300억원을 투자하기로 결정하는 등 자사가 보유한 주유소 인프라와 미래 모빌리티를 연계하는 사업도 구상 중이다. 정유업체들의 이 같은 체질 개선은 화석연료 중심의 사업으로는 미래를 담보할 수 없다는 위기의식이 반영된 결과로 해석된다. 업계 관계자는 “국내외 탄소중립 기조가 확대되고 있는 만큼 지속 가능성을 확보하지 않으면 생존할 수 없다고 판단한 것”이라고 말했다.
6,지난해 9월부터 현대중공업 등 조선사 도장작업 노동자들에게 잇달아 발생한 피부질환의 원인이 회사가 새로 도입한 ‘친환경 도료’였던 것으로 고용노동부 조사 결과 확인됐다. 현대중공업 등 조선사들은 새 도료를 개발해 사용하면서 화학물질의 피부 과민성 문제를 소홀히 하고 노동자들에게 유해성 교육도 제대로 하지 않은 것으로 나타났다. 현대중공업 등 현대 계열 조선 3사에서 확인된 피부 질환자만 53명에 달한다. 울산 현대중공업 전경. 경향신문 자료사진 고용노동부는 1일 이 같은 내용의 조선사 도장작업 노동자 집단 피부질환 조사 결과를 발표했다. 노동부 조사는 지난해 9월 현대중공업 노동조합이 회사에서 새로 도입한 ‘무용제 도료’를 쓴 뒤 선박 도장 작업자들이 잇따라 피부질환을 겪었다며 도료 사용을 중지하고 위험성을 확인해 달라고 요청해 시작됐다. 지난해 4월 도입한 해당 도료를 쓴 노동자들은 피부에 붉은 반점과 물집이 생기는 피부발진 현상을 겪은 것으로 알려졌다. 관련기사 ▶친환경페인트라더니…현대중 노동자 ‘집단 피부병’2021년 1월8일 이에 노동부는 올해 2∼4월 현대 계열 조선사 3곳인 현대중공업 현대미포조선 현대삼호중공업을 포함해 삼성중공업 한진중공업 세진중공업 대선조선과 도료 제조사인 울산공장 츄고쿠삼화페인트 까지 모두 10개 기업의 노동자 1081명을 대상으로 임시 건강검진을 진행했다. 이 중 55명이 피부질환을 앓고 있었고 이중 53명은 현대 계열 조선사 노동자였다. 현대중공업이 35명 현대미포조선이 9명 현대삼호중공업이 9명이었다. 나머지 2명 유증상자는 츄고쿠삼화페인트에서 근무하는 노동자였다. 노동자들이 겪은 피부질환의 원인에 대해 노동부는 “무용제 도료에 포함된 과민성 물질이 원인일 가능성이 매우 높다”고 밝혔다. 무용제 도료는 대기 중에 오존을 발생시키는 휘발성 유기화합물 함량이 5 이내인 것으로 환경친화적 도료로 분류된다. 정부는 환경친화적 도료 사용을 확대하고자 무용제 도료 사용으로 휘발성 유기화합물 배출을 줄이면 이를 실적으로 인정해주고 있다. 노동부에 따르면 조선사와 도료 제조사가 무용제 도료를 개발하면서 페인트에 포함된 휘발성 유기화합물 함량은 낮아졌지만 대신 새로운 과민성 물질들이 포함됐다. 노동부는 특히 친환경 도료의 주 성분인 에폭시 수지가 기존 도료에 사용된 것보다 분자량이 적어 피부 과민성이 커진 것이 피부질환을 일으켰을 것으로 판단했다. 통상 분자량이 적을수록 피부 과민성이 높아진다. 조선사들은 산업안전보건법에 따라 원재료 등의 유해·위험 요인을 찾아내 질환 등의 예방 조치를 하게 돼 있지만 이 역시 지키지 않은 것으로 확인됐다. 노동부는 “도료 제조사와 조선사는 무용제 도료를 개발하면서 새로 함유된 화학물질의 피부 과민성 문제를 간과했고 사용 과정에서 노동자에게 피부 과민성에 대한 유해성 교육이나 적정 보호구의 지급도 적시에 이뤄지지 않은 것으로 나타났다”고 밝혔다. 노동부는 현대중공업 현대미포조선 현대삼호중공업에 대해 화학물질 도입 시 피부 과민성 평가를 해야 한다는 내용 등이 담긴 안전보건조치 명령을 내렸다. 노조는 노동부 조치가 충분하지 않다는 입장이다. 박정환 금속노조 현대중공업지부 노동안전보건실장은 “문제가 된 도료의 조선소 현장 사용을 원천 금지하고 회사가 피해 노동자에 대한 산재 처리를 신속히 하도록 지도하지 않은 것은 아쉽다”고 말했다. 현대중공업은 문제가 된 제품은 전량 폐기했다고 했다. 현대중공업 관계자는 “당시 피부발진의 원인으로 추정되는 극하절기용 경화제를 사용 중단하고 전량 폐기 처분했으며 이후 개선 제품을 공급해 사용하고 있다”고 밝혔다.
7,롯데케미칼 소재 제품 포장백. 롯데케미칼 제공. 과거에는 환경오염의 주범으로 꼽혔던 화학업계가 최근 적극적으로 친환경 행보에 나서고 있다. 플라스틱 등을 생산했던 업체들이 이제는 환경·사회·지배구조 경영에 발맞춰 ‘폐플라스틱’ 재활용 방안을 내놓고 있다. 환경부에 따르면 지난해 한국의 폐플라스틱 배출량은 853으로 전년 대비 14.6 증가했고 폐비닐 배출량도 전년 대비 11 늘었다 롯데케미칼은 폐플라스틱 재활용 소재를 활용한 친환경 포장재를 자체 개발해 자사 제품 포장에 적용했다고 9일 밝혔다. 롯데케미칼은 고객사로부터 사용 후 버려지는 폴리에틸렌 소재 폐포장재를 회수하고 재활용 공정을 거쳐 ‘재생 폴리에틸렌’을 제조했다. 재생 폴리에틸렌은 약 30％ 비중으로 친환경 포장재 제조에 투입된다. 롯데케미칼은 사용 후 폐기되는 폴리에틸렌 포장재를 재활용하기 위해 올해 초부터 연구개발을 추진해왔고 고객사 협조를 받아 친환경 포장재 개발에 성공했다고 설명했다. 롯데케미칼은 현재 여수공장에서 생산되는 월 3000 상당의 내수용 고밀도 폴리에틸렌 제품에서 친환경 포장재를 시범 적용 중이며 연말까지 적용 제품을 늘려 월 1만5000 물량에 적용할 계획이다. 화학은 지난달 기자간담회를 열어 친환경 소재 개발 사업과 폐플라스틱 재활용 사업 등에 3조원을 투자한다고 밝히고 친환경 프리미엄 통합 브랜드 ‘렛제로’를 출범시켰다. 버려진 플라스틱을 재활용한 제품이나 식물성 원료로 만든 친환경 제품에 렛제로 마크를 단다. 또 스타트업 ‘이너보틀’과 협업을 맺고 올해 하반기부터 화장품 용기 플라스틱을 100 재활용하는 구조를 구축한다. 2025년부터는 독자 개발한 생분해성 플라스틱도 양산할 예정이다. 이노베이션도 자사 ‘그린 성장 전략’에 따라 플라스틱 재활용 방안을 내놓고 있다. 이노베이션의 자회사 종합화학은 지난달 깨끗한나라 팩과 업무협약을 체결하고 재활용 플라스틱을 10 이상 적용한 ‘친환경 포장재 개발’에 나섰다. 지난 5일에는 케미칼이 제주삼다수 페트병을 전량 회수하고 이를 화장품 용기나 섬유 가전에 사용하는 원료로 제작하겠다고 밝혔다. 도 폐플라스틱 열분해유 사업화를 위해 일본 벤처회사와 지난 6월 업무협약을 체결하고 생분해 플라스틱 소재 사업의 확대 방안을 구체화하고 있다. 미국 환경 컨설팅 기업 에 따르면 페트 소재의 플라스틱을 재활용하면 온실가스 배출량을 67까지 줄일 수 있다. 화학업계의 재활용 시도를 두고 긍정적 평가가 나오는 이유다. 그러나 아직 갈길이 멀다. 환경단체 그린피스의 보고서를 보면 한국에서 배출되는 폐플라스틱의 재활용 비율은 23에 불과하다. 화학업계의 플라스틱·비닐 재활용을 ‘친환경’으로는 볼 수 없다는 지적도 나온다. 근본적 해결책아 아니기 때문이다. 허승은 녹색연합 녹색사회팀장은 “석유화학 업체의 친환경 정책은 사실상 탄소중립 사회에서 업계를 유지하기 위한 방안에 불과하다”며 “폐기물 문제를 해결하려면 관련 제품의 발생량생산량 부터 줄이는 게 우선돼야 한다”고 말했다.
8,11번가 제공 11번가가 고객들의 착한 소비와 기부를 응원하는 ‘행복크레딧 기획전’을 확대해 경영을 이어간다. 3일 11번가에 따르면 이달부터 ‘친환경 택배박스’로 배송되는 상품 구입 시 구매 금액의 1가 자동 기부돼 홀몸 어르신 돌봄 장애청소년 교육 일회용 플라스틱 감축 등 사회문제 해결을 위해 쓰인다. ‘행복크레딧’은 텔레콤의 포인트 기부 프로그램으로 11번가의 ‘행복크레딧’ 기획전을 통해 사회적기업 중소상공인 상품을 구매하면 참여할 수 있다. 이달부터는 11번가 내 ‘친환경 택배박스’ 발송 상품이 추가돼 더 많은 고객들이 착한 소비를 통한 기부에 적극 동참할 수 있게 됐다. 11번가는 지난해 11월부터 현재까지 ‘행복크레딧’ 기획전을 통해 2만여 곳의 사회적기업 중소상공인 셀러의 12만개 상품들을 선보였고 2억6000만원 이상의‘행복크레딧’이 적립됐다. 11번가는 올해 들어 경영의 일환으로 100 재활용이 가능한 친환경 택배박스 종이 완충재 종이 테이프를 도입해 환경보호에 적극 나서고 있다. 11번가 백창돈 대외협력담당은 “고객들과 함께 사회적 가치를 실현할 수 있는 여러 방안들을 계속해서 고민해 선보일 것”이라고 말했다.
9,롯데푸드는 국내 최초 저온살균 파스퇴르 우유 패키지를 리뉴얼했다고 4일 밝혔다. 롯데푸드에 따르면 새롭게 선보인 패키지는 라벨에 절취선을 추가해 분리배출 편의성을 강화했다. 분리한 라벨은 비닐로 우유병은 플라스틱으로 분리수거하면 된다. 또 디자인 면적을 확대해 제품 정보 확인이 한층 용이해졌다. 병 상단에 63도 저온살균 엠블럼을 추가해 파스퇴르 우유의 핵심 특징을 강조했다. 병목 위쪽이 넓어지는 자형 패키지는 중세 유럽 귀족의 빳빳하게 세운 깃에서 모티프를 따왔다. 넓고 둥근 우유병을 잡고 따르기 어려웠던 점을 고려해 용기 상단을 한 손에 잡히게 개선했다. 원터치 캡으로 뚜껑 편의성도 높였다. 기존에는 뚜껑을 열고 이너실링을 제거해야 돼 불편함이 있었다. 뚜껑의 밀폐력도 높아져 제품 안전성도 강화했다. 롯데푸드는 패키지 리뉴얼과 함께 제품 라인도 후레쉬 저지방 유산균으로 변경했다. 저지방 우유와 차별점이 약했던 무지방 우유는 단종하고 롯데중양연구소와 공동개발한 식물성 유산균 ‘9’을 넣은 유산균 우유를 추가했다. 파스퇴르는 1987년 국내 최초로 저온살균우유를 출시하며 유업계와 소비자들에게 신선한 충격을 줬다. 저온 살균우유는 생우유에 들어있는 효소나 유익균 등은 그대로 살리고 결핵균과 같은 유해균만 죽이는 장점이 있다. 또 초고온 살균에 비해 칼슘과 단백질 등 영양소 열변성 및 비타민 손실을 최소화한다. 하지만 63도라는 살균 온도를 30분이라는 긴 시간 동안 유지해야 하는 만큼 초고온 살균보다 더 많은 비용과 노력이 들어갈 수 밖에 없다. 원유 품질이 나쁘거나 세균 수가 많으면 사용할 수 없다. 파스퇴르는 1987년 당시부터 지금까지 현재 법적 기준 1급 우유인 ㎖당 세균 수 3만마리 이하보다 3.7배 깐깐한 ㎖당 세균 수 8000마리 이하의 엄격한 기준으로 원유를 관리하고 있다. 롯데푸드 관계자는 “파스퇴르 새 디자인에 세련미와 편의성 친환경을 담고자 했다”면서 “디자인은 바뀌어도 파스퇴르 저온살균우유의 건강함과 품질에 대한 깐깐함은 변함없이 그대로 살아있다”고 말했다.
10,신안1004굴 개체굴 시범사업지구 사진신안군 제공전남 신안군은 청정 갯벌에서 자란 친환경 신안1004굴이 신세계그룹 식품 계열사인 신세계푸드에 출하돼 소비자들의 입맛을 사로잡고 있다고 23일 밝혔다.신세계푸드가 신세계백화점 강남점 대전점에서 운영 중인 레스토랑 베키아에누보에 고급 메뉴로 제공되며 인기를 끌고 있다.이 굴은 민선 7기 들어 군민의 소득 증대를 위해 정책적으로 추진한 프로젝트로 2년 간의 노력 끝에 결실을 봤다.군은 2019년부터 개체 굴 연구사업을 통해 개체굴 종자 생산에서 출하까지 양식산업화 시스템을 구축하고 7개소의 시범양식장을 운영 중이다.출하 시기에 맞춰 개체굴 전용 자동세척과 선별 포장 레이저 각인 해감시설 등 유통기반시설을 완벽하게 갖췄다.안전성 확보를 위해 출하 전 노로바이러스와 비브리오 대장균 중금속 등 검사를 철저히 해 안전하고 위생적인 개체굴을 출하하고 있다.신안 굴은 갯벌에서 노출식으로 양식돼 맛과 풍미 식감이 뛰어나고 생식소가 발달하지 않아 연중 이용이 가능하며 여름철에도 먹을 수 있어 소비자들에게 큰 호응을 얻고 있다.국내 시장에 판매되는 일반굴에 비해 10배가량 높은 가격으로 거래돼 가격 경쟁력이 높고 장기간 보관이 가능한 강점 등 수하식 굴과 차별화로 양식 어가의 새로운 소득원으로 자리를 잡을 것으로 보인다.신안1004굴 사진신안군 제공군은 청년 일자리 창출을 통한 청년이 돌아오는 1004섬 정책도 탄력을 받을 것으로 예상되는 등 다양한 시너지 효과를 기대하고 있다.박우량 신안군수는 신안 굴이 신세계푸드에서 상품의 우수성을 인정받아 출하하고 있다며 브랜드 가치를 높여 프리미엄 개체굴 생산과 유통의 메카로 비상할 뿐만 아니라 향후 중국 일본 홍콩과 유럽지역 등에 대한 수출도 추진할 계획이라고 말했다.신안김영균 기자 222.. ⓒ 국민일보... 무단전재 및 수집 재배포금지
11,인천시는 산업통상자원부가 추진하는“제조분야 친환경 관리인프라 구축사업”에 최종 선정됐다고 19일 밝혔다.주관기관은 한국건설생활환경시험연구원이고 참여기관인 숭실대학교 인천·전북·울산와 함께 인천·전북·울산 3개 권역별로 추진한다. 사업기간인 2025년까지 총사업비는 626억원국비 415억원 지자체 140억원 민간 71억원이 투입된다.이 사업은 지역별 기존 주력산업을 신산업분야로의 전환 및 지원을 위해 화학기반 중견・중소 제조 기업의 친환경 안전관리 역량 강화를 지원하게 된다. 3개 권역 중 인천을 거점으로 추진해 총사업비 626억 원 중 인천에 269억원국비 169억원 시비 60억원 민간 10억원이 투입될 예정이다.최근 제조 기업이 밀집한 산업단지 내 화학물질 취급사업장의 화재·폭발 누출사고 등 안전사고 발생이 계속 증가하고 있는 가운데 유해 화학물질 발생 방지를 위한 정부정책 및 규제 확대·강화화평법 화관법 산업법 등에 따른 중소기업의 어려움이 가중되는 상황이다.더군다나 제조업을 중심으로 성장세가 둔화되어 지역 경제가 침체되고 있는 상황이라 이러한 산업위기 극복을 위해 제조 기업의 친환경 안전관리 역량 강화 지원이 더욱 절실한 상황이다.제조분야 친환경 관리인프라 구축사업의 주요내용으로 ▲‘ 운영’은 시험평가 분야 범용장비 공동활용 지원 이용자 수요 분석을 통한 맞춤형 장비구축 기업 기술지원 시스템 구축 ▲성능평가 지원’은 시험평가인증 및 기술지원·규제대응 통합관리 지원 화학안전 규제의 안정적 이행을 위한 해당기업 직접 지원 네트워크 및 데이터를 활용한 체계적 종합 지원 ▲‘제조 기업 안전관리 시스템 구축’사업은 기반 친환경·안전관리 실시간 모니터링 플랫폼 개발 배출량·사용량 관리 지원을 위한 유해물질 관리 시스템 구축 안전역량 강화를 위한 통합 지원체계 구축이다.친환경적 소재 개발 물질 유해성 확인·저감 등을 위해 지역별 전략산업에 맞춰 3개 ‘개방형 실험실오픈 랩’센터에 54종의 장비를 구축하고 5년간 총 500건의 성능·시험평가를 지원한다.또한 안전 분야 투자가 어려운 소규모 사업장 등을 대상으로 안전관리 모니터링 시스템 보급 노후화·고위험 시설의 개선 컨설팅 등 3종의 사업장 안전관리 통합지원 프로그램을 운영한다.이를 통해 유해성 평가 기간이 30 단축되고 비용이 75 절감될 것으로 예상되며 이 같은 패키지형 연계 지원을 통해 중소사업장의 자체 안전관리 역량 강화와 안전 관련 규제 대응에 대한 기업부담이 완화될 것으로 보인다.시는 이번 사업으로 관내 화학분야 기업의 제조기술 첨단화 및 고도화를 이끌어 유망기업에 대한 기능성·신뢰성 향상 및 고부가가치화를 통한 혁신역량 강화할 계획이다.또한 분석 장비·기술지원 서비스·협력네트워크 등 제공을 통해 성장기반을 조성하고 시험평가 비용·강화된 규제대응 비용·시설개선 지원 등 직접 지원을 통해 화학·소재 분야뿐만 아니라 제조분야 전반의 경쟁력 강화에 기여할 것으로 내다보고 있다.변주영 시 일자리경제본부장은 “이번 사업으로 제조기업의 친환경·안전 개선과 기업의 자체적인 안전역량을 강화하고 연구개발·생산·수출에 집중할 수 있는 산업 환경을 조성해 제조업의 혁신성장과 그린뉴딜을 통한 신성장 동력 창출이 기대된다”고 말했다.인천정창교 기자 .. ⓒ 국민일보... 무단전재 및 수집 재배포금지
12,김진관왼쪽 에이치쓰리코리아 대표와 이덕원 넥슨스타 대표가 18일 그린수소 자가발전기 공급 협약을 체결하고 기념촬영을 하고 있다. 에이치쓰리코리아 제공국내 한 벤처기업이 수전해 기술을 적용한 그린수소 자가발전 시스템을 말레이시아에 공급한다.친환경 에너지 연구개발기업인 에이치쓰리코리아와 국내 무역회사인 넥슨스타는 그린수소 자가발전기 공급을 위한 협약을 체결했다고 18일 밝혔다.협약에 따라 양사는 2023년까지 소형 그린수소 자가발전기5㎾ 800대를 말레이시아에 공급하게 된다.넥슨스타는 말레이시아 플랜트 기업을 통해 30여개 지역에 풍력·태양광 그린수소 발전기 연료저장장치를 연계한 친환경 소형 자가발전 시스템을 구축한다.전기 관련 인프라가 미흡한 말레이시아는 가정에서 화석연료 자가발전기를 사용하는 사례가 많다.화석연료 자가발전기를 그린수소 발전기로 대체하면 연료 및 비용을 대폭 감축할 수 있을 뿐 아니라 온실가스를 배출하지 않는다. 필터를 주기적으로 교체하면 장기간 사용도 가능하다.이덕원 넥슨스타 대표는 “화석연료 자가발전기를 사용하는 말레이시아에 국내 그린수소 자가발전 시스템을 구축한다는 점에 큰 의미가 있다”며 “사업이 성공적으로 진행될 경우 싱가폴과 인도네시아 베트남 등 주변 국가로 확대할 것”이라고 했다.앞서 에이치쓰리코리아는 국내 최초로 촉매와 분리막 없이 그린수소를 생산하는 수전해 기술을 개발했다. 물을 전기분해해 수소를 생산하는 수전해는 이산화탄소 배출이 없는 청정기술이다.김진관 에이치쓰리코리아 대표는 “우리나라가 에너지 수입국이 아닌 친환경 에너지 수출국으로 도약할 수 있는 계기를 만들 것”이라고 말했다.천안전희진 기자 .. ⓒ 국민일보... 무단전재 및 수집 재배포금지
13,친환경 소재로 제작된 기아 6. 기아 제공글로벌 완성차 업계에 부는 친환경 바람은 비단 전기나 수소로 만든 동력 모터에만 국한한 것이 아니다. 운전자가 직접 만지는 시트나 팔걸이 제작에도 옥수수부터 재활용 페트병까지 친환경·천연 소재가 들어간다. 단순히 환경·사회·지배구조 책임 경영을 다하기 위한 ‘보여주기식’이 아니다. 친환경 소재 사용을 권고하는 각국 정부의 규제도 활발히 생겨나는 추세기 때문이다.19일 업계에 따르면 현대자동차그룹은 전기차 제작에 친환경 소재를 대거 포함해 판매하고 있다. 현대차 첫 전용 전기차 아이오닉5는 도어 트림과 도어 스위치 크래시 패드에 유채꽃 옥수수 등 식물에서 추출한 바이오 오일 성분이 사용된 페인트가 적용됐다. 시트는 사탕수수 옥수수의 바이오 성분이 들어간 원단을 사용했다. 생활 속에서 흔히 발견되는 재활용 투명 페트병을 가공해서 만든 섬유도 아이오닉5 시트와 도어 암레스트팔걸이에 들어있다. 아이오닉5와 기아 6 1대당 각각 32개 75개의 500㎖ 재활용 페트병이 활용된다.아이오닉에 들어간 친환경 소재. 현대차그룹 제공현대차그룹은 2014년 출시한 기아의 2세대 쏘울부터 처음으로 친환경 소재를 선보였다. 대시보드는 사탕수수에서 추출한 바이오 플라스틱으로 제작됐고 천장 마감재와 시트 커버 역시 사탕수수로 만든 섬유를 적용했다. 2016년 출시된 현대차 아이오닉 일렉트릭의 창문 버튼에도 야자열매 씨앗 추출물이 들어갔다. 현대차의 대표 수소전기차 넥쏘 역시 실내 마감재 대부분에 바이오 플라스틱이 활용됐다.바이오 플라스틱은 천연물에서 얻은 원료가 일정 비율 이상 포함된 플라스틱으로 제작부터 폐기 과정에서 이산화탄소 배출량을 줄일 수 있다는 장점이 있다. 일반적인 생각과 달리 내열성이나 내마모성 변색 등 여러 면에서 기존 플라스틱과 동등한 수준의 품질을 자랑한다. 다만 사계절 내내 외부 날씨 변화를 견뎌야 한다는 완성차 특성상 천연물 함유량을 절반 이상 수준으로 높이는 것은 무리가 따른다.볼보 역시 2025년 이후부터 출시하는 모든 차량에 들어가는 플라스틱 25를 재활용 소재로 만들겠다고 밝혔다. 2018년 출시된 중형 60 스페셜 에디션에는 페트병이 재활용된 바닥 카펫과 시트가 적용된 바 있다. 지난해에는 고성능 전기차 폴스타에 페트병 폐기 코르크 어망 등에서 추출한 재활용 재료로 시트를 만들었다. 제네럴모터스는 2030년까지 포장재를 생분해성 원료로 완전 교체할 방침이다.현대차 수소전기차 넥쏘에 들어간 친환경 소재. 현대차그룹 제공업계에 친환경 소재 바람이 부는 것은 책임 경영과 맞닿아 있다. 여기에 코로나19 장기화로 플라스틱 폐기물 이슈가 전 세계적으로 불거지면서 자원 순환에 초점을 둔 ‘착한 소비’ 관심이 커진 것도 업계의 친환경 움직임을 가속화하고 있다.조원태·임지아 경제연구소 연구원이 지난달 22일 펴낸 ‘플라스틱 폐기물 이슈 행동하는 기업들’ 보고서에 따르면 유럽연합와 중국 등 주요국을 중심으로 플라스틱 제조·사용 기업에 각종 규제가 확대되고 있다. 에서는 2025년부터 페트병 생산 시 재활용 소재를 25 이상 포함해야 한다. 중국은 올해부터 전 지역에서 분해가 되지 않는 비닐봉지와 음식 용기를 생산하거나 판매할 경우 최대 10만 위안1700만원의 벌금을 부과하고 있다. 보고서는 “본질적으로 생산자인 기업들이 나서서 폐기물을 줄이기 위한 실행 가능한 계획을 수립해야 한다”고 전했다.최지웅 기자 .. ⓒ 국민일보... 무단전재 및 수집 재배포금지
14,강달호 현대오일뱅크 사장 마창민 이앤씨 대표왼쪽부터가 12일 서울 중구 현대오일뱅크 서울사무소에서 열린 ‘탄소저감 친환경 건축소재 사업 협약’ 체결식에서 기념촬영을 하고 있다. 현대오일뱅크 제공현대오일뱅크와 이앤씨는 12일 ‘탄소저감 친환경 건축소재 사업 협약’을 체결하고 온실가스 자원화를 본격 추진하기로 했다.양사는 정유 부산물로부터 탄산화제품을 생산하는 탄소 포집 활용 설비를 구축할 예정으로 2022년 충남 서산시 현대오일뱅크 대산공장에 연간 10만 규모의 탄산화제품 생산 공장을 시작으로 향후 최대 60만까지 생산량을 늘릴 계획이다.현대오일뱅크는 정유 부산물인 탈황석고를 연간 50만 가량 재활용하고 탄산화제품 1 당 이산화탄소 0.2을 포집 활용할 수 있어 연간 12만의 탄소배출을 줄일 것으로 기대하고 있다.이앤씨는 플랜트의 설계 구매 시공에 참여하고 탄산화제품으로 만든 친환경 시멘트 콘크리트 경량 블록 등을 건축 및 사업에 적극 활용할 예정이다.김지애 기자 ⓒ 국민일보... 무단전재 및 수집 재배포금지
15,고양시 제공경기 고양시가 기후환경변화 대응과 탄소중립화를 위해 섬유 폐기물을 자원화하는 작업에 나선다. 고양시는 10일 폐섬유류의 자원화를 위한 시범사업 추진을 위해 코오롱인더스트리 미래기술원과 업무협약을 체결했다고 밝혔다.협약에 앞서 시는 지난해 12월 코오롱인더스트리 미래기술원과 소규모 공동주택 단지에서 발생되는 섬유류 폐기물의 종류를 조사한 바 있다.시는 이번 협약을 통해 시범 공동주택 단지와 단독주택지에서 발생되는 섬유류 폐기물의 발생량을 조사해 폐섬유류가 친환경 재생 원료로서 적합한지 데이터화할 계획이다.현재 폐섬유류는 의류를 일부 재사용하는 방식으로 재활용하고 있으나 대부분은 소각 또는 매립되고 있어 비용과 환경오염 문제가 제기됐다.또한 환경부는 2026년부터 소각이나 재활용 과정을 거치지 않고는 매립을 못하도록 폐기물관리법 시행규칙을 개정해 폐에 대한 재활용률을 높이는 것이 반드시 필요한 상황이다.그런데 기존 열처리를 통한 기계적 재활용 공법은 원료인 폐기물에 포함된 불순물 제거에 한계가 있어 재활용이 가능한 폐기물의 종류가 매우 제한적이다.코오롱인더스트리 관계자는 “최근 주목받고 있는 폐플라스틱을 활용한 친환경 폴리에스테르 재생기술 개발을 이용하면 화학적 재생 공법으로 폐기물의 종류나 오염도와 상관없이 고순도 원료를 추출할 수 있어 대부분의 재활용 플라스틱을 자원화 할 수 있다”고 밝혔다.이재준 고양시장은 “앞으로도 기업의 폐기물 자원화 기술개발에 협력해 고양시가 기후환경변화 대응과 탄소중립화 정책에 앞장서게 하겠다”고 말했다.한편 고양시는 2023년 제28차 기후변화당사국 총회28 유치를 추진하면서 다양한 기후변화대응 대책 탄소중립화 방안 마련을 위해 노력하고 있다.고양박재구 기자 9.. ⓒ 국민일보... 무단전재 및 수집 재배포금지
16,경기 남양주시는 ‘슬레이트 없는 친환경도시’를 만들기 위해 지난 4월부터 전 지역을 대상으로 슬레이트 지붕 철거를 지원하는 동시에 슬레이트 건축물 실태조사를 추진하고 있다고 9일 밝혔다.시는 주택과 축사 창고 등의 소규모 비주택을 대상으로 슬레이트 지붕을 철거할 경우 최대 344만원의 지원금을 지급하고 있으며 철거를 이행한 주택이 지붕개량을 할 경우에는 일반가구는 최대 300만원 사회취약계층은 최대 1000만원을 추가로 지원 받을 수 있다.슬레이트 철거지원 사업은 슬레이트 건축물의 소유자나 임차인이 신청할 수 있으며 사회 취약계층을 우선적으로 지원할 예정이다. 철거 공사는 남양주시에서 선정한 위탁사업자를 통하여 시행된다.또한 올해는 ‘슬레이트 건축물 실태조사’ 사업을 함께 추진하고 있으며 이 사업은 관내 슬레이트 건축물을 전수조사 후 데이터베이스화해 ‘슬레이트 철거 지원 사업’ 을 확대하기 위한 기초자료로 활용할 예정이다.조광한 남양주시장은 “50년 전 지붕재로 보급된 슬레이트는 노후시 석면가루의 날림으로 인한 시민건강에 대한 영향이 우려가 됐다”라며 “이번 사업을 통해 시민건강과 주거환경 개선을 위하여 ‘슬레이트 없는 친환경 도시’ 를 만들기 위해 최선을 다하겠다”고 밝혔다.남양주박재구 기자 9.. ⓒ 국민일보... 무단전재 및 수집 재배포금지
17,케미칼의 에코트리아 소재를 활용 보유 특허 기술로 제작한 화장품 용기. 케미칼 제공탄소 중립 추세가 가속화되면서 석유화학업계에서도 친환경 바람이 불고 있다.화학업계에 따르면 최근 생분해성 플라스틱 등 친환경 소재 개발이 활발하게 이뤄지고 있다. 코오롱인더스트리와 종합화학은 최근 전략적 파트너십을 맺고 친환경 플라스틱 소재 공동개발에 나섰다. 양사가 공동 개발하는 ‘썩는 플라스틱’인 는 하반기 중 출시될 예정이다.쌀겨 팜부산물 등 바이오 원료를 활용한 소재도 개발되고 있다. 금호석유화학은 쌀겨 추출물을 활용한 친환경 합성고무 복합체를 개발 중으로 국내외 타이어 및 신발 등에 공급할 예정이다. 화학은 재생 가능한 폐식용유 팜부산물 등을 활용한 고흡수성수지를 양산 최근 처음으로 수출을 위해 출하하기도 했다.용기 제조업체 등과 손잡고 플라스틱을 수거하거나 재활용 용기를 사용하는 플라스틱 재활용 생태계 구축도 이뤄지고 있다. 화학은 화장품 용기를 만드는 스타트업 이너보틀과 친환경 플라스틱 생태계 구축을 위한 업무협약을 체결했다. 롯데케미칼은 그룹의 포장재 생산 계열사 팩과 손잡고 친환경 포장재 개발에 나서기로 했다.롯데케미칼은 국내 업계 최초로 재생 폴리에틸렌 포장백을 자체 개발해 지난달부터 자사 제품을 포장하는 데 사용하고 있다. 케미칼은 제주개발공사와 협약을 맺고 제주삼다수 생수병을 수거해 이를 재생페트로 재활용하기로 했다. 또 화장품 용기 제조업체인 우성플라테크와 손 잡고 화학적 재활용 플라스틱을 활용한 플라스틱 용기를 납품하는 협약도 체결했다.업계에서는 이러한 시도들이 장기적으로 사업 구조를 친환경 기반으로 탈바꿈하려는 구상의 일환이라고 보고 있다. 종합화학은 폐플라스틱을 수거해 재활용까지 이르는 플라스틱 재활용 생태계 구축을 추진 중으로 기존 석유화학 산업을 친환경 사업으로 전환한다는 ‘그린 트랜스포메이션 전략’을 내세우고 있다. 화학은 친환경 프리미엄 통합 브랜드 ‘렛제로’를 출범하는 등 ‘친환경 소재 중심의 지속가능성 비즈니스’를 신성장 동력 중 하나로 추진하고 있다.향후 친환경 플라스틱 시장은 더욱 확대될 전망이다. 한국협회가 파악한 인도 시장조사기관 프로그레시브 마켓 분석에 따르면 전 세계 바이오플라스틱 시장 규모는 지난해 288억달러약 31조원로 2022년 409억달러약 45조원에 달할 것으로 전망된다. 한 업계 관계자는 “글로벌 고객사들이 저탄소 친환경 제품을 선호하는 추세가 강해지고 있다”며 “친환경 플라스틱이 기존 제품보다 가격이 비싸지만 고부가가치 상품으로서 오히려 더 높은 영업이익을 낼 수 있어 유망한 분야”라고 설명했다.김지애 기자 .. ⓒ 국민일보... 무단전재 및 수집 재배포금지
18,화학적 재활용 소재인 에코트리아 소재를 활용해 보유 특허 기술로 제작한 화장품 용기. 케미칼 제공케미칼은 글로벌 화장품 용기 제조업체인 우성플라테크와 손 잡고 화학적 재활용 소재를 활용한 친환경 화장품 용기 상업화에 나선다고 2일 밝혔다. 케미칼은 화학적 재활용 소재인 ‘에코트리아 ’을 공급하고 우성플라테크는 이를 활용해 고투명 화장품 용기를 생산할 예정이다. 우성플라테크는 연간 5억개의 플라스틱 용기를 생산하며 로레알 랑콤 에스티로더 등 글로벌 화장품 회사들에 용기를 공급하고 있다.최근 글로벌 화장품 업계에서는 플라스틱 재활용 및 친환경 포장재 사용이 활발하게 이뤄지는 추세다. 케미칼은 화학적 재활용이란 폐플라스틱을 순수한 원료 상태로 분해시킨 뒤 고분자인 플라스틱을 제조하는 기술로 물리적 재활용 소재보다 미세 이물질이 적어 물성 투명도 컬러 등 고객사의 요구에 맞춘 고품질 용기를 제작할 수 있다고 설명했다.케미칼은 친환경 플라스틱 시장 확대에 발맞춰 화학적 재활용 제품 포트폴리오 확대에 주력하고 있다. 케미칼은 다음달부터 화학적 재활용 코폴리에스터 ‘에코트리아 ’의 상업 생산을 시작할 계획으로 제품 판매 비중을 2025년 50 2030년 100까지 확대하는 것을 목표로 하고 있다.김지애 기자 .. ⓒ 국민일보... 무단전재 및 수집 재배포금지
19,친환경을 강조하고 있는 도쿄올림픽에서 매일같이 수천명분의 도시락이 폐기처분되고 있는 것으로 드러났다. 일본 내에서는 방만한 경영 뿐 아니라 저소득층을 돕는 등 해결책을 마련하지 못한 올림픽조직위원회에 대한 비난이 쏟아지고 있다.일본 민영 은 지난 27일 도쿄 국립경기장 내부에서 촬영한 영상을 공개하면서 자원봉사자용으로 마련된 도시락 수천개가 매일같이 폐기되고 있다고 보도했다. 이 공개한 영상에는 매일 새벽 국립경기장에 수천명분의 도시락과 빵 주먹밥을 실은 차가 들어간 뒤 쓰레기통에 음식을 포장도 뜯지 않은 채 버리는 모습이 잡혔다. 쓰레기 관리를 맡은 담당자가 음식물만 따로 분류해 쓰레기통에 버리는 모습도 담겼다.손도 닿지 않은 도시락들이 그대로 버려지는 이유로는 올림픽 자원봉사자 규모가 급감한 점이 꼽힌다. 계획대로라면 도쿄올림픽에 투입될 자원봉사자는 7만여명 규모였다. 그러나 코로나19 확산과 자원봉사 포기 행렬로 인해 무관중으로 대회가 진행되면서 자원봉사자가 3만여명으로 줄었다.은 “조직위는 자원봉사자를 줄이기로 결정한 뒤 사전에 주문한 도시락 수량을 축소하지 않고 그대로 받고 있다”면서 “조직위는 올림픽 식품 조달 등에 관해 의 ‘지속가능개발목표’를 고려하겠다고 명시했지만 제대로 지키지 않고 있다”고 비판했다.논란이 불거지자 조직위는 “개선을 위해 노력하겠다”면서 “적절한 양의 음식이 주문됐어야 한다. 상황을 빠른 시일 내에 개선하겠다”고 잘못을 시인했다. 다만 일본 정부는 “폐기 행위는 알고 있었으나 폐기량은 제대로 확인되지 않는다”고 설명했다.보도 이후 일본에서는 남은 도시락을 저소득층이나 코로나19로 타격을 받은 사람들에게 나눠주자는 의견이 확산하고 있다. ‘미나토 어린이식당’을 운영하는 후쿠자와 세이코 변호사는 “남는 도시락을 폐기하지 말고 빈곤층이나 코로나19로 끼니를 거르는 어린이들에게 지원하는 방안을 마련해 달라”는 내용을 온라인 청원 사이트에 게재했다.황윤태 기자 .. ⓒ 국민일보... 무단전재 및 수집 재배포금지
20,세계 완성차 판매량은 지난해 하반기부터 소비심리 개선과 경기 부양책에 힘입어 코로나 전 수준을 회복하는 듯 했으나 상반기 반도체 공급 부족사태로 다시 감소했다. 하지만 친환경차 판매량은 늘었다.한국자동차연구원이 23일 발표한 산업 동향 보고서에 따르면 상반기 글로벌 완성차 판매량은 4142만4000대로 집계됐다. 지난해 상반기 3223만6000대보다는 29 증가했지만 지난해 하반기 4399만4000대보다 6 감소한 수치다. 다만 친환경차 판매량은 올해 상반기 494만8000대로 지난해 상반기 대비 약 125 하반기 대비 23 증가했다. 하이브리드차는 지난해 상반기 대비 92 배터리 전기차는 171 플러그인하이브리드 차는 160 판매량이 상승했다.올해 상반기 국가별 차량 판매량은 미국·일본을 제외한 지역에서 전년 하반기 대비 감소세로 전환했다. 미국은 지속적인 소비 심리 개선으로 내수 판매량853만8000대이 3 증가했고 일본은 하이브리드차 판매 확대 등으로 판매량246만3000대이 3 늘었다.중국은 1287만8000대 유럽 894만대 한국 89만9000대로 전년 하반기 대비 각각 14 6 5 감소했다. 업체별로 보면 미국·유럽 완성차 기업이 부진을 이어갔지만 현대차와 도요타는 판매량이 지속해서 늘고 있다. 올해 상반기 그룹사별 차량 판매 순위는 도요타 폭스바겐 르노닛산 스텔란티스 현대차 순이다.현대차는 상반기 내수와 중국 시장에서 다소 부진했지만 생산 중단 최소화와 중국외 지역 수출호조 등으로 지난해 하반기와 비슷한 338만2000대를 판매했다. 상반기에는 을 제치고 글로벌 판매 5위를 차지했다. 은 지난 1년간 688만7000대를 팔아 5위 현대차는 599만3000대로 6위였다.도요타는 지난해 하반기 478만2000대에서 올해 상반기 502만1000대로 판매량이 증가했다. 도요타는 주력 시장인 미국과 중국 시장의 수요 증가 및 주요 부품 재고 확대 전략을 통해 판매량을 늘린 것으로 분석된다.자동차연구원 관계자는 올 하반기 다양한 신차가 출시되면서 대기 수요가 예년 수준을 회복하겠지만 반도체 공급 충격 등 판매 실적은 부진할 것이라며 완성차 기업들은 전기차 등 친환경에 방점을 둔 브랜드 마케팅에 집중할 것으로 보인다고 말했다.
21,제주항공이 환경.사회.지배구조경영의 하나로 시작한 친환경 여행캠페인 그린트래블러 캐릭터사진를 19일 공개했다. 제주도에 서식하며 국제보호종으로 지정된 제주남방큰돌고래에 착안해 제작했다. 캐릭터는 제주남방큰돌고래 입모양을 항공기 앞부분처럼 둥글게 그려 귀여움과 친숙함을 부각시켰다. 여기에 감귤과 감귤색 스카프를 더해 제주항공 이미지가 떠오르도록 했다.돌고래 캐릭터는 향후 제주항공이 진행하는 친환경 여행캠페인그린트래블러에 폭넓게 활용할 예정이다. 제주항공은 캐릭터 제작을 기념해 1927일까지 캐릭터 이름공모전을 진행한다. 자세한 내용은 제주항공 인스타그램을 참고하면 된다.한편 제주항공은 다양한 환경캠페인을 펼치고 있다.
22,화학이 석유화학 분야 친환경 소재 육성을 위해 대규모 국내 투자에 나선다. 고부가 지속가능 사업과 친환경 소재 중심으로 사업구조를 본격 전환하기 위해서다.화학은 2028년까지 모두 2조6000억원을 투자해 충남 대산공장에 생분해성 농업용 일회용 필름 소재 및 태양광 필름용 등 총 10개의 공장을 신설한다고 19일 밝혔다. 화학은 올해 와 공장 착공을 시작으로 대산사업장을 2028년까지 바이오 기반 원료 생산부터 친환경 소재 폐플라스틱 재활용 온실가스 저감 등 기반 사업의 메카로 육성할 계획이다.연내 착공되는 공장은 연산 5만톤 공장은 연산 10만톤 규모로 건설될 예정이다. 두 공장 모두 2024년 상업생산을 목표로 한다. 이로 인한 매출 증대 효과는 연간 약 4700억원 이상으로 기대된다.업계에 따르면 와 는 트렌드에 따른 썩는 플라스틱 수요 증가와 신재생에너지 보급 확대 등으로 2025년까지 연평균 30 수준의 고성장을 이어갈 것으로 전망되고 있다. 는 자연에서 빠르게 분해되는 생분해성수지로 폐플라스틱 등 환경문제 해결에 큰 도움이 될 것으로 기대되고 있으며 는 절연성과 수분 차단성이 높고 발전 효율이 우수해 태양광 패널 보호 및 전력 손실을 최소화하는 필름용 수요가 급격히 증가하고 있다.한편 화학은 계획된 투자가 원활하게 추진될 수 있도록 충남도 및 서산시와 투자협약도 체결했다. 이 날 행사에는 양승조 충남도지사 맹정호 서산시장 등 지역 주요 인사들과 화학 신학철 부회장이 참석했다. 이번 협약으로 화학은 기존의 대산공장 부지 외 약 79만㎡24만평의 신규 부지를 추가로 확보했으며 신규 공장 설립 및 관련된 친환경 소재·공정 분야 투자에 적극 활용하기로 했다.화학은 이번 투자로 약 400명 직접 고용 창출 효과가 기대되며 지역 경제 활성화에도 적극 기여하겠다고 밝혔다. 신학철 화학 부회장은 이번 투자협약은 지속가능 성장 전략의 일환이자 친환경 소재 비즈니스의 본격화를 알리는 신호탄이라고 말했다.
23,건설장비시장에도 친환경 수소경제 바람이 불고 있다. 현대중공업그룹 계열사인 현대건설기계는 국내 최초로 13톤급 소형 수소지게차 개발에 나섰다고 17일 밝혔다. 현대건설기계는 앞서 중형 수소지게차를 개발해 상용화했다. 중형 수소지게차. 사진 현대건설기계 제공 현대건설기계는 수소 연료전지 전문기업 에스퓨얼셀과 수소 연료전지 지게차 보급 확대를 위한 공동 업무협약을 체결 소형 수소지게차 공동개발에 나섰다. 협약에 따라 현대건설기계는 수소지게차 생산과 파워팩 제어 및 통신시스템을 에스퓨얼셀은 수소 연료전지 파워팩의 개발과 생산을 담당한다. 소형 수소지게차는 대형 물류창고 등에서 활용될 예정이다. 미국에서는 월마트나 아마존 등 물류창고에 3만대 이상의 수소지게차가 활용되는 것으로 알려졌다. 현대건설기계는 수소지게차 라인업을 확대해 친환경 지게차 시장에서 선도적 입지를 굳혔다는 평가가 나온다. 에스퓨얼셀은 향후 안정적인 수소팩 공급처를 확보할 수 있게 돼 시너지 효과가 기대된다. 양사가 공동개발하는 지게차용 수소 연료전지 파워팩은 보다 안정화된 출력 성능을 기반으로 1회 충전 시 최대 8시간까지 작업이 가능하다. 현대건설기계는 국내에 수소충전소 등 관련 인프라가 구축될 것으로 예상되는 오는 2023년까지 소형 수소지게차 상용화를 완성할 방침이다. 에스퓨얼셀은 현재 국내 건물용 연료전지시장에서 50 이상 점유율을 차지하고 있다. 황종현 현대건설기계 산업차량 부문장은 2020년 현대모비스와 함께 국내 최초로 5톤급 중형 수소지게차 개발에 성공한 바 있다며 이번 에스퓨얼셀과 협업을 통해 물류창고에 특화된 13톤급 소형 수소지게차까지 제품군을 확대 친환경 물류사업을 선도해 나갈 것이라고 말했다.
24,중국 정부의 친환경·저탄소 정책 추진에 힘입어 중국내 펀드의 1년 수익률이 시장수익률보다 나은 것으로 분석됐다. 18일 중국 차이신은 중신증권과 빅데이터 분석기관인 즈딩테크의 보고서를 인용해 7월 테마펀드의 수익률이 300보다 높고 500보다는 낮았으며 1년 수익률은 300과 500을 5 이상 상회했다고 보도했다. 탄소 중립 에너지 절약 청정 생산 등 최근 중국 정부의 친환경 정책 추진으로 중국 내 펀드의 수익률이 양호하게 나타났다. 사진은 중국 류저우에 위치한 신에너지 자동차 공장 모습. 신화연합뉴스300는 상하이와 선전의 우량주 지수중국판 이며 500는 중소형주 지수를 뜻한다.보도에 따르면 2분기말 현재 중국내 전체 공모펀드 규모는 약 23조위안약 4168조원이다. 중신증권은 최근 정기 추적 보고서에서 7월 31일 현재 투자테마펀드가 26개로 297.12억위안 규모이며 개념펀드가 64개로 2444.23억위안 규모라며 이를 합한 총액은 약 2741억위안이라고 밝혔다. 엄밀한 의미에서는 펀드로 분류되지 않지만 큰 틀에서 펀드로 포함시킨 범테마펀드 규모는 약 1조2500억위안약 225조원이다.증시 약세로 7월 전체 펀드 절대수익률은 대체로 마이너스를 기록했다. 대형 우량주의 약세 속에서 중소형주 지수인 500이 우량주 지수 300을 크게 상회한 것으로 나타났다.중신증권이 집계한 7월 펀드 실적을 보면 투자테마펀드 수익 비교지수는 대부분 300과 500 사이에 있었다. 그 중 주식혼합형펀드 보통주펀드 탄력배치형펀드 인덱스펀드 수익률은 각각 1.24 5.64 5.51 6.86였는데 300 대비 초과 수익은 각각 9.14 2.26 2.39 1.05였고 500 대비 초과 수익은 1.84 5.04 4.91 6.26였다. 개념펀드 수익률 비교지수 역시 대부분 300과 500 사이였다.즈딩테크가 진행한 최근 한 달간 수익률 분석에서도 테마펀드 수익률은 300 추세와 비슷했고 500보다는 낮은 것으로 나타났다. 즈딩테크는 2020년 8월 1일 이전에 조성된 전체 공모펀드의 최근 자산규모를 가중계산해 최근 1년간 펀드 실적에 대해 분석했다. 이 분석에 따르면 7월 31일 기준 액티브 혼합형 테마펀드 1년 수익률은 약 17 패시브 주식형 테마펀드 1년 수익률은 약 15 액티브 주식형 테마펀드 1년 수익률은 약 8였다. 같은 기간 300과 500의 1년 수익률은 모두 3 수준에 불과했다.즈딩테크 설립자인 류샹펑은 이 분석 결과는 전략이 장기 투자에서 초과 수익을 얻을 수 있다는 걸 어느 정도 보여주는 것이라고 설명했다. 즈딩테크는 분석한 테마펀드의 최근 3개월 수익률을 보면 1개월 수익률과 마찬가지로 300과 500 사이에 있으면서 기본적으로 시장수익률과 비슷한 흐름을 보였다. 액티브 혼합형 테마펀드 수익률은 약 1 패시브 주식형 테마펀드는 약 3 액티브 주식형 테마펀드는 약 3였다. 같은 기간 500 수익률은 약 3 300은 약 6였다.탄소 중립 에너지 절약 청정 생산 등 최근 중국 정부의 친환경 정책 추진으로 범펀드의 초과 수익은 더 확연하다. 중신증권 통계에 따르면 2021년 7월 이 유형의 펀드는 절대 수익률에서 우수한 실적을 거뒀으며 인덱스형 펀드가 가장 높은 수익률을 기록한 것으로 나타났다. 저탄소 및 친환경 개발 개념 펀드 중 인덱스형 펀드가 절대수익률 9.87로 가장 높았는데 300과 500 대비 초과수익이 각각 17.77 9.92였다.
25,도레이첨단소재사장 전해상는 국내 최초로 염색공정이 필요없는 친환경 아리미드 원착사를 양산한다고 17일 밝혔다.염색을 하는 대신 폴리머에 안료를 투입해 고유 색상을 발현하는 방식이다. 원료단계부터 착색이 돼 있어 색상 발현이 가능한 셈이다. 다량의 물을 사용하는 염색공정이 추가로 필요하지 않아 수자원 절약과 염색처리 비용과 시간을 줄일 수 있다. 또 햇빛이나 세탁 등 외부요인에 의한 색상 변형이 적은 안정정도 갖고 있다.도레이첨단소재는 아리미드 사업에 지속적인 투자와 축적된 기술력을 바탕으로 원착사 양산에 성공함으로써 아라미드 원면 피브리드 페이퍼에 이르는 고도의 제품구조를 갖추게 됐다.
26,르노삼성자동차와 링크앤코 가 친환경차를 공동 개발한다. 링크앤코는 지리자동차그룹과 볼보자동차그룹의 합작투자로 설립된 글로벌 자동차 브랜드다.르노그룹은 9일 중국의 최대 자동차그룹 지리홀딩과 파트너십을 맺고 조인트벤처를 설립한다고 발표했다. 이어 중국시장에서는 르노브랜드 하이브리드 승용차를 출시하고 한국시장에서는 르노삼성 주도로 링크앤코의 친환경 신차를 개발할 계획이라고 밝혔다. 르노삼성자동차가 부산공장에서 생산한 주력모델 3의 유럽수출을 위해 선적하는 모습. 사진 르노삼성자동차 제공르노그룹 관계자는 향후 조인트벤처 프로젝트 모델을 기반으로 한국소비자 취향에 맞는 친환경차를 르노삼성 연구개발진이 독자 개발할 것이라며 한국시장 판매뿐 아니라 수출까지 확대하는 방안을 구상하고 있다고 말했다.국내 완성차업체 관계자는 미래 신차 프로젝트를 갈망해온 르노삼성은 이번 협약을 통해 르노그룹의 아시아 최대 파트너로서 입지를 공고히 다질 수 있는 기회가 생겼다고 평가했다.이어 신차 개발에 3년 이상 소요되는 점을 고려하면 르노삼성이 개발할 신차는 2024년 하반기2025년쯤 가시화될 것으로 기대된다며 하이브리드차를 먼저 개발한 후 추세에 따라 전기차로 확대할 가능성이 크다고 내다봤다.르노삼성과 링크앤코가 공동개발할 친환경차는 주력모델 3 이후 마땅한 성장동력이 없는 르노삼성 입장에서 미래먹거리를 확보할 중요한 지렛대가 될 전망이다. 르노삼성 부산공장의 안정적인 일감 확보와 일자리 창출 효과가 기대되기 때문이다. 다만 르노삼성 입장에선 현재 진행 중인 노사 임단협 협상을 평화적으로 조속히 해결하고 향후 안정적인 생산 공급능력을 보증하는 일이 선결과제로 요구된다. 그래야 르노그룹 입장에선 르노삼성의 신차개발 참여 범위와 부산공장 신차 생산물량 규모를 최대한 반영하지 않겠냐는 분석이다. 현재 르노삼성은 2020년 임단협 노사 협상이 1년 이상 진행 중이며 올 상반기 200시간 넘는 파업으로 하반기 안정적인 3 유럽수출 물량공급 여부가 변수로 남아 있다. 2020년 임단협을 아직 끝내지 못한 르노삼성 노사는 이번주 본교섭을 재개할 것으로 보인다. 앞서 사측은 2020·2021년 임단협 통합 교섭을 요구했다.그나마 서바이벌 플랜의 핵심 모델인 3의 유럽수출 물량 확보에 차질이 생기면 안 된다는 점에 노사 모두 공감대를 형성하고 있는 점은 향후 협상에 긍정적이다. 르노삼성은 지난 6월 유럽 28개국에서 본격적으로 3 판매를 시작하며 7679대를 수출한 데 이어 7월 한달간 4863대를 수출했다. 반도체부품 공급이 차질없이 진행되고 부산공장의 안정적인 생산공급이 유지된다면 올해 누적 6만대 수출까지 기대하는 분위기다. 한편 중국 지리홀딩그룹은 1997년 국유기업 자동차 공장을 인수하며 본격적인 자동차 회사로 부상했다. 2007년 영국 택시 제조회사 마그네스 브론즈 2010년 스웨덴의 고급 자동차 회사 볼보를 각각 인수했으며 2016년 볼보와 합작으로 글로벌 고급 브랜드 링크앤코를 출범시켰다. 링크앤코는 지난 6월 볼보 플랫폼을 기반으로 성능과 가격이 혁신적인 플래그쉽 09를 발표하는 등 주목받고 있다.
27,유럽연합이 올해 3월 기업의 환경·사회·지배구조와 관련한 지속가능금융 공시규제를 시행한 이후 유럽 자산운용업계에 변화가 일고 있다. 투자자산에서 친환경으로 위장한 그린워싱을 제거하기 시작한 것이다. 17일 블룸버그 통신 보도에 따르면 캐피탈 마켓 의 애널리스트인 맨딥 자그팔 은 지속가능금융 공시규제가 업계 전반에 걸쳐 정의를 일관되게 적용하려는 목적을 달성하기 시작했다며 새로운 규제에 대한 의미 해석에 약간의 차이가 있을 수 있겠지만 자산관리사들은 이제 어떤 것이 환경 사회 및 지배구조 투자로 분류될 수 있을지와 분류돼야 하는지에 대해 제고하고 있다고 말했다. 유럽 자산운용업계는 최근 2년간 조성된 2조달러로 추정되는 자산에서 라벨을 제거하는 작업을 진행하고 있으며 자산 규모는 점차 줄어들고 있다. 3월부터 시행된 유럽의 에는 탄소 배출 사업에 자본 투자를 하지 못하도록 정책 입안자들이 강력한 의제를 설정했고 자산관리사들의 포트폴리오에 지속가능성과 관련된 메시지를 문서화할 것을 요구하고 있다. 자그팔은 자산운용업계 전반에 걸쳐 라벨링 무효화가 계속될 것으로 예상된다고 말했다. 지난해 슈로더투자신탁운용 이 실시한 여론조사에 따르면 기관투자자 650명 중 60는 투자전략의 환경적 이익이 과장되거나 허구임을 뜻하는 그린워싱이 지속가능성 목표를 가로막는 가장 큰 요인이라고 답했다. ▶ 자산 과대포장 유럽 자산운용사들 변화 시작 으로 이어짐
28,에코플랜트가 친환경 산업단지 조성사업을 추진하며 경영 강화에 나선다. 에코플랜트는 충청남도 예산군과 예산 조곡 그린컴플렉스 조성사업을 위한 양해각서를 체결했다고 9일 밝혔다.에코플랜트는 건설투자자로 고용 창출과 생산 유발을 예산군은 특수목적법인에 직접 참여해 행정 지원을 담당한다.예산 조곡 그린컴플렉스는 충남 예산군 신암면 조곡리 일원에 약 140만㎡약 43만평 규모로 조성된다. 2025년 준공 목표다. 이 단지는 수도권 전철 1호선 장항선과 개통 예정인 서해선 복선전철 및 서부내륙고속도로 등 광역 교통망을 갖추고 있어 물류 유통에도 강점을 보이고 있다. 특히 미래 핵심산업으로 주목받고 있는 바이오헬스케어 수소전기차 부품 등과 연관된 첨단기업을 유치하는 친환경 단지로 조성될 계획이다. 단지가 준공되면 5400여개 일자리 창출과 3조6000억원 생산유발 효과가 나타날 것으로 기대된다.이형원 에코플랜트 에코비즈니스부문장은 이번 양해각서 체결을 통해 예산군과 함께 친환경 산업단지 조성사업을 본격 추진하기로 뜻을 모았다며 에코플랜트가 경영 행보에 속도를 내고 있는 만큼 친환경적이고 지역과 상생하는 단지를 조성할 수 있도록 노력할 것이라고 밝혔다.
29,에스원대표 노희찬은 5일 환경·사회·지배구조경영을 선포했다고 밝혔다.에스원은 이를 위해 올초 테스크포스를 발족해 3개월간 경영을 준비했다. 지난달 29일 이사회를 거쳐 위원회를 신설했다.에스원은 구체적인 실천 과제로 △출동차량을 친환경차로 교체하는 그린 모빌리티 △보안기기 폐기물을 재활용하는 에코패키지 △사회공헌 활동강화 △상생문화 조성을 선포했다.에스원은 이를 통해 2050년까지 탄소배출을 제로화한다는 방침이다. 우선 사내 업무용 차량 전체를 2030년까지 친환경 차량으로 전환할 예정이다. 일부 사업장 출동용 차량으로 전기차와 전기 이륜차를 시범 도입해 순차적으로 전기차를 확대한다. 2040년까지 전국 모든 출동용 차량 1500대를 친환경차로 전면 교체한다. 보안기기 폐기물을 재활용하고 기존 패키지를 친환경 소재로 교체하는 에코패키지 활동에도 적극 나선다. 현장에서 사용하다 렌탈 후 회수하는 보안기기는 한해 100만대 약 2000톤에 달한다. 에스원은 아산에 위치한 물류센터 재활용 시스템을 활용해 폐기물 양을 줄일 계획이다. 보안기기 출고시 사용하는 포장재도 친환경 소재로 교체한다. 에스원은 청소년들의 진로 진학을 지원하는 에스원 아카데미 교정시설 청소년들이 건강한 사회인으로 성장할 수 있도록 돕는 희망장학금 사업을 확대키로 했다. 또 협력사가 스스로 현황을 점검하고 실천할 수 있도록 돕고 필요할 경우 경영 노하우를 공유해 업계 전반에 가치가 확산될 수 있도록 지원할 계획이다.에스원은 위원회를 설립한 만큼 무늬만 경영이 아닌 실질적인 실행전략으로 결실을 이뤄나갈 것이라며 업계는 물론 협력사를 아우르는 경영을 통해 선도기업으로서의 면모를 보여주겠다고 밝혔다.
30,. 1218381 . ...12. ...12. ...12. ...12. ...12. 0.6 1218381. 1218381 . 현대오일뱅크가 이앤씨와 손잡고 친환경 건축소재 사업에 진출한다.현대오일뱅크는 12일 서울 중구 현대오일뱅크 서울사무소에서 이앤씨와 ‘탄소저감 친환경 건축소재 사업 협약’을 체결했다.두 회사는 정유 부산물인 탈황석고와 이산화탄소를 활용해 탄산화제품을 생산하는 탄소포집·활용 설비를 구축한다. 2022년 충남 서산에 있는 현대오일뱅크 대산공장 내 연간 10만 탄산화제품 생산 공장을 짓는다. 생산량을 연간 60만까지 늘릴 계획이다. . 000 119 1 . . . 5075100125150175200300400 .현대오일뱅크는 탈황석고를 연간 50만 정도 재활용하게 된다. 탄산화제품 1당 이산화탄소 0.2를 포집·활용할 수 있어 연간 12만 탄소배출을 줄일 수 있을 것으로 기대된다. 이는 소나무 1000만 그루를 심는 효과와 맞먹는다.이렇게 생산한 탄산화제품은 시멘트 콘크리트 경량 블록 등 건축자재 원료로 공급한다. 석회광산에서 석고 탄산칼슘을 직접 채굴하는 것보다 자연 파괴가 적다는 장점이 있다. 이앤씨는 플랜트의 설계 구매 시공에 참여하며 이렇게 만든 제품을 친환경 시멘트 콘크리트 등을 건축 토목 사업에 활용한다는 방침이다. 현대오일뱅크 관계자는 “온실가스 저감 자원 재활용 환경 보존을 동시에 실현할 수 있는 방법”이라고 말했다.오경진 기자 3..
31,▲ 한영석 현대중공업 사장 세계 1위 조선업체 현대중공업이 다음달 유가증권시장 상장을 위한 증권신고서를 10일 금융위원회에 제출했다고 밝혔다. 상장을 통해 조달한 재원은 친환경 미래사업 투자에 쓰일 예정이다.현대중공업의 총 공모주식수는 1800만주로 1주당 희망공모가액은 5만 20006만원이다. 공모 자금은 최대 1조 800억원 규모에 달한다. 공모주식은 구주 매출 없이 전량 신주로 발행한다. 다음달 23일 기관투자자를 대상으로 수요 예측을 실시해 공모가를 최종 확정한 뒤 78일 일반 공모청약에 나서 다음달 상장 절차를 마무리할 계획이다.현대중공업은 현재 개발하고 있는 수소·암모니아 선박 전기 추진 솔루션 가스선 화물창 개발 등 무탄소 시대를 대비한 친환경 선박 연구개발에 쓸 예정이다. 아울러 인공지능 기반 스마트선박과 자율운항 기술도 고도화할 계획이다. 업계에서는 현대중공업이 조달한 자금으로 인수합병 등을 통해 연료전지 사업에 진출할 수도 있다는 전망을 내놓기도 한다. . 000 119 1 . . . 5075100125150175200300400 .현대중공업은 최근 조선업황이 개선되고 있다는 점도 상장에 호재로 작용할 것으로 기대했다. 영국의 조선해운 시황분석기관인 클락슨리서치에 따르면 선박의 가격 추이를 나타내는 선가지수는 지난달 말 143.68 포인트를 기록하며 지난 1월127.11 포인트보다 13 이상 상승했다. 현대중공업은 올 상반기 조선해양부문에서 72억 5000만 달러를 수주하며 연간 목표액72억 달러를 초과 달성했다.현대중공업은 그룹이 2019년 중간지주사 한국조선해양 체제로 전환하는 과정에서 기존 법인의 사업부문을 물적분할한 회사다. 한영석 현대중공업 사장은 “조선산업의 패러다임이 친환경 중심으로 재편되는 가운데 새로운 기회를 맞아 이번 공모 자금으로 미래 기술에 선제적으로 투자해 세계 1등 조선기업의 위상을 공고히 할 것”이라고 말했다.오경진 기자 3..
32,. 1218568 . ...12. ...12. ...12. ...12. ...12. 0.6 1218568. 1218568 . ▲ 12일 서울 중구 신한은행 본점에서 직원들이 폐현수막을 재활용한 장바구니와 공기정화식물인 스투키 다회용기인 텀블러를 들고 ‘신한 실천 빌딩’ 선언에 동참하고 있다.신한은행 제공 신한은행은 ‘환경·사회·지배구조’를 실천하는 문화를 만들기 위해 은행 내 모든 공간을 ‘신한 실천 빌딩’으로 선언한다고 12일 밝혔다. 신한은행은 본점 구내식당 도시락 용기를 친환경 제품으로 교체하고 건물 내 친환경 건축자재 사용을 30까지 확대한다. 고객에게 제공하는 사은품을 친환경 장바구니와 공기정화식물 같은 친환경 제품으로 바꾼다. 임직원을 대상으로 ‘ 실천 가이드’를 공유한다. . 000 119 1 . . . 5075100125150175200300400 .
33,광양 고순도 니켈 정제공장 2023년 완공연산 2만… 전기차 주행거리 핵심 원료수산화리튬 2023년 생산하면 첫 국산화 . 1213930 . ...12. ...12. ...12. ...12. ...12. 0.6 1213930. 1213930 . “철강 기업이야 배터리 소재 기업이야.”포스코그룹이 최근 전기차 배터리 소재·원료 사업에 사력社力을 다하고 있다. 철강 사업만으론 미래 시장에 대응할 수 없다는 판단 아래 친환경 소재 기업으로 변신을 꾀하고 나선 것이다. 최정우 회장은 “포스코를 존경받는 100년 기업이 되게 하겠다”며 미래차를 중심으로 한 신사업 육성을 위한 과감한 투자에 나서겠다고 공언했다. . 000 119 1 . . . 5075100125150175200300400 .포스코는 28일 2300억원을 들여 ‘고순도 니켈’ 정제 공장을 전남 광양제철소 인근에 신설한다고 밝혔다. 배터리 양극재에 들어가는 니켈은 전기차 주행거리를 좌우하는 핵심 원료로 순도가 높고 함유량이 많을수록 1회 충전 시 주행거리가 늘어난다. 포스코는 계열사 가 제련하는 중간 생산물 ‘니켈매트’를 습식정제해 순도 99.9 이상의 고순도 니켈을 만들어 판매할 계획이다. 공장은 2023년 완공된다. 생산 규모는 연 2만으로 전기차 50만대에 공급할 수 있는 양이다. 포스코는 지난 5월 호주의 니켈 광업·제련 전문회사 레이븐소프 지분 30를 인수하면서 안정적인 니켈 공급망도 확보하게 됐다.포스코는 최근 리튬생산 법인 ‘포스코리튬솔루션’을 출범하고 전남 광양 수산화리튬 공장 착공식을 개최했다. 리튬은 배터리의 성능을 결정하는 양극재 핵심 원료로 전량 수입에 의존하고 있다. 포스코가 2023년 수산화리튬을 국내에서 생산하게 되면 첫 국산화를 이루게 된다. 생산 규모는 연 4만 3000으로 전기차 100만대 분이다. 아울러 포스코는 리튬 매장량이 확인된 아르헨티나 염호에도 2만 5000 규모의 공장을 연내 착공할 계획이다.포스코케미칼은 세계에서 유일하게 배터리 음극재와 양극재를 동시에 생산하는 기업으로 주목받고 있다. 양극재 공장은 전남 광양과 경북 구미에 음극재 공장은 세종에 있다. 포스코케미칼은 지난 8일 경북도·포항시와 투자협약을 체결하고 포항에 연산 6만 규모의 양극재 공장을 짓기로 했다. 포스코인터내셔널은 전기차 핵심 부품인 구동 모터코아 생산 확대를 본격화했다. 전기차 배터리 소재와 원료 생산 체제를 모두 갖춘 포스코는 전기차 제품·솔루션 통합 브랜드 ‘이 오토포스’까지 출범했다. 재계 관계자는 “포스코의 배터리 소재·원료 사업 확장을 위한 투자 활동은 하반기에 강화될 것으로 보인다”면서 “음극재에 들어가는 흑연을 생산·공급하는 기업의 지분을 인수하거나 해외공장 설립 계획을 본격화할 가능성도 있다”고 전망했다.포스코는 이런 사업 체질 개선 노력을 바탕으로 올해 2분기에 역대 최고 수준인 2조 2010억원의 영업이익을 올렸다.이영준 기자 ..
34,지난 2021년 6월 21일 환경부는장관 한정애는 폐플라스틱 열분해 처리 비중을 현행 0.1에서 2030년까지 10로 높혀 100배까지 늘린다고 발표했다참고자료 2021.6.18.자 환경부 보도자료.환경부의 이번 발표로 코스피 상장기업인 ㈜한창005110의 자회사인 ㈜한창그린홀딩스가 큰 관심을 받고 있다.폐플라스틱 열분해 처리는 순환경제 및 탄소중립 실현을 위한 핵심과제 중 하나로 폐플라스틱을 저온으로 열분해하고 첨단 정제기법으로 처리해 만든 열분해유는 선박류의 원료 등으로 활용될 수 있다.㈜한창그린홀딩스는 2014년 일본 오사카의 센토도와㈜에 배치식 저온 열분해 유화설비 설치를 시작으로 2015년에는 홍성군 소재 폐기물처리업체인 ㈜덕천산업에 설치했으며 2017년에는 울산에 2018년에는 경기도 연천에 ㈜한전에서 발주한 연속식 저온 열분해 유화설비 등을 꾸준히 설치해 온 회사이다. 더욱이 ㈜한창그린홀딩스의 전신이었던 ㈜더에스티에너지는 2019년 10월 일본 석유자원개발㈜와 자체 개발한 폐플라스틱 저온열분해 공법 특허를 기반으로 폐플라스틱 저온 열분해처리 과정에서 생산되는 재생유를 일반 경유 수준으로 품질을 끌어올리는 촉매기술을 공급하여 일본의 폐비닐 및 해양폐기물폐유의 유류화 사업을 공동으로 추진하기로 하는 를 체결하기도 했다. ▲ 폐플라스틱 연속식 저온열분해 단위 1기 설비 투시도.㈜한창그린홀딩스 제공 ㈜한창그린홀딩스는 폐기물 자원화의 글로벌 시장을 겨냥하고 있다. 모기업인 코스피 상장사 ㈜한창의 지원으로 전라남도 진도군에 설치중인 “해양폐기물폐어망 폐어구 등 저온 열분해 자원화 시설”을 글로벌 모델로 완성하고 해양폐기물 처리시설의 메카로 만든다는 전략이다. 전 세계적으로 문제로 떠오른 해양 쓰레기의 80가 플라스틱이고 코로나19로 인해 플라스틱 사용률은 더욱 늘었다. 플라스틱 쓰레기의 규모는 전년 대비 18.9 폐비닐은 9나 증가하였으나 플라스틱을 사용하지 않는 것은 현실적으로 불가능하다. 라면 봉지 일회용 컵 시트 마스크팩 티백 물티슈 등 모든 생활용품 및 바이러스로부터 보호해주는 방역 마스크에도 플라스틱이 포함돼 있다.결국 세계는 플라스틱의 재활용에 집중할 수밖에 없다. 플라스틱 재활용은 물리적·화학적 재활용으로 구분되는데 물리적 처리공정은 품질이 낮아지는 문제가 있어 재활용 횟수가 제한적이다. 플라스틱 재활용 처리 비율은 약 58이지만 이 수치는 태워서 연료로 쓰는 에너지회수 물량까지 포함돼 있어 실제 물질 재활용 비중은 낮다. 이 때문에 최근 글로벌 기업들은 화학적 재활용 기술 중에서도 원유의 나프타로 만들어진 플라스틱에서 다시 원유를 추출하는 ‘열분해유’ 연구개발에 집중하고 있다.일찍부터 폐플라스틱 열분해시설의 연구개발에 뛰어든 ㈜한창그린홀딩스의 기술은 폐플라스틱이 섭씨350에서 450도의 온도범위에서 열분해가 이루어지며 열분해과정에서 생성된 ‘재생유’를 핵심공정의 하나인 감압3단 정제시스템을 거치며 재생유속의 잔류불순물 유기유해화합물을 제거함과 동시에 세탄가를 높여 시판중인 ‘디젤유’의 순도에 근접한 순도 높은 ‘정제유’를 대량 생산하는 것을 특징으로 한다. ▲ 울산종합화학단지내 ㈜리코마 폐밧데리·폐전선 전문열분해 설비 내부.㈜한창그린홀딩스 제공 온라인뉴스부 ..
35,환경부 적용대상 783개 379만 배출 분석2020년 기준배출량대비 30 감축목표 달성 지난해 공공부문 온실가스 배출량이 기준배출량20072009년 평균 배출량 대비 30.3 감축한 것으로 나타났다. ▲ 환경부는 22일 지난해 공공부문 온실가스 배출량이 기준배출량20072009년 평균 배출량 대비 30.3 감축해 감축 목표를 달성했다고 밝혔다. 정부세종청사 환경부 전경. 서울신문 환경부는 22일 공공부문 온실가스·에너지 목표관리제 적용 대상인 783개 기관의 지난해 온실가스 배출량이 370만이산화탄소 상당량으로 기준배출량531만과 비교해 161만을 감축했다고 밝혔다. 이는 전년도 감축률인 23.5보다 6.8를 추가 감축한 것으로 공공부문 목표관리제 2020년까지 감축목표인 30를 달성했다고 덧붙였다.공공부문 목표관리제는 저탄소 녹색성장 기본법에 따라 공공부문이 국가 온실가스 감축 목표 달성에 선도적 역할을 하기 위한 것으로 2011년부터 시행 중이다. 기준배출량을 기준으로 지난해 감축률은 지방공사·공단40.0이 가장 높았고 지방자치단체34.7 국·공립대34.1 공공기관30.3 시·도교육청24.1 중앙행정기관20.9 국립대병원·치과병원7.4이 뒤를 이었다.온실가스 연간 배출량이 1만 이상 기관 중에서는 한국방송통신대64.7 한국체육산업개발58.7 남양주도시공사56.8 인천시55.4 등의 감축 성과가 높았다. 온실가스 감축 수단은 고효율 기기 보급34만 신재생에너지 보급43만 친환경 차량 교체3만 및 기타 리모델링·행태 개선 등58만으로 분석됐다. 탄소포인트제와 외부감축사업을 활용해 23만을 추가 감축했다. . 000 119 1 . . . 5075100125150175200300400 .정부는 공공부문 목표관리제의 2020년 감축 목표 달성에 따라 2030년까지 기준 배출량의 50를 감축할 계획이다. 이를 위해 목표관리제 적용 기관을 대상으로 맞춤형 지원이 가능한 ‘공공부문 탄소중립 지원시스템’을 구축한다. 또 감축 성과가 미흡한 기관은 전문기관 진단 후 시설 개선 등 사후관리를 지속적으로 추진하는 한편 11월 운영성과대회를 열어 각 기관별 모범사례를 공유·확산하기로 했다. 박승기 기자 ..
36,서울 강동구구청장 이정훈는 21일 도시텃밭 6곳강일 가래여울 암사 상일 길동 일자산 텃밭과 장애인 배려 텃밭인 강동 힐링팜까지 친환경 도시텃밭 등 모두 7곳을 개장한다고 20일 밝혔다. 구에 따르면 이번 가을개장에는 텃밭 개장일인 21일부터 29일까지 각 텃밭에서 개별적으로 유기질 비료를 배부할 계획이다. 현재 구는 ▲공공 도시텃밭 ▲민영공동체텃밭 ▲동주민센터 도시텃밭 등 총 6258구좌의 텃밭을 운영하고 있다. 올해 선정된 1400여 명의 도시농부들이 가을 작물 재배시기에 맞춰 텃밭을 재정비하고 참여자 간 소통을 통해 적극적인 텃밭 참여를 독려할 예정이다. 코로나19 확산 방지를 위해 텃밭 개장 행사는 별도로 개최하지 않는다. 구청 도시농업과 관계자는 “코로나19가 종식될 때까지 텃밭을 이용하는 사람은 이웃 간의 배려를 위해 텃밭에 방문할 땐 마스크를 착용하고 비치된 손소독제를 사용해 주시기를 바란다고 당부했다.   전국매일신문 이신우기자 ..  
37,서울 중랑구구청장 류경기가 친환경 상자텃밭 1000상자를 추가 분양한다고 9일 밝혔다. 9일부터 13일까지 신청자를 접수 받으며 본인 부담금 8000원만 부담하면 주민 누구나 1세대 당 1세트를 분양받을 수 있다. 상자텃밭은 집안에 베란다 옥상 등 작은 자투리 공간만 있으면 초보자도 간단하게 모종을 심고 가꿀 수 있다. 지난 4월 말 보급한 상자텃밭 1000세트도 신청이 모두 마감되는 등 주민들로부터 높은 인기를 얻었다. 상자텃밭은 재배용기65×45×50 배양토 50 모종 8본상추류 재배 매뉴얼이 한 세트로 구성돼 있다. 텃밭세트를 수령하면 매뉴얼에 따라 칸막이를 끼우고 토양을 채운다음 모종을 식재하고 생수병에 물을 담아 캡을 끼운 후 캡구멍에 꽂기만 하면 기본 설치가 완료된다. 상자텃밭을 분양받고자 하는 주민은 접수가 시작되는 9일 오전 11시부터 중랑구청 홈페이지의 구민참여상자텃밭 분양신청란에서 신청하면 된다. 당첨 결과는 오는 18일 구청 홈페이지에 발표되며 문자메시지를 통한 개별 안내도 진행된다. 류경기 구청장은 “가정에서 손쉽게 작물을 재배할 수 있는 상자텃밭을 통해 더 많은 주민들이 도시농업을 체험할 수 있을 것”이라며 “코로나19로 집콕생활에 지친 주민들에게 친환경 상자텃밭이 소소한 보람과 즐거움을 가져다주길 바란다”고 말했다.  전국매일신문 이신우기자 ..
38,전남도가 친환경선박 산업생태계 중심지로의 도약을 준비하고 있다. 도는 전날 영암 호텔현대에서 해양수산부 목포시 선박해양플랜트연구소 현대삼호중공업 등 36개 기관·기업과 ‘친환경선박 생태계 조성을 위한 산학연관 업무협약’을 체결했다고 29일 밝혔다. 협약식에는 김영록 전남도지사 문성혁 해수부장관 서삼석ㆍ김원이 국회의원 김종식 목포시장 김부기 선박해양플랜트연구소장 김형관 현대삼호중공업 대표 등이 참석했다. 협약에 따라 각 기관 기업은 친환경선박의 연구개발 도입 실용화를 위해 상호 협력관계를 구축하고 생태계 조성에 나선다. 또 핵심기술을 활용해 한국형 뉴딜을 실현하고 산업 발전을 이끈다. 특히 정부와 지자체를 비롯해 국내 유수 연구소 대학 선급기관 조선 및 기자재 기업 엔지니어링사와 함께 대규모 네트워크를 형성하게 됐다. 이에 따라 친환경선박 연구개발부터 실증 상용화까지 ‘친환경선박 전주기 밸류체인’이 구축돼 전남의 친환경연안선박 클러스터 조성과 산업화에 한층 가속도가 붙을 전망이다. 김영록 지사는 “전남이 대한민국 친환경 선박산업의 중심지가 되도록 산업생태계 조성에 적극 앞장서겠다”고 밝혔다. 이어 문성혁 장관에게 “전남은 국내 연안 선박 및 항로를 최다 보유하고 있고 친환경선박 관련 연구혁신 기관이 집적해 ‘친환경선박 전주기 혁신기술개발’ 국가사업의 최적지”라며 사업 타당성 조사를 총괄하는 사업단을 전남에 설치하고 세부과제에 대한 도내 산학연의 참여를 확대할 것을 건의했다. 한편 김 지사는 이날 협약식에 참석한 문성혁 해수부장관에게 또한 친환경선박 전주기 혁신기술개발 지원 목포신항 해상풍력 특화구역 지정 광양항 32단계 ‘컨’ 부두 건설 섬 여객선 일반인 대상 반값 운임 국고지원 어촌어항 재생사업 추진 다도해 갯벌 습지정원 조성 수산생물 등의 재해복구 지원단가 상향 등 해양수산 분야 현안을 설명하고 지원을 요청했다. 전국매일신문 남악 권상용기자 ..
39,세계 최대 규모의 친환경 연료전지 발전소가 동춘천일반산업단지에 들어선다. 강원 춘천시는 29일 시청 민방위교육장에서 ㈜동춘그린에너지 삼덕회계법인 코리아 하나금융투자 포스코건설 두산퓨얼셀과 함께 연료전지발전사업 투자협약을 체결했다. 이번 협약을 통해 각 기관은 동춘천일반산업단지 내 3만7681㎡ 부지에 연료전지 발전사업을 추진한다. 시는 연료전지 발전사업의 성공적 사업추진을 위한 인허가 및 적극적인 행정지원에 나선다. 하나금융투자는 사업개발 초기부터 금융지원 포스코건설은 종합준공 두산퓨얼셀은 연료전지 주기기 및 운영 기간 유지보수를 안정적으로 공급한다. 국내외 인프라 전문투자사인 은 동춘천그린에너지의 최대 주주로 참여하고 삼덕회계법인은 사업 개발을 총괄하는 프로젝트 매니지먼트 역할을 맡는다. 규모는 세계 최대 규모인 100급이며 총 사업비는 7000억원으로 내년 착공해 2025년부터 20년간 상업 운전이 목표다. 연간 생산되는 전기는 연간 약 8억로 4인 가구 기준 22만세대에 전력을 공급할 수 있는 양이다. 지역과 상생하는 사업도 진행된다. 동춘천그린에너지는 시 및 주민협의체와 협의해 주민복지시설 건설 발전소 내 여유부지에 태양광발전시설을 설치하는 등 다양한 지역 지원사업도 함께 진행할 예정이다. 발전소 건설 기간 약 1800명의 지역 내 고용효과가 발생하고 발전소 운영 기간에도 상시 운전과 정비 인원 20여명의 신규 고용이 창출될 것으로 기대된다. 시 관계자는 “이번 사업 추진을 통해 시정부가 정부의 수소경제 활성화 정책에 부합하는 친환경 에너지를 생산하는 거점이 될 것”이라고 말했다. 전국매일신문 춘천 이승희기자 ..
40,강원 동춘천일반산업단지에 세계 최대 규모의 친환경 연료전지 발전소가 들어선다. 1일 춘천시에 따르면 최근 시청 민방위교육장에서 ㈜동춘그린에너지 삼덕회계법인 코리아 하나금융투자 포스코건설 두산퓨얼셀과 함께 연료전지발전사업 투자협약을 체결했다고 밝혔다. 이번 협약을 통해 각 기관은 동춘천일반산업단지 내 3만 7681㎡ 부지에 연료전지 발전사업을 추진한다. ‘연료전지 발전사업’은 천연가스에서 수소를 분리해 공기 중의 산소와 반응시켜 전기를 생산하는 시설이다. 정부의 수소경제 활성화 뉴딜 정책에 부합하는 대표적인 친환경 신재생 에너지원으로 각광받고 있다. 규모는 세계 최대 규모인 100급이며 총 사업비는 7000억원에 달한다. 2022년 착공해 2025년부터 20년간 상업 운전을 목표로 하고 있다. 연간 생산되는 전기는 연간 약 8억로 4인 가구 기준 22만세대에 전력을 공급할 수 있는 양이다. 연료전지 발전소가 구축되면 춘천시 전기사용량에 22를 책임질 수 있으며 2030년도에는 에너지 자립률 20를 조기에 달성하게 된다. 지역과 상생하는 사업도 연료전지 발전사업과 연계해 진행된다. 동춘천그린에너지는 시정부 및 주민협의체와 협의하여 주민복지시설 건설 발전소 내 여유부지에 태양광발전시설을 설치하는 등 다양한 지역 지원사업도 함께 진행할 예정이다. 연료전지 발전소 건설 기간 약 1800명의 지역 내 고용효과가 발생하고 발전소 운영 기간에도 상시 운전과 정비 인원 20여 명의 신규 고용이 창출될 것으로 기대된다. 앞으로 시는 연료전지 발전사업의 성공적 사업추진을 위한 인허가 및 적극적인 행정지원에 나선다. 하나금융투자는 사업개발 초기부터 금융지원 포스코건설은 종합준공 두산퓨얼셀은 연료전지 주기기 및 운영 기간 유지보수를 안정적으로 공급한다. 국내외 인프라 전문투자사인 은 동춘천그린에너지의 최대 주주로 참여하고 삼덕회계법인은 사업 개발을 총괄하는 프로젝트 매니지먼트 역할을 맡고 있다. 시 관계자는 “이번 사업 추진을 통해 시가 정부의 수소경제 활성화 정책에 부합하는 친환경 에너지를 생산하는 거점이 될 것”이라며 “이번 사업이 춘천 지역 경제발전에 크게 기여할 수 있을 것으로 기대된다”고 말했다. 전국매일신문 춘천 이승희기자 ..
41,삼성디스플레이는 충남 아산사업장 주변에 식물섬을 조성해 최근 지역 주민과 임직원에게 개방했다고 28일 밝혔다. 이를 위해 삼성디스플레이는 지난해 12월 충남도 아산시와 수자원 보호 협약을 맺고 아산사업장 인근 가락바위 저수지를 다양한 수생 식물 어류 조류가 어울려 사는 친환경 서식지로 만들었다. 지난 1월부터 약 6개월 간의 공사를 시행해 3만 5000㎡ 규모인 총 6개의 식물섬이 조성됐다. 최송천 글로벌 인프라 총괄 전무는 식물섬이 들어선 가락바위 저수지가 수변 공원이자 자연 친화적 생태 학습장이 될 것이라며 앞으로도 지역 사회와 함께 자연 보호에 앞장서는 경영을 실천하겠다고 말했다.  전국매일신문 정은모기자 ..
42,서울 마포구구청장 유동균는 추석을 맞아 23일부터 내달 3일까지 비대면 직거래장터를 연다. 유동균 구청장은 “풍성한 한가위를 맞아 저렴하면서도 믿고 먹을 수 있는 농특산물이 많이 준비돼 있으니 주민 여러분의 많은 관심과 참여 바란다”고 말했다. 직거래 장터에는 마포구와 자매결연지인 전라북도 고창군을 비롯한 자매결연도시 전라도 경상도 강원도 등 21개 지자체에서 총 41개 업체가 참여해 친환경 쌀 한우 건나물 사과 햇배 등 85개 특산물 및 농산물을 판매한다. 구는 매년 명절을 앞두고 구청 광장에서 직거래 장터를 열었으나 코로나19 확산세가 심해짐에 따라 2020년부터 비대면 방식으로 직거래장터를 진행해 오고 있다. 비대면 직거래장터는 총 5회 개최됐으며 작년 추석에는 총 판매 금액 2500만 원을 넘기는 등 코로나19로 인한 언택트 시대에 성공적인 도농 교류 방식으로 자리 잡아가고 있다. 구매자가 마포구 홈페이지 또는 동 주민센터에 비치된 홍보물을 확인하고 구매를 원하는 물품을 마포구 지역경제과☎ 0231539971로 주문하면 된다. 중간 유통 마진 없이 생산농가에서 구매자에게 택배로 물건을 발송하는 구조로 구매자는 신선하고 질 좋은 물건을 시중가보다 최대 20 저렴하게 구매할 수 있다. 구는 이번 비대면 직거래 장터를 통해 코로나19 확산으로 판로 개척에 어려움을 겪고 있는 농어촌에 판매 활로를 제공하고 구매자에게는 시중가보다 저렴하고 신선한 농특산물을 산지 직송으로 제공할 수 있을 것으로 기대하고 있다. 마포구 청년일자리 사업 방송팀에서 1분 27초 분량의 직거래 장터 홍보 영상을 제작해 마포구 유튜브채널명 마포구와 마포에 영상을 게재했다.  전국매일신문 서정익기자 ..
43,가 환경‧사회‧지배구조 경영을 강화하고자 생활 속 친환경 활동 ‘필必그린’ 캠페인을 진행한다. 필必그린은 지구 환경보호를 위해 반드시 이행해야 할 활동을 의미하며 임직원들이 참여해 그 변화를 직접 느낀다는 의 뜻도 담고 있다. 직장내 일상생활 속에서 쉽게 실천 가능한 친환경 활동으로 구성돼 있으며 텀블러 사용 캠페인을 시작으로 플로깅과 업사이클링 등이 올해 단계적으로 진행된다. 이를 위해 이달부터 사무실 내 일회용 컵의 사용을 줄이고 다회용기 사용을 권장하는 ‘용기가 필요해’ 캠페인을 진행중이다. 또한 직원들이 모델로 등장한 포스터를 제작해 참여도를 높이고 개인컵이 필요한 직원들에게 환경경영 비전인 ‘ ’가 새겨진 텀블러를 제공했다. 특히 서울 대치동 사옥의 커피전문점 ‘사푼사푼’에서는 텀블러 지참시 용기 세척과 가격 할인 등을 제공하는 텀블러 케어 서비스를 운영 중이다. 공사는 임직원들이 조깅을 하면서 길거리에 버려진 쓰레기를 줍는 ‘플로깅’ 캠페인을 오는 9월 진행하며 연말에는 재활용품을 수거해 환경적으로 가치 있는 제품으로 재탄생시키는 ‘업사이클링’ 프로그램도 실시한다. 한편 는 지속가능한 미래를 생각하는 환경경영 이행을 통해 강화에 속도를 내고 있다. 지난 5월에는 중장기 환경경영 비전을 공개하며 기후변화 위기 대응을 위한 2050 탄소중립을 선언했다. 이어 수중과 해변 환경정화 활동 등 해양생태계 보호에도 앞장서고 있으며 상상마당에서는 환경보호의 메시지 전달을 위한 업사이클링 전시회도 진행하고 있다. 전국매일신문 대전 정은모기자 ..
44,경남 의령군이 집중호우로 침수 피해가 발생한 ‘친환경 골프장’의 신속한 복구에 총력을 기울이고 있다. 군이 직접 운영하는 친환경골프장이 지난주 집중호우에 침수돼 14일까지 임시휴장하고 있다. 군은 골프장에서는 침수로 피해를 본 그린과 코스 등 각종 시설물의 원상복구를 위해 휴일도 잊은 채 복구작업을 실시하고 있다. 친환경골프장 관계자는 “최대한 빠른시일 내 고객을 맞이하기 위해 모든 직원이 한마음 한뜻으로 구슬땀을 흘려가며 복구에 최선을 다하고 있다”고 밝혔다. 또한 복구가 완료되는 시점인 15일부터는 정상 영업할 것으로 보이며 자세한 사항은 의령친환경골프장 홈페이지에서 확인할 수 있다. 전국매일신문 의령 최판균기자 ..
45,경남 재사천시친환경미생물발효연구재단이 기침·천식·가래 등 기관지에 효능이 탁월한 동아를 주재료로 한 전통주 개발에 나선다. 재단은 15일 이러한 내용으로 영농조합법인 오름주가와 업무협약을 체결했다고 밝혔다. 동아 전통주는 우리나라 전통 약주 제조방식으로 빚은 술에 복합 유산균을 첨가해 부드럽고 고급스러운 맛과 건강한 느낌이 날 수 있도록 개발할 예정이다. 박과채소의 한 종류인 동아는 호박과 박의 중간식물로 고려 때부터 왕실에서 음식으로 만들었다는 기록이 있으며 중국에서는 오랫동안 재배된 식물로 인기가 높다. 맛은 무미하고 조선시대 궁중음식으로 장아찌를 담거나 정과를 만들어 먹은 것으로 알려져 있으며 임진왜란 때 조선수군의 음료수로 조달됐다고 전해지고 있다. 부종치료와 탈수예방 및 교정에 도움을 주고 혈당과 지질대사 개선과 기침·천식·가래 등 기관지에 효능이 있다고 한다. 재단 관계자는 “이번 전통주 개발을 통해 동아의 부가 가치를 한층 높이고 우리지역 전통주의 명성과 맥을 살리는 동시에 재배농가의 안정적인 소득증대에도 기여할 것”이라고 말했다. 전국매일신문 사천 박종봉기자 ..
46,화학이 2조6000억원을 투자해 친환경 소재 생산 시설을 대폭 확충한다. 화학은 2028년까지 충남 대산공장에 썩는 플라스틱과 태양광 패널을 감싸는 소재 등 친환경 소재 생산 공장 10개를 신설한다고 19일 밝혔다. 농업용·일회용 필름에 사용되는 는 자연 상태에서 분해되는 제품이고 는 고무와 플라스틱 성질을 모두 가진 고부가 합성수지로 발전 효율을 높여준다. 올해 착공하는 공장은 연산 5만 공장은 연산 10만 규모다. 두 공장은 2024년부터 양산을 시작할 계획이다. 화학은 앞으로 대산공장을 친환경 소재 폐플라스틱 재활용 온실가스 저감과 같은 친환경 사업의 중심지로 육성할 계획이다. 의 경우 이번 대산공장 증설이 완료되면 화학의 생산 능력이 세계 2위 규모인 총38만으로 확대된다. 최근 글로벌 산업계에서 친환경 트렌드가 확산하면서 썩는 플라스틱과 신재생에너지 소재 수요는 2025년까지 연평균 30씩 증가할 것으로 전망된다. 신학철 화학 부회장은 “이번 투자로 약 400여 명의 직접 고용 창출 효과도 기대된다”면서 “친환경 사업과 함께 지역 경제 활성화에도 기여하겠다”고 말했다.
47,현대오일뱅크와 이앤씨가 12일 ‘탄소 저감 친환경 건축소재 사업 협약’을 체결했다고 밝혔다. 양사는 충남 서산 현대오일뱅크 대산공장의 정유시설에서 발생하는 부산물인 탈황석고와 이산화탄소를 활용해 탄산화 제품을 생산하는 공장을 건설할 계획이다. 탄산화 제품은 시멘트 콘크리트 경량 블록 등 건축 자재의 원료로 사용된다. 두 회사는 탄소 포집·활용 설비를 구축 내년 대산공장 내 연간 10만의 탄산화 제품 생산을 시작으로 생산량을 최대 60만으로 늘릴 계획이다. 현대오일뱅크는 이를 통해 정유 부산물인 탈황석고를 연간 50만 가량 재활용하게 된다. 또 탄산화 제품 1 당 이산화탄소 0.2을 포집∙활용할 수 있어 연간 12만의 탄소 배출을 줄일 수 있을 것으로 전망하고 있다. 이는 소나무 1000만 그루를 심는 효과와 맞먹는 양으로 설비로는 국내 최대 규모라고 회사 측은 설명했다. 이렇게 생산된 탄산화 제품은 건축 자재 대체 원료로 사용되는데 석고∙석회 광산에서 석고나 탄산칼슘을 직접 채굴하는 데 비해 환경 파괴가 적은 것으로 알려졌다. 현대오일뱅크 관계자는 “온실가스 저감 자원 재활용 환경 보존을 동시에 실현할 수 있는 방법”이라고 말했다. 이앤씨는 탄산화 제품 생산 공장의 설계∙구매∙시공을 담당한다. 올해 설계를 마무리하고 내년 1분기 착공할 계획이다. 이앤씨는 또 탄산화 제품으로 만든 친환경 시멘트 콘크리트 등을 건축·토목 사업에 적극 활용할 예정이다.
48,이앤씨와 현대오일뱅크가 12일 ‘탄소저감 친환경 건축 소재 사업 협약’을 체결했다. 양사는 이번 업무협약을 통해 국내 최대규모의 친환경 건축 소재 생산 설비를 상용화하고 이를 통해 생산된 제품을 건설현장에 도입할 예정이다. 이번 협약을 통해 이앤씨와 현대오일뱅크는 충남 서산시 현대오일뱅크 대산 공장에서 가동 중인 정유시설에서 발생하는 부산물인 탈황석고와 이산화탄소를 활용한 탄산화제품 생산공장을 건설할 계획이다. 탄산화제품은 시멘트와 콘크리트 등 건축 자재의 원료로 사용된다. 이앤씨는 현대오일뱅크가 보유한 탈황석고 탄산화 기술을 활용한 공장의 설계 구매 시공을 담당한다. 올해 안에 설계를 마무리해 내년 1분기 착공이 목표다. 2022년 연간 10만톤 규모를 시작으로 연간 생산량을 최대 60만톤까지 늘릴 계획이다. 이는 국내 최대 규모의 이산화탄소 포집∙활용 설비다. 현대오일뱅크는 “공장 가동을 통해 정유 공정에서 발생하는 탄소배출량을 연간 12만톤 줄일 수 있다”며 “소나무 1천만 그루를 심는 효과와 비슷하다”고 설명했다. 이앤씨는 친환경 건축 소재 사업을 통해 경영에 속도를 낸다는 계획이다. 탄소저감 소재를 활용한 시멘트와 콘크리트를 아파트·토목 현장 등에 도입할 예정이다. 협약식에 참석한 마창민 이앤씨 대표는 “포집한 이산화탄소를 활용해 새로운 가치를 창출할 수 있는 돌파구를 마련하게 되었다”며 “경영을 실천하는 가장 적극적인 형태의 탄소저감 활동이 될 것”이라고 말했다. 강달호 현대오일뱅크 사장은 “이번 협력은 환경을 오염시키는 배출가스와 활용도가 낮은 부산물을 재가공해 쓸모 있는 제품으로 바꾸는 혁신적인 친환경 사업 모델”이라며 “앞으로도 탄소 중립을 앞당기는 경영을 강화해 나가겠다”고 했다.
49,미국 정부가 2030년 미국 신차 판매 절반을 친환경차로 달성하겠다는 목표를 공개했다. 앞서 중국·유럽이 2035년 내연기관차 판매 금지를 발표한 데 이어 세계 2위 자동차 판매 시장인 미국까지 친환경차 전환 목표를 제시하면서 내연기관차에서 전기차로의 전환 속도가 한층 더 빨라지게 됐다. 예상보다 빠른 전환에 글로벌 자동차 업계에도 비상이 걸렸다. 미국 바이든 대통령은 5일현지 시각 백악관에서 전기차·수소차·플러그인하이브리드 등 무공해· 자동차가 2030년 미국 판매 신차의 50를 차지할 수 있도록 하는 행정명령에 서명했다. 바이든 대통령은 “미국 자동차 산업의 미래는 전기차에 있다”며 “우리는 다시 내연기관차로 되돌아갈 수 없다”고 말했다. 주요 자동차 업체들은 표면적으로는 바이든 대통령의 행정명령에 지지를 나타냈다. ·포드·스텔란티스 등 미국 3대 자동차 회사는 이날 공동 성명을 통해 2030년까지 신차 판매 4050를 전기차로 내놓겠다고 약속했다. 현대차·도요타도 각자 성명을 내고 지지 의사를 표명했다. 그러나 자동차 산업 전반에 ‘전기차 전환’의 후폭풍이 거세게 불 것이라는 우려도 커지고 있다. 가장 큰 문제는 고용이다. 전기차는 부품 수가 1만9000개 정도로 내연기관차약 3만개보다 35 이상 적다. 조립 공정이 줄면서 필요 인력도 감소한다. 글로벌 자동차 업체들은 이런 흐름에 맞춰 선제적 인력 감축을 진행하고 있다. 포드는 이날 미국 내 희망 퇴직자 1000명을 받겠다고 밝혔다. 혼다는 최근 2000명 이상 희망퇴직을 받았고 이미 절반 이상이 퇴직했다. 폴크스바겐은 지난 3월 최대 5000명 감원 계획을 발표했다. 다임러와 등은 지난해 1만40002만명의 인력 구조 조정을 시행했다. 글로벌 컨설팅 업체 맥킨지는 “앞으로 10년간 자동차 산업 내 일자리가 최대 30까지 감소할 것”이라고 전망한다. 국내 자동차 업계는 노조 반발로 인력 구조 조정을 못 하는 대신 신규 채용을 중단하고 있다. 현대차·기아는 2019년부터 신입 생산 직원 채용을 전면 중단하고 정년퇴직으로 직원 수를 줄이고 있다. 자동차 업계 관계자는 “자동차 부품 협력사까지 고려하면 전기차 전환으로 국내 자동차 산업에서만 30만40만개 일자리가 사라질 수 있다”고 말했다. 국내 자동차 업계는 전기차 전환 계획도 대대적으로 수정해야 할 처지에 몰렸다. 현대차는 당초 전기차 판매 비율을 2035년까지 46로 끌어올릴 계획이었지만 이를 5년은 더 앞당겨야 한다. 기아도 2030년 북미 전기차 판매 비율을 26로 계획했는데 이를 2배 높여야 한다. 그나마 현대차·기아는 전기차 자체 생산이 가능하지만 수출 비율이 높은 한국·르노삼성은 아예 전기차 생산 능력이 없다. 노사 관계 리스크 등을 이유로 해외 본사에서 전기차 생산 계획·물량을 확정해주지 않았기 때문이다. 자동차 업계 관계자는 “·르노는 자국 내 생산을 우선하고 있어 전기차 전략에 한국 공장을 포함하지 않고 있다”고 말했다.
50,서울 용산에 사는 유슬이34씨는 최근 식재료업체 마켓컬리 재사용 보랭백 ‘퍼플 박스’를 구매했다. 식재료를 시킬 때마다 택배 상자 23개를 버리게 돼 마음이 편치 않았는데 재사용 보랭백 방식으로 바꾸자 식재료들이 대형 비닐 봉투 2개에 담겨 왔다. 전에는 택배 상자에서 곧바로 식재료를 꺼내면 됐는데 이제는 새로 비닐 봉투 쓰레기가 생긴 셈이다. 코로나로 택배가 20가량 늘어난 가운데 새벽 배송 업체들이 쓰레기 절감 차원에서 2019년부터 재사용 보랭백을 적극 보급하기 시작했다. 업계를 통틀어 총 30만40만개가 쓰이고 있는 것으로 추산된다. 닷컴은 2019년 6월부터 이달까지 ‘알비백’ 10만개 이상을 보급해 골판지 상자와 아이스팩 등 일회용품 3500만개를 절감했다고 밝혔다. 마켓컬리는 지난 5월 재사용 보랭백 제품인 ‘퍼플 박스’를 론칭했고 쿠팡 ‘로켓 프레시백’과 현대백화점 식품관 ‘투홈백’ 등도 운영 중이다. 재사용 보랭백은 고객이 온라인 배송 주문 당일 밤 문 밖에 보랭백을 내놓으면 이튿날 새벽에 배송 기사가 주문한 식재료를 보랭백에 채워 넣고 가는 방식이 대부분이다. 보랭백은 일반적으로 고객이 구매하거나 보증금을 내고 집에 보관한다. 쿠팡 등 일부는 보랭백 자체를 업체가 회수해 가지만 여러 번 재사용한다는 점에서는 비슷하다. 기존 택배 방식에 비해 폐지 박스가 배출되지 않는 장점이 있다. 인터넷 맘카페 등에는 “박스에서 일일이 비닐 테이프 떼는 번거로움이 사라졌다”는 반응이 많다. 하지만 재사용 보랭백에 식재료를 담을 때 냉동 냉장 실온 등 보관 방식에 따라 대형 비닐 12개에 나눠 담기 때문에 플라스틱 배출이 늘어나는 게 문제다. 예컨대 재사용 보랭백을 100회 사용하면 폐박스 200300개가 절감되지만 대신 비닐백 100200개가 늘어나는 식이다. 비닐백 한가운데 개인 정보가 담긴 송장이 붙으면 가위로 오려낼 경우 비닐 재사용도 쉽지 않다. 업체 관계자는 “십수 가지 식재료를 하나씩 보랭백에 옮겨 담는 것은 제품 파손 위험도 있다”고 했다. 비닐 봉투를 쓰면 배송 과정에도 편리해지는 면이 있다는 것이다. 보랭백이 수명을 다해 폐기되고 나면 소재 자체가 재활용이 쉽지 않은 점도 문제다. 보랭백은 겉감과 안감이 나일론과 겹겹의 합성수지로 이뤄져 물질 재활용이 힘들고 결국 소각·매립해야 한다. 개당 1 무게 보랭백에 쓰인 합성수지 양은 중형 플라스틱 봉투5 200개에 해당한다. 환경운동연합 백나윤 활동가는 “재사용 보랭백이 폐기 소각되는 과정에서 유해 물질이 배출될 수 있으므로 별도의 수거 폐기 체계가 필요하다”고 했다. 자원순환사회연대 김태희 정책국장은 “보랭백은 오랜 기간 사용되면 환경에 긍정적으로 작용할 수 있다”며 “배출 쓰레기 총량을 줄여가는 노력 차원에서도 의미가 있다”고 했다. 보랭백 대체로 종이 소비를 줄이면 벌목으로 인한 산림 파괴와 탄소 배출을 줄일 수 있다는 것이다. 다만 택배 상자는 플라스틱에 비해 재활용률이 높고 일부 펄프를 첨가해주면 다시 택배 상자로 태어난다. 보랭백이 100회 이상 꾸준히 사용되면 환경 보호 효과를 볼 수 있다는 말이 나온다. 마켓컬리 관계자는 “보랭백을 새로 구매하지 않고 가정에서 보유한 보랭백을 사용할 수도 있다”고 했다. ◇‘종이 아이스팩’은 종량제 봉투에 최근 새벽 배송 업체들은 “종이 재질 아이스팩은 친환경” “종이 재질 비닐 테이프는 상자에 붙여 배출해도 된다”고 홍보하지만 실제론 종이에 플라스틱이 얇게 코팅된 경우가 대부분이다. 한국폐기물협회 박하연 분리배출팀장은 “복합 재질은 재활용 공정에 끼어들어 악영향을 끼칠 수 있다”고 했다. 제지 업체 기술로 복합 재질을 걸러내지만 과도하면 골판지 원료 품질을 떨어뜨릴 수 있어 현재로선 종량제 봉투에 버리는 게 최선이라는 얘기다.
51,그러니까 친환경이 뭔가요 조지나 윌슨 파월 지음｜서지희 옮김｜문예춘추사｜224쪽｜1만4800원 ‘극한의 여름’이다. 시베리아 동토凍土가 녹아내리며 산불이 동시다발했다. 북유럽과 캐나다에서도 기상관측 이래 최고 온도까지 오르며 폭염 사망자가 속출한다. 세계보건기구는 올여름 기상이변은 일시적 현상이 아니라 기후변화가 일으킨 자연재해라고 발표했다. 세계 탄소 배출량은 1950년대 이후 640나 치솟았다. 지구온난화는 강 건너 불 구경이 아니다. 이 책은 그래서 더 눈길을 붙잡는다. 지속 가능한 온라인 잡지 ‘페블’을 만든 저자는 “과잉 소비는 지구의 자원들을 남용하게 만들고 있으며 처참한 결과를 초래할 것”이라고 경고한다. 우리도 환경을 걱정하지만 현실에선 모순 덩어리다. 날마다 사용하는 휴지도 환경을 파괴한다. 두루마리 휴지 하나를 생산하는 데 물 168ℓ가 필요하다. 비데를 사용하면 낭비를 최소한으로 줄일 수 있다. 손 설거지와 식기 세척기부터 탄소 발자국을 고려해야 할 음식과 음료 친환경 쇼핑까지 흥미롭게 읽힌다.
52,안경테와 치아 교정기 브래지어에 쓰이던 형상기억합금이 온실가스를 사용하지 않는 친환경 에어컨을 만들었다. 무게가 가볍고 부품이 크게 줄어 가정이나 사무실은 물론 전기자동차의 과열된 배터리를 식히는 데에도 유용될 것으로 기대된다. 영국 경제전문지 이코노미스트는 지난 24일 “아일랜드 더블린의 신생 벤처기업인 엑서진이 기체 냉매 대신 형상기억합금을 이용하는 에어컨을 개발했다”고 밝혔다. 이코노미스트에 따르면 엑서진은 지난 2년간 냉난방 전문 다국적 기업인 캐리어와 공동 연구를 진행한 끝에 아파트 1520가구에 냉방을 제공할 수 있는 60킬로와트급 에어컨을 개발했다. 최근에는 자동차 제조사와 항공 업체와도 공동 개발 논의를 하고 있다. 소형 전기항공기나 전기자동차 내부의 냉방과 함께 과열된 배터리를 식히는 데 신형 에어컨을 적용하겠다는 것이다. 냉매는 실내의 열을 흡수해 밖으로 배출하는 물질이다. 에어컨이나 냉장고에는 원래 냉매로 염화불화탄소를 썼다. 미국 화학회사 듀폰의 상표명인 프레온으로 잘 알려진 물질이다. 프레온은 지구의 오존층을 파괴한다고 밝혀져 1990년대 중반부터 수소화불화탄소로 대체됐다. 하지만 이 역시 온난화 효과가 이산화탄소보다 수백 배 높다는 문제가 있다. 최근 온난화 문제가 없는 새로운 냉매가 개발됐지만 고가이고 불이 잘 붙는 단점이 있다. 엑서진은 염화불화탄소 대신 니티놀이란 형상기억합금을 냉매로 이용했다. 1960년대 미국 해군연구소가 니켈과 티타늄을 합쳐서 만든 합금이다. 형상기억합금은 외부에서 힘을 줘 압축하면 열을 내고 반대로 열을 흡수하면 원래 형태로 돌아온다. 형상기억합금이 들어간 안경테와 브래지어 치아교정기가 체온을 받으면 제모양을 찾는 것도 이 때문이다. 허블 우주망원경이 우주로 나가면서 태양전지판이 펴진 것도 형상기억합금 덕분이다. 엑서진 연구진은 4㎠ 면적의 형상기억합금 판을 50장씩 쌓았다. 전체 냉매는 이런 묶음 네 개로 구성된다. 형상기억합금 사이로는 열을 전달하는 기체나 액체가 지나간다. 완전 압축된 형상기억합금은 유체의 열을 흡수하면서 팽창한다. 덕분에 실내 온도는 떨어진다. 나중에 형상기억합금을 압축하면 에어컨 실외기처럼 이전에 흡수한 열이 나와 외부로 빠져나간다. 엑서진은 형상기억합금 에어컨은 부품 수가 적어 기존 에어컨보다 가볍다고 밝혔다. 그만큼 고층 아파트에 설치가 쉬우며 구매 가격도 지금보다 낮을 것이라고 밝혔다. 냉방비 역시 3040 저렴할 것으로 예측됐다. 상용화까지는 몇 년 더 걸릴 것으로 예상되지만 성공하면 온난화 방지는 물론 냉방비 절감에도 큰 도움을 줄 것으로 기대된다.
53,포항에는 100여년 동안 도심 한 가운데를 가로지르는 철길이 있었다. 시민들의 추억과 애환이 서린 ‘동해남부선東海南部線’ 포항 구간이다. 옛 보릿고개 시절 해외에서 지원한 곡물을 실어오던 이 철길을 따라 포항제철소로 출근하는 ‘산업역군’을 태운 국내유일의 기업 통근열차가 다녔고 한때 해병대 입대 장병과 월남 파병 부대가 탄 입영열차도 다녔다. 반면에 기차가 수시로 다니다 보니 주택과 인근 지역은 개발이 더뎌 상대적으로 낙후됐다. 지난 2015년 포항에 가 새로 개통된 후 포항역이 시 외곽으로 옮겨가면서 이 철길은 역사의 뒤안길이 됐다. 쓸모없던 폐철도 활용 방안을 고민하던 포항시는 전문가 등을 통해 ‘새로운 생명을 불어넣는 사업’을 구상했다. 그 결과물이 바로 포항 ‘철길숲’이다. 도시를 남북으로 나누며 단절시켰던 철길을 ‘연결 통로’로 만들어 시민들에게 쾌적한 여가 공간 운동과 휴식의 장소로 돌려주는 사업이다. 철길숲은 우현동구 포항역효자시장까지 포항 도심을 가로지르는 6.6㎞ 구간 12만㎡에 이른다. 철길을 따라 140여 수종 23만 그루의 다양한 꽃과 나무를 심었고 산책로와 자전거길도 만들었다. 천연가스에 불꽃이 붙은 ‘불의 정원’을 비롯해 음악분수와 조명 간이역을 형상화한 벤치와 운동기구 등 편의시설도 설치했다. 쓸모없던 폐철도를 공원화한 것이다. 쓸모없던 폐철도를 공원화한 후 포항 도심의 녹지가 눈에 띄게 울창해졌다. 포항시는 2017년부터 매년 200만 그루씩 나무를 심기 시작해 지난해까지 958만 그루를 심었다. 시는 2027년까지 ’2000만 그루 나무심기 캠페인을 추진 중이다. 시가 최근 5년간 공들인 결과는 뚜렷한 결실로 나타났다. 축구장 38개 면적에 맞먹는 27만5720㎡의 녹지가 새로 생겼다. 회색빛 철강도시 이미지가 강했던 포항시가 불과 몇 년 사이 도심 속 녹색벨트를 확충하면서 친환경 녹색 생태도시로 변모하고 있는 것이다. 매일 두 차례 철길숲에서 산책하는 황정자63·북구 우현동씨는 “이젠 이웃 사람들을 만날 수 있는 사랑방이자 힐링공간이 된 철길숲은 일상 생활의 일부분이 됐다”고 했다. 포항시에 따르면 철길숲을 통해 도보와 자전거로 출퇴근을 하고 산책을 즐기는 사람이 해마다 연인원 1000만 명을 넘는다. 평일과 주말 하루 평균 3만5만 명이 꾸준하게 이용하고 있다. 철길숲에서 10분 거리에 있는 인구가 포항시 전체의 43인 21만 명에 달해 접근성이 높은 것도 성공 요인으로 꼽힌다. 사람이 몰리니 자연스럽게 도시재생의 물꼬가 트이고 있다. 철길숲을 따라 노후주택과 지저분한 공터가 깔끔한 외관의 카페와 식당으로 변했다. 골목상권도 활기를 띠고 있다. 최근 철길숲 인근에 치킨집을 개업한 박찬흠27 매니저는 “따로 홍보를 하지 않았는데 철길숲을 지나던 행인들로 가게 매출이 크게 오르고 있다”며 “코로나로 침체된 경제 상황임에도 철길숲 덕을 톡톡히 보고 있다”고 말했다. 포항시는 해도동 등 철강공단과 가까운 지역을 중심으로 미세먼지를 차단하고 공해물질을 저감할 ‘미세먼지 차단 거점 도시숲’도 차례로 조성하고 있다. 철길숲은 산림청 주관 ‘대한민국 녹색도시 전국 1위최우수상’ 등 최근 2년 동안 전국단위 녹색도시 평가에서 6관왕을 수상하면서 ‘한국형 그린뉴딜’의 성공모델임을 인정받고 있다. 포항시는 철길숲 해도숲 등 거점 도시숲을 대상으로 ‘탄소배출권거래제’ 등록을 추진해 세계적 이슈인 탄소중립에 대응하는 계획도 세웠다. 탄소배출권거래제는 온실가스 배출 기업에 연간 정해진 배출량을 할당하고 부족분이나 초과분에 대해 거래를 허용하는 제도다. 도시숲을 배출권 거래 제도에 등록해 실적을 올릴 경우 거래소를 통해 배출권이 필요한 기업체에 판매가 가능해 부가 수익 창출도 기대된다. 포항시의 도시숲 조성사업이 대표적 모범사례가 되면서 철길숲을 견학하려는 국내외 발길도 이어지고 있다. 현재까지 러시아 극동개발부 장관과 극동 13개 주지사 일본 조에츠시 의정회 등 해외기관을 비롯해 경기 평택시 울산시 전북 군산시 등 80여 개 기관 6000여명이 벤치마킹을 위해 철길숲을 다녀갔다. 철길숲은 현재 진행형이다. 현재 기존 효자시장에서 형산강 인근 유강까지 2.7㎞ 구간이 연장되는 공사가 한창이다. 여기에다 올해 안으로 연일상생인도교까지 연결되면 도시 녹지 공간은 더욱 늘어나게 된다. 시는 ‘그린웨이 프로젝트’를 산과 바다를 함께 보유하고 있는 자연·지리적 도시 특성을 살려 도심센트럴·바다오션·산림에코 3개 분야로 나눠 추진하고 있다. 철길숲을 비롯해 미세먼지저감 도시숲 해안둘레길 도심하천복원 형산강 마리나 용한 서퍼비치 자연휴양림 산림욕장 상생숲길 등 도심과 바다 산림을 활용한 다양한 사업들이다. 포항시는 그린웨이 사업으로 지난 5년간 약 1조원의 경제적 효과를 거둔 것으로 분석하고 있다. 도시숲이 흡수한 이산화탄소와 배출한 산소량 해안둘레길과 산림욕장 등을 찾은 여행객과 소비액 등을 모두 경제적으로 환산한 것이다. 포항시는 1990년대에 악취와 모기 쓰레기 등의 오염을 막기 위해 콘크리트 인공시설물로 덮개를 씌웠던복개 도심하천도 생태하천으로 복원하는 사업을 본격적으로 추진하고 있다. 우선 학산천 복원을 시작으로 도심지 내에 복개된 양학천 칠성천 두호천 등 4개 하천을 순차적으로 복원해 철길숲과 연결함으로써 수변도시 조성에 나서기로 했다. 북구 우현동 일원 아치골에서 시작해 동빈내항 바다로 흐르는 2.3㎞ 소하천인 학산천 생태하천 복원사업은 지난해 착공되면서 첫 시작을 알렸다. 2023년 6월 완공 예정으로 394억원이 투입되는 이 사업에는 산책로와 물고기 관찰마당 등 자연친화형 친수공간으로 조성된다. 이어 양학천·칠성천·두호천 복원사업도 순차적으로 추진해 갇혀버린 도심물길을 되살려 숲길과 물길이 조화를 이루는 녹색 생태도시로 만들어 간다는 계획이다. 그린웨이 사업이 성과를 나타내자 포항시는 지난 4월 ‘환경 드림시티 포항’ 선포를 통해 비전의 폭을 더욱 넓히고 있다. 당시 포항시는 2017년 기준 3700만의 온실가스 배출량을 2030년 25 2040년 55 감축하고 2050년 말 탄소중립을 실현한다는 구상을 내놨다. 이강덕 포항시장은 “깨끗한 공기 푸른 도심 맑은 물은 모든 시민이 염원하는 절대적 가치인 만큼 한 치도 소홀히 할 수 없다”며 “자연친화적 녹색공간을 지속적으로 확충해 시민들이 여유로운 삶을 누릴 수 있는 친환경 생태문화도시로 거듭날 수 있도록 최선의 노력을 하겠다”고 말했다.
54,환경을 위해서는 인식개선이 필수 친환경 인식개선에 앞장서는 기업들  01 마스크 착용의 일상화와 배달 수요의 증가로 우리는 더 많은 일회용품을 사용하게 되었습니다. 일회용품의 주된 재질인 플라스틱의 국내 하루 평균 발생량은 코로나 이전보다 무려 15 증가한 848톤에 달한다고 하는데요.  02 한 설문에 따르면 초등학생의 93가 이러한 환경 문제의 심각성을 느끼고 있으며 환경보호를 위해 필요한 것으로는 ‘사람들의 인식’ 68 이라고 답했습니다.  03 이러한 아이들의 응답에 부끄럽지 않게 어른들이 솔선수범하는 모습을 보이는 것이 중요하겠죠 그래서인지 최근 기업들이 앞장서 환경보호 및 환경에 대한 사람들의 인식개선을 위해 노력하고 있다고 합니다.  04 대한통운은 7월 7일 투썸플레이스 락앤락과 ‘탄소 협의체’ 업무협약을 맺고 두 사업장에서 나온 폐플라스틱과 일회용 컵을 수거해 업사이클링 제품을 만드는 사업을 추진한다고 밝혔습니다.  05 부산은행은 환경 보호를 위한 생활 속 작은 실천의 일환으로 플라스틱 컵을 수거해 업사이클링으로 친환경 인형 에코백 등을 만들어 지역 아동에게 기부하는 ‘리플 캠페인 ’을 실시합니다.  06 는 해양환경공단과 동아시아 바다공동체 오션과 업무협약을 체결하며 해양생태계 보호 활동에 나섰는데요. 2021년 말까지 실태조사를 시행하고 총 14회에 걸쳐 해변과 수중 쓰레기 제거 활동을 진행 예정입니다.  07 한편 는 복합문화공간 상상마당을 통해 업사이클링 제품 팝업 스토어와 친환경 인식개선을 위한 전시회 프로그램 등을 진행하며 많은 이들에게 환경보호에 대한 메시지를 전달하였습니다.  08 는 친환경 경영에 발맞춰 해변정화활동 등 다양한 환경보호 활동뿐만 아니라 사람들의 환경문제 인식을 위해 아낌없는 노력을 이어갈 방침입니다.  09 친환경 선두주자들의 노력과 많은 이들의 동참으로 ‘자연과 인간이 함께하는 건강한 세상’이 오기를 희망합니다. 
55,21일 새벽 끝난 지난 주 월가 증시에서 한 주간 다우지수는 1.1 500은 0.6 나스닥은 0.7 하락했습니다. 10년 만기 국채 금리는 지난 20일 연 1.26를 기록했습니다. 서부텍사스유는 배럴당 62.14달러에 거래돼 한 주간 9 가까이 떨어졌습니다. 오전 8시 유튜브를 통해 생방송 된 ‘방현철 박사의 월스트리트’에서는 이번 주 주목해 봐야 할 월스트리트의 세 가지 포인트로 ‘델타 변이가 테이퍼링 늦추나’ ‘100 넘게 오른 월가 주식 4개’ ‘차량용 반도체 공급 부족 언제까지’를 꼽았습니다. 27일 온라인으로 생중계될 파월 미 연준 의장의 잭슨홀 컨퍼런스 연설에서 파월 의장이 테이퍼링 시기와 규모에 대한 논의 진행 상황에 대한 ‘힌트’를 주지 않을까 기대가 있습니다. 조선일보가 마련한 ‘방현철 박사의 월스트리트’는 경제부 차장이자 경제학 박사인 방현철 기자가 글로벌 경제의 신호등이자 알람 시계 역할을 하는 월스트리트의 시황을 증시 전문가들과 함께 매일 오전 8시 세 가지 포인트로 정리해서 전해 드리는 유튜브 방송입니다. 함께 즐겨 주시고 ‘좋아요’ ‘구독’ 부탁드립니다. ◇ 델타 변이가 테이퍼링 늦추나 전세계 중앙은행 총재들이 정책 토론을 위해 모이는 잭슨홀 심포지엄이 작년에 이어 올해도 비대면 방식으로 열리게 됐습니다. 이 행사를 주최하는 캔자스시티연방준비은행은 지난 20일 코로나 리스크로 인해 와이오밍주 잭슨홀에서 2628일 대면 방식으로 열기로 했던 심포지엄을 비대면으로 전환해 27일 개최한다고 발표했습니다. 앞서 미 연준은 이 행사 중 27일로 예정된 제롬 파월 의장의 연설은 온라인으로 진행하겠다고 밝히기도 했습니다. 월가는 파월 의장이 현재 미 연준 내에서 진행되고 있는 테이퍼링 논의 상황을 얘기할 것으로 전망하면서 주목하고 있습니다. 테이퍼링 즉 자산 매입 축소에 대한 계획은 아직 연준 내에서 합의에 도달하지는 않았습니다. 다만 지난 18일 공개된 7월 연방공개시장위원회 의사록에선 “대부분의 참석자들은 경제가 예상대로 광범위하게 진전한다면 올해 자산 매입의 속도를 줄이기 시작하는 게 적절할 수 있다고 판단했다”는 내용이 나오면서 시장이 흔들렸습니다. 월가에서 다수는 테이퍼링이 내년에 시작될 것이라고 전망하고 있었는데 거꾸로 연준 내에선 올해 시작하자는 의견이 다수인 게 처음 알려졌기 때문입니다. 그러나 아직 시작 시기는 유동적입니다. 미 연준은 작년 코로나 위기로 3월에 제로 금리 정책을 펴면서 국채 등 7000억 달러 규모의 채권을 매입한다고 했고 6월부터는 매달 1200억 달러의 채권을 시장에서 매입하고 있습니다. 국채가 800억 달러 부동산 관련 채권인 모기지저당증권가 400억 달러입니다. 테이퍼링은 이 같은 채권 매입 규모를 조금씩 줄여가는 것입니다. 그런데 델타 변이 확산이 이런 연준 내 분위기를 바꿀 수 있다는 의견도 나옵니다. 로버트 카플란 댈러스연방준비은행 총재는 지난 20일 폭스 비즈니스 네트워크와 인터뷰에서 “델타 변이의 확산이 경제 성장을 늦춘다면 테이퍼링을 빨리 시작하자는 자신의 주장을 다시 생각할 수 있다”고 했습니다. 카플란 총재는 테이퍼링을 빨리 하자고 주장하는 연준 내 세력인 매파의 대표적인 인물입니다. 그는 앞서 연준이 9월에 테이퍼링을 선언하고 10월에 시작해야 한다고 했습니다. 그런데 입장을 바꿀 수 있다는 태도를 보인 것입니다. 델타 변이 확산이 경제 성장이나 증시에는 큰 영향을 미치지 않는다는 의견이 월가에서 다수였지만 최근 변화의 움직임도 보입니다. 골드만삭스는 최근 델타 변이 확산 등을 이유로 3분기 성장률 전망을 9에서 5.5로 낮췄습니다. 이런 상황에서 오는 27일 온라인으로 생중계될 파월 의장의 잭슨홀 컨퍼런스 연설을 주목할 필요가 있습니다. 파월 의장이 뭔가 결정 내용을 설명할 수는 없겠지만 테이퍼링 시기와 규모에 대한 논의 진행 상황에 대한 ‘힌트’를 주지 않을까 기대하는 것입니다. ◇ 100 넘게 오른 월가 주식 4개 올 들어 현재까지 100 넘게 오른 500 주식은 4개 뿐입니다. 가장 많이 오른 주식은 코로나 백신을 개발한 제약업체 모더나입니다. 올 들어 267 올랐습니다. 8월 초 주당 484달러로 사상 최고점을 찍은 후 최근에는 380달러 선에서 움직이고 있습니다. 모더나는 지난 7월21일 500에 포함된 신참 주식입니다. 다음으로는 최근 배스 앤드 바디 웍스로 회사 이름을 바꾼 생활용품 회사인 옛 브랜즈입니다. 올 들어 주가 상승률은 120입니다. 이 회사는 상반기 주가 상승률이 94로 500 상반기 주가 상승 기업 톱10 중 3위를 기록했는데 상승세가 계속 이어지고 있습니다. 나머지 2개 회사는 바이든 행정부의 인프라 투자 계획의 수혜주로 꼽히는 철강 회사 누코와 사이버 보안 기업 포티넷입니다. 누코는 올 들어 119 올랐고 포티넷은 101 올랐습니다. 누코도 상반기 주가 상승률이 80로 500 주가 상승 톱10 중 7위에 올랐었습니다. 포티넷은 미국에서 지난 5월 최대 송유관 회사 해킹 등의 이슈가 불거지면서 사이버 보안에 대한 관심이 높아져 따라서 주가도 상승 행진을 하고 있습니다. 이 4개 기업 중 특히 모더나는 월가에서 이 정도로 주가가 상승할 지 몰랐다는 반응이 많습니다. 모더나는 이미 작년에 434 올랐고 코로나 백신 이외에는 특별히 주목할만한 신약 개발이 아직은 확실하게 보이지 않기 때문에 더 오르기는 힘들지 않냐는 평가가 많았습니다. 또 다른 코로나 백신 업체이자 백신 외에도 다양한 신약을 개발하는 화이자는 올 들어 32 올랐습니다. 뱅크오브아메리카는 “모더나의 주가 상승을 정당화하려면 현재 진행되고 있는 모든 신약 개발이 100 성공해야 한다”며 ‘언더퍼폼시장수익률 하회’ 투자 의견을 내고 있습니다. 자산운용사인 오펜하이머 등은 “내년까지는 매출을 유지할 지 모르나 그 후 24년 동안은 매출과 이익이 줄어들 것”이라며 투자 의견을 최근 ‘중립’으로 낮추기도 했습니다. 하지만 미국 정부가 부스터 샷을 놓기로 하는 등 코로나 백신 수요가 늘어날 것이란 전망도 있습니다. 모더나는 올 상반기 코로나 백신 매출이 59억 달러인데 앞으로 이미 120억 달러의 주문을 받아 놨고 여기에 각국 정부가 80억 달러 어치를 추가로 더 살 수 있다는 옵션도 걸려 있습니다. 그런데 올 들어 이제까지 주가가 100 상승한 기업 중 한 곳도 한국인의 순매수 톱10 순위에 들어가 있지 않습니다. 올 들어 현재까지 한국인의 미국 주식 시장 순매수 톱 10은 테슬라 애플 대만 기업이지만 미국 상장 주식 매수 팔란티어데이터 분석 기업 루시드전기차 업체 500 알파벳구글 나스닥 100 유니티소프트웨어 로블록스메타버스 게임 업체 등이었습니다. 이들 중 대표적인 업체의 올 들어 현재까지 주가 등락률을 보면 테슬라는 3.6로 하락했지만 애플은 11.7 알파벳은 56.8 상승했습니다. 지수를 보면 500은 18 나스닥 100은 17 상승했습니다. 참고로 한국의 대표지수인 코스피는 올 들어 6.5 올랐고 코스닥은 0.05 하락했습니다. ◇ 차량용 반도체 공급 부족 언제까지 차량용 반도체 공급 부족이 향후 미국 자동차 산업의 핵심 이슈가 되고 있습니다. 바이든 대통령은 8월 초 2030년까지 신차의 50를 친환경차로 생산하겠다는 계획을 발표했지만 이를 위해선 차량용 반도체 공급부족을 해결해야 합니다. 전자부품은 어느새 자동차 제조원가의 40를 차지할 정도로 중요도가 높아졌고 차량용 반도체는 자동차의 핵심 부품이 됐습니다. 전기차를 필두로 자동차의 성능이 급격히 향상되면서 자동차가 필요로 하는 반도체칩 수요가 폭발적으로 증가하였는데 늘어난 수요를 공급이 따라가지 못하면서 자동차 생산 차질이 이어지고 있습니다. 미국의 3대 완성차 업체 중 하나인 은 2분기46월 실적 발표에서 차량용 반도체 공급 부족으로 인해 현재 수익성이 가장 높은 픽업트럭 3개 라인의 가동을 일시 중단한다고 발표했습니다. 그 발표 이후 주가는 급락했습니다. 은 그 동안 3분기부터 차량용 반도체 공급이 정상화되어 공장을 100 가동할 것이라고 이야기해왔기 때문에 이번 발표는 시장에 충격을 줬습니다. 경쟁사인 스텔란티스 도요타도 감산을 발표할 정도로 현재 차량용 반도체 공급 부족은 심각한 것으로 판단됩니다. 미국 텍사스 인스트루먼트 독일의 인피니온 네덜란드 등 차량용 반도체 제조기업들이 소수에 불과합니다. 또 반도체 위탁 생산을 하는 파운드리 기업들의 새로운 공장들은 2023년말 또는 2024년 가동 예정이라는 점을 고려할 때 차량용 반도체 공급 부족 현상이 단기간에 완화되기는 어려울 전망입니다. 여기에 새로운 이슈들이 터져 나오고 있습니다. 여전히 진행 중인 미중 무역갈등은 양국간의 복잡한 관세로 반도체 공장 투자를 지연시키고 있습니다. 최근 델타 변이마저 확산되면서 글로벌 부품 공급망에 어려움이 가중되고 있는 상황입니다. 친환경차 분야에서 미국과 경쟁하고 있는 중국은 자체 공급망을 통해 친환경차 생산에 더욱 박차를 가하고 있습니다. 반면 이런 상황에서 미국은 배터리 차량용 반도체 수급에 어려움을 겪고 있는 것입니다. 이런 가운데 미국의 인텔이 인수를 추진하던 글로벌 파운드리가 기업공개를 추진한다는 뉴스가 보도됐습니다. 미국과 관련없이 독자노선을 가겠다는 것이며 차량용 반도체 수급면에서 미국에는 불리한 뉴스입니다. 친환경차 수요가 늘어날수록 차량용 반도체는 더욱 주목받게 될 것입니다. 미국이 차량용 반도체 공급 부족 문제를 어떻게 해결해갈지가 향후 미국 경제 주식시장에 중요한 관전 포인트가 될 것입니다. 이제 월스트리트의 세 가지 포인트를 한줄평으로 요악해 보겠습니다. 첫째 월가는 제롬 파월 미 연준 의장이 잭슨홀 심포지엄에서 테이퍼링과 관련해 어떤 말을 할 지 주목하고 있습니다. 테이퍼링 시작 시기에 대한 관심이 높은데 델타 변이 확산이 변수가 될 수 있다는 말이 나옵니다. 당장 확답이 나오기는 어렵지만 그래도 주목해 봐야겠습니다. 둘째 미국 증시에서 주가 상승률이 100 넘은 주식 중 한국인이 가장 많이 순매수한 주식 10개는 들어 있지 않습니다. 주가 상승률을 사전에 점치기는 거의 불가능합니다. 실적이 좋게 나올 종목을 찾아 분산 투자로 리스크를 나누라는 투자 대가들의 조언이 다시 생각납니다. 셋째 차량용 반도체 공급 부족이 미국 자동차 산업 성장의 발목을 잡고 있습니다. 바이든 행정부는 2030년까지 신차의 50를 친환경차로 한다고 했습니다. 친환경차 산업에 투자 하려면 미국이 차량용 반도체 공급 부족 문제를 어떻게 해결해 나갈지 잘 살펴봐야 하겠습니다.
56,천지일보황해연 기자 가 ‘프레딧 그린캠페인’과 참여형 기부 사이트 ‘프레딧 착한습관’에 이은 세 번째 고객 참여형 이벤트 ‘떼라벨’을 진행한다고 23일 밝혔다. 이번 캠페인은 자원 재활용의 중요성을 환기하고 생활 속 실천을 장려하기 위해 기획했다. 떼라벨은 ‘떼다’와 ‘라벨’이 합쳐진 단어로 라벨 분리배출을 강조하는 직관적 메시지를 담았다. 참여 방법은 제품 구매 후 라벨 후면에 새겨진 친환경 문구를 촬영해 필수 해시태그와 함께 개인 인스타그램에 업로드하면 된다. 프로모션 품목은 ▲마시는 프로바이오틱스 3종 ▲떠먹는 프로바이오틱스 4종 ▲내추럴플랜 우유 2종 ▲얼려먹는 야쿠르트 샤인머스캣 등이다. 해당 제품들은 접착제가 사용되지 않는 수축 포장 방식으로 분리가 용이하다. 절취선을 따라 라벨은 비닐로 용기는 플라스틱으로 분리수거하면 된다. 추첨을 통해 아이패드 프로와 애플워치 헬리녹스 체어원이 각각 증정된다. 당첨되지 않은 참가자 전원에게는 프레딧 할인쿠폰이 지급된다. 는 해당 제품들이 판매량이 높은 만큼 자원 재활용 효과가 클 것으로 기대하고 있다. 실제 브랜드별 연간 판매 수량을 합치면 3억 3000만병에 이른다. 단순 환산 시 2921 용기에 대한 리사이클링 효과를 높일 수 있다. 김일곤 유제품 팀장은 “떼라벨 캠페인은 플라스틱 분리배출을 자연스럽게 실천할 수 있도록 기획한 친환경 이벤트”라며 “친환경 소재 개발 등 ‘필必 환경’ 경영을 추구하며 기업의 사회적 책임을 다할 계획”이라고 말했다. 
57,안전성 확보 고급메뉴 인기 군민 소득 증대 정책 결실 천지일보 신안김미정 기자 전남 신안군이 민선 7기 들어 군민의 소득 증대를 위해 정책적으로 추진한 프로젝트가 결실을 맺고 있다. 신안군 청정 갯벌에서 자란 친환경 ‘신안1004굴’이 신세계그룹 식품 계열사인 신세계푸드에 출하돼 소비자들의 입맛을 사로잡고 있다. 특히 신세계푸드가 서울 서초동 신세계백화점 강남점 대전점에서 운영 중인 레스토랑 ‘베키아에누보’에 공급 메뉴로 제공되며 인기를 끌고 있다. 신안군은 지난 2019년부터 개체 굴 연구사업을 통해 개채 굴 종자 생산에서 출하까지 양식산업화 시스템을 구축 7개소의 시범양식장을 운영 중이다. 출하 시기에 맞춰 개체 굴 전용 자동세척과 선별 포장 레이저 각인 해감 시설 등 유통기반시설도 완벽하게 갖췄다. 특히 안전성 확보를 위해 출하 전 노로바이러스와 비브리오 대장균 중금속 등 검사를 철저하게 시행해 안전하고 위생적인 개체 굴을 출하하고 있다. ‘신안1004굴’은 갯벌에서 노출 식으로 양식돼 맛과 풍미 식감이 뛰어나고 생식소가 발달하지 않아 연중 이용할 수 있으며 여름철에도 먹을 수 있어 소비자들에게 큰 호응을 얻고 있다. 또 국내 시장에 판매되는 일반 굴보다 10배가량 높은 가격으로 거래돼 가격 경쟁력이 높고 장기간 보관이 가능한 강점 등 수하식 굴과 차별화로 양식 어가의 새로운 소득원으로 자리를 잡을 것으로 보인다. 박우량 신안군수는 “신안1004굴이 신세계푸드에서 상품의 우수성을 인정받아 출하하고 있다”며 브랜드 가치를 높여 프리미엄 개체 굴 생산과 유통의 메카로 비상할 뿐만 아니라 향후 중국 일본 홍콩과 유럽지역 등에 대한 수출도 추진할 계획”이라고 말했다. 한편 신안군은 청년 일자리 창출을 통한 ‘청년이 돌아오는 1004섬’ 정책도 탄력을 받을 것으로 예상하는 등 다양한 시너지 효과를 거둘 것으로 보고 있다. 
58,노스페이스 내셔널지오그래픽 커버낫에 공급 세대 고객으로 둔 패션브랜드들 친환경 섬유 찾아 천지일보이우혁 기자 효성티앤씨의 재활용 섬유 ‘리젠서울®’이 최근 친환경 바람이 부는 국내 아웃도어 및 패션 브랜드로부터 러브콜을 받고 있다. 효성티앤씨는 7월부터 212021년 가을 겨울 제품용으로 세대는 물론 전 연령대로부터 사랑 받아온 브랜드인 노스페이스와 세대에게 주목받는 내셔널지오그래픽 커버낫에 리젠서울을 공급한다. 세 브랜드는 89월에 리젠서울이 적용된 친환경 관련 신상품을 출시할 예정이다. 최근 젊은 층을 대상으로 하는 브랜드들이 리젠서울을 찾는 이유는 세대의 친환경 ‘가치소비’ 트렌드에 맞추기 위해서인 것으로 풀이된다. 노스페이스 내셔널지오그래픽 커버낫 외에도 여러 패션브랜드들이 리젠서울 공급을 요청했다. 리젠서울은 금천구 영등포구 강남구 등 서울 곳곳에서 수거된 폐페트병을 재활용해 만든 섬유다. 효성티앤씨는 협업하는 브랜드들에게 섬유를 공급하는 것을 넘어서 세대를 겨냥한 온·오프라인 홍보도 함께 한다. 인스타그램에 리젠서울로 만든 다양한 의류를 공유하며 소비자와 지속적으로 소통할 예정이다. 김용섭 효성티앤씨 대표는 “최근 친환경 패션이 급부상하면서 많은 브랜드들의 협업 요청이 쇄도하고 있다”면서 “친환경 의식을 가진 브랜드들과 함께 국내 친환경 패션 시장 저변을 확대해나가겠다”며 추후 협업 의지를 밝혔다. 한편 효성티앤씨는 리젠서울 외에도 제주도와 바다에서 수거한 폐페트병을 재활용해 만든 ‘리젠제주®’와 ‘리젠오션®’ 등 다양한 지역의 플라스틱을 섬유로 재탄생시키고 있다. 
59,천지일보정다준 기자 화학이 석유화학 분야 친환경 소재 육성을 위해 대규모 국내 투자에 나선다고 19일 밝혔다. 고부가 사업 및 친환경 소재 중심으로 사업구조를 본격 전환하기 위해서다. 화학은 2028년까지 총 2조 6000억원을 투자해 충남 대산공장에 생분해성 및 태양광 필름용 등 총 10개의 공장을 신설한다고 19일 밝혔다. 는 농업용·일회용 필름 등에 사용돼 자연에서 산소 열 빛과 효소 반응으로 빠르게 분해되는 제품이다. 는 화학 고유의 메탈로센 촉매를 사용해 고무와 플라스틱의 성질을 모두 가진 고부가 합성수지. 태양광 필름 자동차용 범퍼 소재 신발의 충격 흡수층 전선 케이블 피복재 등에 사용된다. 화학은 올해 및 공장 착공을 시작으로 대산사업장을 2028년까지 바이오 기반 원료 생산부터 친환경 소재 폐플라스틱 재활용 온실가스 저감 등 기반 사업의 메카로 육성할 계획이다. 연내 착공되는 공장은 연산 5만톤 공장은 연산 10만톤 규모로 건설될 예정이며 두 공장 모두 2024년 상업생산을 목표로 한다. 이로 인한 매출 증대 효과는 연간 약 4700억원 이상으로 기대된다. 업계에 따르면 와 는 트렌드에 따른 썩는 플라스틱 수요 증가 및 신재생에너지 보급 확대 등으로 2025년까지 연평균 30 수준의 고성장을 이어갈 것으로 전망되고 있다. 는 자연에서 빠르게 분해되는 생분해성수지로 폐플라스틱 등 환경문제 해결에 큰 도움이 될 것으로 기대되고 있으며 는 절연성과 수분 차단성이 높고 발전 효율이 우수해 태양광 패널 보호 및 전력 손실을 최소화하는 필름용 수요가 급격히 증가하고 있다. 의 경우 화학은 현재 대산에 연산 28만톤 규모의 공장을 보유하고 있으며 이번 10만톤 증설이 완료되면 생산능력은 총 38만톤으로 확대된다. 이는 생산능력 기준 세계 2위 규모에 달할 것으로 전망된다. 한편 화학은 계획된 투자가 원활하게 추진될 수 있도록 충남도 및 서산시와 투자협약도 체결했다. 이날 행사에는 양승조 충남도지사 맹정호 서산시장 등 지역 주요 인사들과 화학 신학철 부회장이 참석했다. 이번 협약으로 화학은 기존의 대산공장 부지 외 약 79만㎡24만평의 신규 부지를 추가로 확보했으며 신규 공장 설립 및 관련된 친환경 소재·공정 분야 투자에 적극 활용하기로 했다. 화학은 이번 투자로 약 400여명의 직접 고용 창출 효과가 기대되며 지역 경제 활성화에도 적극 기여하겠다고 밝혔다. 이날 협약식에서 양승조 충남도지사는 “화학이 더 많이 성장하고 더 크게 발전해 나아가며 기업과 지역이 함께 상생할 수 있도록 기업하기 좋은 정책을 보다 더 적극 펼치겠다”고 말했다. 신학철 화학 부회장은 “이번 투자협약은 지속가능 성장 전략의 일환이자 친환경 소재 비즈니스의 본격화를 알리는 신호탄”이라며 “충남도 및 서산시와 오랜 동반 관계를 더욱 굳건히 하는 것은 물론 협력 수준을 한단계 더 높여 지속가능한 미래를 향해 함께 성장해 나갈 것”이라고 말했다. 
60,9월까지 친환경·신에너지 스타트업 모집 우수기업에 총 1000만원 상금 전달 예정 천지일보이우혁 기자 에코플랜트가 친환경 분야에 혁신 기술을 가진 스타트업을 발굴하기 위해 ‘ 21’를 모집하고 선발된 스타트업과 피칭 대회인 ‘ 데모데이’를 진행한다고 17일 밝혔다. 에코플랜트는 미래 친환경 유니콘 기업을 육성하기 위해 친환경 및 신재생에너지 분야의 스타트업을 모집하고 메타버스를 통한 가상현실에서 데모데이를 진행할 계획이다. 이번 행사는 환경 영역의 벤처캐피탈파트너가 공동으로 참여해 선정된 스타트업에게 기술개발 협력 및 투자도 진행한다. 에코플랜트와 협업을 희망하거나 투자유치를 희망하는 스타트업은 누구나 지원이 가능하다. 모집 분야는 ▲친환경· 3 100 친환경 등과 ▲신재생에너지수소연료전지 태양광·태양열 등 크게 두 가지다. 주요 평가항목은 에코플랜트와 협업 및 시너지 창출의 가능성을 보는 협업성과 환경·사회·지배구조 성장성 혁신성 등 총 7개 항목이 포함된다. 모집 기간은 오는 17일부터 9월 5일까지며 스타트업 플랫폼인 이노톡에서 접수가 가능하다. 이후 서류와 인터뷰 심사를 거쳐 최종 10개 스타트업을 선발하며 10월 14일에는 데모데이를 통해 상위 3개 스타트업에게 총 1천만원의 상금을 지급할 예정이다. 데모데이는 국내 최고수준의 3 프로그램을 개발하는 스타트업 엔닷라이트와 협업해 메타버스로 진행된다. 선발된 10개 스타트업은 ‘ 21’로 선정된다. 생태계 이해관계자와 사업초기부터 하나의 팀으로 협력하는 오또 플랫폼을 통해 에코플랜트 및 글로벌 파트너사와의 협업 연계 테스트베드 및 공동 연구 기회 전문가 멘토링 등 다양한 협력을 진행할 계획이다. 은 에코플랜트의 국내외 친환경 기업을 발굴하고 투자를 지원하는 조직이다. 에코플랜트는 지난 6월 한국벤처투자가 공모한 ‘2021년 모태펀드 2차 정시 출자사업’ 중 환경부 미래환경 사업 계정에 지원해 최종 선정되기도 했다. 김병권 에코플랜트 센터장은 “친환경 분야의 우수한 스타트업을 발굴해 환경 유니콘 기업 육성을 통한 순환경제 실현을 실천해 나가겠다”며 “청년창업 지원재단인 은행권청년창업재단 디캠프와도 글로벌 기업을 발굴하는 등 앞으로도 다양한 트랙을 통해 우수한 스타트업을 늘려갈 예정”이라고 밝혔다. 
61,천지일보손지아 기자 삼성전자가 11일한국시간 온라인을 통해 진행된 ‘삼성 갤럭시 언팩 2021 2021’에서 더 나은 갤럭시 생태계를 위한 무선사업의 환경 지속가능 비전인 ‘지구를 위한 갤럭시 ’를 발표했다. ‘지구를 위한 갤럭시’는 생산부터 사용 폐기에 이르는 제품 수명 주기와 사업 운영 전반에 걸쳐 보다 지속가능한 미래를 위한 노력에 대한 선언이다. 삼성전자는 오는 2025년까지 달성할 초기 목표도 공개했다. 이를 통해 기후 변화에 대응하고 자원을 재사용·재활용하는 순환경제 실현에 앞장설 방침이다. 우선 2025년까지 모든 갤럭시 신제품에 재활용 소재를 적용한다. 자원 순환을 통한 지속 가능한 발전을 위해 강도 심미성 내구성을 고려한 혁신적인 친환경 소재 개발에 노력하고 있으며 이를 단계적으로 확대해 제품 전반에 접목할 계획이다. 아울러 패키지에서 모든 일회용 플라스틱 소재를 제거하는 노력을 지속한다. 일반적인 제품 패키지에 사용되고 있는 불필요한 요소를 없애고 친환경 소재를 적용해 2025년까지 제품 패키지에서 플라스틱 소재를 제거할 계획이다. 모든 스마트폰 충전기의 대기 전력을 0.005 미만으로 낮춰 대기 전력 제로화도 달성한다. 삼성전자는 에너지 효율을 높이고 전력 소모를 줄이는 에너지 절약 기술을 최우선으로 개발해 왔으며 현재 모든 스마트폰 충전기의 대기 전력을 0.02 수준으로 줄였다. 이는 업계에서 가장 에너지 효율이 높은 것이다. 또한 2025년까지 전 세계 무선사업장에서 발생하는 폐기물의 재활용을 통해 매립 폐기물을 제로화할 예정이다. 삼성전자는 갤럭시 업사이클링 삼성 인증 중고폰 프로그램 보상 판매 프로그램 등을 통해 제품 수명 주기를 최적화하고 제조 공정과 제품 디자인 과정을 개선하며 전세계 전자 폐기물을 줄이기 위해 노력하고 있다. 또 기후 위기 해결을 위한 새로운 방법을 지속적으로 발굴하고 유엔의 지속가능발전목표 달성 가속화를 위해 애쓰고 있다. 이러한 과정을 투명하게 공개하고 다양한 업계 선도업체들과 협력을 통해 전 세계적으로 긍정적인 영향을 확대하기 위해 노력하고 있다. 
62,천지일보조혜리 기자 현대백화점 그룹 계열 패션전문기업 한섬이 재고 의류 등을 활용해 예술작품을 만드는 이색적인 업사이클링 프로젝트를 선보인다. 한섬은 폐기물을 업사이클링해 예술작품으로 탈바꿈시키는 ‘아트업 프로젝트’에 나선다고 22일 밝혔다. 업사이클링은 버려지는 제품이나 소재 등에 새로운 기능과 디자인을 적용해 새제품으로 재탄생시키는 것을 말한다. 한섬의 ‘아트업 프로젝트’는 예술과 업사이클링의 앞 단어 ‘’을 합성한 신조어다. 아티스트작가와의 협업을 통해 수명이 다돼 벌목된 나무나 재고 의류 등 폐기물을 업사이클링 과정을 거쳐 옷걸이 진열대와 같은 인테리어 집기나 예술 작품으로 재탄생시키는 것을 말한다. 한섬 관계자는 “첫번째 아트업 프로젝트로 탄생한 작품들은 최근 문을 연 더한섬하우스 부산점에서 선보이고 있다”며 “디자인 역량을 중시하는 패션전문기업답게 쓸모 없어진 폐기물에 창의적인 디자인 요소를 적용시켜 예술 작품으로 승화시킨 것이 핵심 포인트”라고 설명했다. 한섬은 이번 프로젝트를 위해 전담 인테리어팀이 3개월간 전문 아티스트를 발굴하고 작품 제작에 적합한 소재와 색상의 재고 의류 준비와 더불어 수십여 차례의 작품 구상회의를 진행해 왔다. 이번 아트업 프로젝트 작품은 더한섬하우스 부산점 2층 캐주얼에 배치됐다. 수명이 다되어 벌목된 나무를 행거·테이블·조명 등으로 업사이클링한 임정주 작가의 ‘기능적이지 않은’ 시리즈는 메인 존에서 시스템· 등 주요 캐주얼 브랜드 의류 전시에 활용된다. 벽면엔 한섬의 재고 의류를 조각내 제작한 텍스타일 디자이너 브랜드 ‘파이프콤마’의 직물 작품이 전시됐다. 앞서 한섬은 올해부터 재고 의류를 업사이클링해 친환경 인테리어 마감재섬유 패널로 만드는 ‘탄소 제로0 프로젝트’를 전개하고 있다. 이를 통해 제작한 친환경 인테리어 마감재는 더한섬하우스 부산점의 피팅룸탈의실에 적용됐다. 친환경 인테리어 마감재가 적용된 피팅룸 벽면의 면적은 총 150㎡45평 규모로 여기에는 티셔츠 1만 5000벌 약 3000㎏의 재고 의류가 사용된 셈이라고 회사 측은 설명했다. 한섬은 이번 아트업 프로젝트를 향후 선보일 신규 점포에 적용하는 것을 검토하고 있다. 또 작가와 협업한 ‘업사이클 예술 작품’은 물론 친환경 인테리어 마감재 사용량도 점진적으로 늘려나갈 계획이다. 한섬 관계자는 “앞으로도 국내 패션업계를 선도하는 대표 기업으로서 사회적 책임을 다하기 위해 진정성 있는 친환경 경영 활동 강화에 역량을 집중할 것”이라고 말했다. 
63,천지일보김누리 기자 국민카드사장 이동철가 종로구와 ‘탄소다이어트 친환경 다회용 컵 사업’에 관한 업무 협약을 체결하고 임직원 참여형 ‘환경·사회·지배구조’ 경영 활동에 나선다고 23일 밝혔다. 이번 협약에 따라 종로구는 사업 진행을 위한 다회용 컵 제작과 사업 지원 등의 역할을 맡는다. 국민카드는 다회용 컵 세척과 임직원 사용 장려를 위한 사내 홍보 활동을 펼친다. 다음 달부터 올해 연말까지 진행되는 이번 사업을 통해 국민카드 본사에 있는 사내 카페와 종로구청에 위치한 ‘플러스카페’에서 판매하는 모든 음료는 친환경 다회용 컵을 통해 제공될 예정이다. ‘1.5℃컵’으로 불리는 다회용 컵은 기후 위기를 극복하기 위해 지구 온도 상승을 1.5℃ 이내로 지키겠다는 목표로 제작됐다. 이번 사업에 따라 사용한 다회용 컵은 각 건물에 비치된 반납함을 통해 수거해 전문 세척업체에서 섭씨 110도 이상의 고열과 고압 세척 살균 처리 후 재사용 된다. 국민카드 관계자는 “이번 협약은 임직원들이 다회용 컵 사용이라는 생활 속 작은 실천을 통해 탄소 배출을 줄이고 자연 자원도 보존하는 등 환경과 기후 위기에 대한 인식을 제고하고 전사 차원의 경영 활동에도 적극 참여하는 좋은 기회가 될 것으로 기대한다”며 “경영 선도 카드사로서 기후 위기에 적극 대응하고 많은 사회 구성원들이 저탄소 생활 실천에 동참할 수 있도록 지속적이고 다양한 친환경 활동과 협력을 이어 갈 계획”이라고 말했다. 
64,천지일보조혜리 기자 동원가 기아와 함께 친환경 프로모션을 진행한다. 무라벨 생수 ‘동원샘물 라벨프리’와 전기차 ‘6’를 통해 자원 재활용의 가치를 알리기 위한 목적이다. 이번 프로모션은 최근 환경보호와 지속가능한 소비의 중요성이 더욱 강조되고 있는 가운데 ‘동원샘물 라벨프리’와 ‘6’를 개발한 목적과 의미를 소비자들에게 전달하고 친환경 자원 재활용 활동에 대해 함께 공감할 수 있도록 하기 위해 기획됐다. 양사는 이번 프로모션의 기획 의도를 담은 홍보 영상을 지난 12일 각 사 유튜브 채널에 게재했다. 동원는 페트병에 6 브랜드 로고를 새겨 특별 제작한 ‘동원샘물 라벨프리’ 30만병을 기아 측에 제공했으며 캠페인 기간 동안 전국 750여개 기아 매장에 방문한 고객들은 해당 제품을 무료로 증정 받아 시음할 수 있다. 동원가 지난달 출시한 ‘동원샘물 라벨프리’는 페트병에서 비닐 라벨을 떼어내는 번거로움 없이 음용 후 바로 분리 배출할 수 있는 제품이다. 몸체는 물론 뚜껑에도 라벨이 없어 재활용 편의성을 더욱 높인 친환경 제품이다. 또한 동원는 지난 2013년 환경부와 페트병 경량화를 위한 실천 협약을 체결한 이후 지속적으로 페트병의 무게를 줄이고 있다. 동원샘물 500㎖ 페트병의 무게는 14 수준이다. 기아의 첫 번째 전용 전기차인 6는 차량 1대에 페트병 75병 분량을 재활용해 만든 플라스틱 부품과 내장재가 적용된 친환경 차량이다. 전기차 전용 플랫폼 를 기반으로 만들었으며 독창적인 내·외장 디자인 모델 기준 3.5초의 0100 가속시간 800 충전이 가능한 급속 충전 시스템 이동하는 에너지 저장장치 개념의 2 등의 상품성을 갖췄다. 동원 관계자는 “‘동원샘물 라벨프리’와 ‘6’를 이용하는 것만으로도 일상 속에서 자연스럽게 플라스틱 폐기물과 화석연료 사용량을 감축 등 친환경 활동을 실천할 수 있다”며 “기아 측과 함께 향후 다양한 친환경 캠페인 활동을 이어나갈 것”이라고 말했다. 기아 관계자는 “고객들이 마신 생수의 페트병은 다시 6의 부품으로 재활용돼 고객들을 찾아가게 되는 셈이다”며 “제품의 친환경 선순환 구조를 연구하고 실천하며 나아가 재활용을 더 쉽게 할 수 있도록 고민하는 것이 기업의 역할”이라고 말했다. 
65,약 5000억원 규모 태양에너지‧수소연료전지 전력 생산 천지일보유영선 기자 건설이 신재생에너지 전력 인프라 구축과 운영 사업에 본격적인 투자에 나선다. 이번 투자로 건설은 친환경 신사업을 확대하며 경영을 더욱 가속화할 예정이다. 건설은 19일 포항시청에서 이강덕 포항시장과 허윤홍 건설 신사업부문 대표 등이 참석한 가운데 포항시 영일만4 일반산업단지에 100 신재생에너지를 사용하는 발전사업에 투자하는 양해각서를 체결했다고 밝혔다. 이번 투자양해각서로 향후 건설은 포항시 영일만4 일반산업단지에 태양광과 수소연료전지를 이용한 100 신재생에너지 사업에 투자하게 된다. 투자규모는 약 5000억원으로 신재생에너지 발전으로만 약 98.9 전원을 확보하게 된다. 투자기간은 2023년2028년까지 6년간이다. 포항시 영일만4 일반산업단지는 포항시가 미래 탄소중립의 전초기지로 준비 중인 공단으로 100 100 기업 등 전기소비자가 태양에너지 바람에너지 등 재생에너지를 100 사용 하는 자발적 캠페인 사업을 통해 에너지 자립형 산업 단지로 도약하기 위해 조성한 곳으로 건설이 신재생에너지 공급과 운영을 맡게 된다. 이로써 건설은 친환경 신사업에 대한 투자 확대를 통해 선도 기업으로 자리매김 할 것으로 기대했다. 이니마의 수처리 시설 스마트 양식 주택 모듈러 해외태양광 2차 전지 리사이클링 사업에 이어 신재생에너지에 대한 대규모 투자 및 운영을 통해 친환경사업을 미래성장동력의 핵심으로 삼게 된 것이다. 특히 이번 투자는 ‘디지털 역량 강화와 친환경 경영을 통한 신사업 발굴’이라는 그룹의 올해 경영방침에 따른 사업으로 향후 그룹의 핵심가치인 ‘친환경 경영을 통한 지속가능성장 ’의 대표 사업으로 주목받고 있다. 허윤홍 건설 신사업부문 대표는 “100 신재생 에너지를 공급하는 친환경 미래사업인 만큼 이번 투자를 계기로 건설은 선도기업으로 환경과 사회를 생각하는 지속가능경영을 이어갈 것”이라고 밝혔다. 한편 영일만 4 일반산단은 포항북구 흥해읍 곡강·용한리 일원 260만 ㎥78만평 부지에 조성 되는 단지로 지난 2019년 7월 ‘차세대 배터리 리사이클링 규제 자유특구’로 지정돼 4차 산업혁명을 이끌 미래형 공단으로 주목받고 있다. 앞서 건설은 지난해 경상북도 포항시와 2차전지 배터리 리사이클 제조시설 구축을 위한 투자협약을 맺고 올해 공장 준공에 들어간다. 
66,전기차 충전 모습. 한겨레 자료 사진 전기차 하이브리드차 수소차를 포괄하는 친환경 자동차 분야에서 갖가지 기록이 쏟아지고 있다. 300 250 26680 5187450830005326 11300250200801 3597039927 300 250 . .. .. .. 산업통상자원부가 18일 내놓은 ‘7월 국내 자동차 산업 동향’ 자료를 보면 친환경차 내수 판매 대수 2만9821대 가운데 국산차는 2만654대였다. 국산 친환경차 내수 판매가 월간 2만대를 넘어선 것은 처음이다. 기존 최다 기록은 지난 6월의 1만9452대였다. 국산 친환경차 판매 호조는 전기차가 지난해 7월보다 191.0 늘어난 6806대 팔린 데서 비롯됐다. 국산 친환경차 중 하이브리드차 내수 판매는 22.8 늘었고 수소차는 30 줄었다. 수입 친환경차의 경우 전기차 판매가 26.7 줄었음에도 하이브리드차165.4 플러그인 하이브리드차118.1 판매 호조로 124.7 증가한 9167대의 내수 판매 실적을 기록했다. 전체 승용차 대비 친환경차의 내수 판매 비중은 20.2로 두 달 연속 20대를 유지했다. 친환경차 판매 비중은 지난 6월 21.1로 처음으로 20를 돌파한 바 있다. 친환경차 수출 기록도 눈에 띈다. 수출 대수는 27.4 증가한 3만4571대 수출금액은 36.3 늘어난 9억8천만 달러로 수출 대수·금액 모두 역대 최고를 기록했다. 하이브리드차 플러그인 하이브리드차 호조세가 수출 증가를 이끌며 친환경차 수출은 전체 승용차 수출 중 20.0대수 기준를 차지했다. 2019년 7월 12.4 2020년 7월 14.9에서 대폭 높아졌다. 수출액 기준 친환경차 비중은 22.2올해 7월 수준이다. 자동차 산업 전반을 보면 지난해 7월에 견줘 생산29만7585대은 13.9 줄었고 내수9.6와 수출2.9도 뒷걸음질 쳤다. 생산·수출 감소는 지난해 같은 달의 수출 확대에 따른 생산량 증가 영향에 따른 ‘역’기저효과와 조업일수 감소2일 이상 때문이라고 산업부는 분석했다. 지난해 56월 코로나19에 따른 수출 급감에서 비롯된 적체 물량이 7월에 수출되면서 7월 생산은 2020년 월평균 대비 18.3 많았다는 설명이다. 수출 물량 감소에도 수출금액은 12.3 늘어난 41억 달러를 기록했다. 내수는 친환경차 판매 확대65.7에도 불구하고 지난해 같은 달 대비 신차효과 감소 및 공급물량 감축으로 줄어 14만7697대에 머물렀다. 김영배 선임기자 ..
67,엘지화학 대산공장. 엘지화학 제공 엘지화학이 오는 2028년까지 2조6천억원을 투자해 친환경 플라스틱 등 소재 공장을 새로 짓기로 했다. 엘지화학은 19일 충청남도 및 서산시와 투자 협약을 맺었다고 밝혔다. 기존 대산 공장이 있는 충남 서산시 대산3 산업단지에 79만㎡약 24만 평 부지를 추가로 확보해 친환경 소재 공장 10개를 신설하기 위해서다. 우선 올해 생분해성 폴리부틸렌 아디페이트 테레프탈레이트와 태양광 필름용 폴리올레핀 엘라스토머 공장을 짓는다. 는 자연에서 산소 열 빛과 효소 반응을 일으켜 일반 플라스틱보다 빠르게 분해되는 친환경 플라스틱이다. 는 탄성이 높고 충격 흡수에 유리해 태양광 필름 자동차 내·외장재 등으로 사용하는 고부가 합성수지다. 엘지화학은 연간 생산 능력이 각각 5만 톤 10만 톤인 와 공장이 오는 2024년 실제 생산을 시작하면 매년 4700억원 규모 매출을 올릴 수 있을 것으로 기대했다. 기존 대산 공장 생산량을 더하면 엘지화학의 전체 생산량은 연 38만 톤 규모로 확대된다. 엘지화학은 2028년까지 대산 사업장을 바이오 기반 원료 및 친환경 소재 생산 폐플라스틱 재활용 온실가스 저감 등 회사의 이에스지 환경·사회·지배구조 사업 거점으로 키울 계획이다. 신학철 엘지화학 부회장은 이날 협약식에서 “이번 투자 협약은 회사의 지속 가능한 성장 전략의 하나로 친환경 소재 사업을 본격화하겠다는 신호탄”이라고 했다. 박종오 기자 2..
68,하이브리드 자동차는 ‘친환경차’일까 아닐까. 얼핏 답하기 쉬운 질문 같지만 그렇지 않다. 일단 미국과 유럽은 ‘아니다’라고 답한다. 오는 2030년부터 현지 판매 신차의 절반을 친환경차로 채우기한 미국은 친환경차 범주에 하이브리드차는 넣지 않았다. 유럽연합은 2035년부터 지역에서 내연기관차 판매를 금지할 예정인데 판매 금지 대상에 하이브리드차도 포함돼 있다. 한국은 ‘그렇다’고 말한다. 우선 ‘환경친화적 자동차의 개발 및 보급 촉진법’은 하이브리드차를 엄연한 친환경차로 분류한다. 오는 2025년까지 친환경차 누적 보급 대수 283만대를 달성한다는 정부 발표친환경차 보급 5개년 계획에도 하이브리드차 비중이 절반53·150만대이 넘는다. 일본 최대 자동차 회사인 도요타 등도 한국 정부와 같은 의견이다. 하이브리드차도 친환경차로 보는 이유는 간단하다. 온실가스를 배출하지 않는 ‘깨끗한 전기’를 생산하지 못하는 곳에선 하이브리드차가 전기차보다 더 친환경적이라는 것이다. 물론 그린피스 등 환경 단체는 펄쩍 뛴다. 자동차 업계가 내연기관차를 더 팔아먹기 위해 억지 논리를 만들었다고 비판한다. 한국 정부가 자동차 업계의 꼬임에 속아 넘어간 걸까 직접 계산해 봤다. 한국전력공사의 ‘전력통계속보’를 보면 올해 1∼5월 국내 생산 전력 중 석탄과 가스 발전 비중은 지난해와 같은 62다. 국제에너지기구가 집계한 지난해 경제협력개발기구 회원국 전체의 석탄·가스 발전 비중49보다 훨씬 높다. 한국에서 전기에너지 1킬로와트시를 생산할 때 배출하는 이산화탄소의 양은 459.4온실가스 배출계수 2017년 기준이다. 전력량 1당 5.1를 달리는 현대차의 전기차 ‘아이오닉5’를 타고 서울에서 부산까지 왕복약 800하면 약 72의 이산화탄소가 배출된다. 반면 주행거리 1당 이산화탄소 91 108을 배출하는 도요타 ‘캠리 하이브리드’와 현대차 ‘그랜저 하이브리드’를 타고 같은 거리를 달릴 경우 배출되는 이산화탄소량은 각각 73 86이다. 하이브리드차가 전기차보다 이산화탄소 배출량이 약간 많은 셈이다. 하이브리드차좌와 전기차의 내부 장치 개념도. 저공해차 통합누리집 캡처 자동차와 연료의 생산부터 주행 폐기 단계까지 생애주기 전부를 따져보면 이와 다른 결과가 나올 수도 있다. 송한호 서울대 기계공학부 교수는 최근 오토저널에 기고한 글에서 “국내 준중형차의 경우 자동차 원재료와 부품 생산 조립 운행 폐기 과정까지 고려할 경우 하이브리드와 전기차의 온실가스 배출량이 거의 차이가 없었다”고 말했다. 전기차는 다 쓴 배터리를 처리하는 과정에서 탄소를 많이 배출한다는 점이 지적됐다. 국책연구기관인 에너지경제연구원도 2018년 펴낸 보고서에서 “전기차도 브레이크 패드와 타이어 마모 전기 발전 단계 등에서 상당한 미세먼지10를 배출한다”며 정부의 전기차 보급 정책 재검토를 촉구한 바 있다. ‘하이브리드차를 온실가스 감축의 현실적 대안으로 쓰겠다’는 정부 대책도 여기에 초점을 맞춘다. 이민우 산업통상자원부 자동차과장은 “친환경차 정책은 각국의 전력 생산 구조와 사람들의 운행 습관 연료 충전 편의 등에 따라 달라질 수 있다”며 “신재생 에너지를 단시간에 대폭 늘리기 녹록지 않은 자연 여건과 전기차 충전이 어려운 아파트 중심의 주거 여건 등을 생각하면 당분간 하이브리드차를 전기차와 병행해서 보급해야 한다”고 말했다. 이런 논의를 염두에 두면 내연기관차 퇴출 전기차 보급 확대 만이 능사가 아니라는 결론에 이르게 된다. 외려 기존 전력 생산 구조의 구조조정 승용차 이용 억제 대중교통 활성화 정책 등이 빠진 ‘묻지마식 전기차 보조금 지급’은 자동차 공급과 전력 수요를 대폭 늘려 환경에 악영향을 미칠 수 있다. 비싼 전기차를 구매하는 고소득층에 보조금을 몰아주고 정작 대중교통 타는 서민의 편익을 위한 친환경 교통 대책이 없는 ‘역진성’도 문제다. 이재영 대전세종연구원 선임연구위원녹색연합 운영위원은 “탄소 저감에 가장 중요한 건 승용차를 아예 타지 않고 도보 자전거 대중교통 등을 이용하도록 유도하는 것”이라며 “유럽도 지난 수십 년간 발전 구조를 바꾸고 자전거와 대중교통 이용 비중을 충분히 끌어올린 후 마지막 대안으로 전기차 보급 대책을 내놨다”고 짚었다. 그는 “명분이 좋다고 결과도 좋은 건 아니다”라고 꼬집었다. 박종오 기자 2..
69,경북도와 경북문화관광공사가 오는 29일까지 쓰레기를 줍고 다회용기 등을 챙겨 여행하는 ‘착한 경북여행’ 챌린지를 연다. 경북도 제공 경북도와 경북문화관광공사는 8일 “인스타그램 이용자들을 대상으로 환경을 생각하는 ‘착한 경북여행 챌린지’를 오는 29일까지 진행한다”고 밝혔다. 여행자들은 △플로깅조깅하면서 쓰레기를 줍는 활동 △다회용기 챙겨 여행하기 △대중교통 이용하기 △뚜벅이 여행 등을 하면서 사회관계망서비스 인스타그램에 15∼30초 사이 짧은 영상릴스을 찍어 올리면 챌린지에 참여할 수 있다. 경북도는 챌린지에 참여한 여행자들을 추첨해 고체 샴푸 고체 치약 대나무 칫솔 등 쓰레기가 나오지 않는 ‘제로웨이스트’ 여행 상품을 줄 예정이다. 김상철 경북도 문화관광체육국장은는 “이번 이벤트는 최근 이슈로 떠오른 제로웨이스트 캠페인의 하나로 환경 이슈에 민감한 엠제트세대들을 겨냥했다. 올 여름 경북여행으로 무더위도 식히고 착한 경북여행 챌린지로 추억도 남기시길 바란다”고 말했다. 김규현 기자 ..
70,금호타이어는 1960년 준공된 금호타이어 광주공장광산구 소촌동 이전을 추진하고 있다. 금호타이어 광주공장 전경. 금호타이어 제공 광주시가 금호타이어 광주공장의 함평 이전을 수용하면서 앞으로 공장 터 용도변경 방침에 관심이 쏠리고 있다. 금호타이어 광주공장 이전과 개발계획 협의 과정에서 공공성을 높이는 방안을 찾을 지 주목된다. 300 250 26680 5187450830005326 11300250200801 3597039927 300 250 . .. .. .. 23일 광주시 등의 설명을 종합하면 금호타이어는 지난 1월 함평군에 빛그린국가산업단지 함평지구에 입주의향서를 제출했다. 빛그린산단은 광주 광산구 삼거동과 전남 함평군 월야면 일원에 걸친 400만㎡ 규모에 국토교통부가 조성하는 단지다. 금호타이어는 광주에선 50만㎡15만 평 규모의 새 공장이 들어설 적정한 터를 찾지 못해 빛그린산단 안 함평지구로 공장을 이전하기로 방침을 정했다. 금호타이어 관계자는 “전기자동차 등 친환경 자동차 시대에 맞춰 타이어를 생산하려면 새 공장에 최첨단 시설을 갖춰야 한다. 공장 이전이 매우 절실하고 촉급하다”고 말했다. 광주시 광산구 소촌동 금호타이어 광주공장 전경. 금호타이어 제공 시는 금호타이어 광주공장 이전 계획을 수용했다. 이용섭 광주시장은 최근 “광주 관내로 이전해 주기를 바라지만 저쪽에서 검토하고 있는 빛그린산단 함평지구로 꼭 가야 한다면 금호타이어의 입장을 존중하겠다”고 밝혔다. 시는 2019년 8월 광주공장39만6700㎡·12만평 이전을 전제로 시에 ‘개발계획안 검토신청서’를 제출하자 금호타이어 쪽과 사전 협의를 하고 있다. 1960년 준공된 금호타이어 광주공장의 광주 밖 이전에 반대했던 시는 관내 공장 이전 방침을 철회한 셈이다. 이에 따라 광주시 광산구 소촌동 금호타이어 공장 터의 용도변경 허가 등 행정절차가 진행될 것으로 보인다. 금호타이어가 새 공장 터 비용과 신규 설비 투자 재원을 마련하려면 용도변경이 필수적이다. 금호타이어는 친환경차 개발과 공장 건설 등이 35년 걸리는 점을 고려해 조속히 절차가 진행되길 기대하는 입장이다. 금호타이어 쪽은 “시에 개발계획안을 제출한 뒤 3년간 이전 터와 고용 승계 문제를 협의해 왔다. 앞으로 시와 개발계획안 검토 등 실무 협의도 진행하기를 바란다”고 말했다. 광주광역시 광산구와 전남 함평군에 조성되고 있는 빛그린국가산업단지 위치. 하지만 광주시는 금호타이어 광주공장 이전 문제와 관련해 ‘속도’보다 ‘방향’에 초점을 맞추고 있다. 금호타이어 공장이 상업용지 등으로 바뀔 경우 엄청난 개발이익을 낼 수 있어 자칫 ‘특혜 논란’에 휩싸일 수 있기 때문이다. 특히 금호타이어 광주공장은 광주시의 ‘지역경제 거점형 고속철도투자선도지구’ 개발계획과 맞물려 있는 주요 공간이다. 금호타이어 공장의 용도변경은 개발이익을 공공에 얼마 정도 기여할 것인지와 맞물릴 것으로 보인다. 이 광주시장도 최근 “아파트 위주 개발은 안 된다. 교통과 물류 허브 상업·업무·주거 융복합지역으로 개발해야 용도변경이 가능할 것”이라고 밝힌 바 있다. 김재식 시 도시계획과장은 “금호타이어의 뜻대로 100 개발할 수는 없다. 용도지역을 변경해주면 개발이익의 4060를 시에 기부채납하게 돼 있다”고 밝혔다. 한편 금호타이어는 2010년 이후 경영 위기를 맞아 2018년 4월 중국 더블스타로 매각됐다. 정대하 기자 ..
71,게티이미지뱅크 지난해 공공기관이 온실가스 배출량을 기준 배출량 20072009년 평균 대비 30.3 감축한 것으로 나타났다. 전년인 2019년 배출량보다는 7가량 줄었다. 22일 환경부 발표를 보면 중앙행정기관·지자체·시도교육청 등 783개 공공기관의 지난해 온실가스 배출량은 370만톤 2이었다. 이는 기준 배출량 20072009년 평균 인 531만톤 2보다 161만톤 230.3이 줄어든 것이다. 전년인 2019년 배출량보다는 28만 4000톤 27 줄어든 수준이다. 환경부는 이를 두고 “공공부문 온실가스 목표관리제에서 정한 2020년 목표를 달성했다”고 평가했다. 정부는 지난 2011년부터 시행한 공공부문 온실가스 목표관리제를 통해 2020년까지의 감축 목표를 ‘기준 감축량 대비 30 감축’으로 정한 바 있다. 기관 유형 별로 보면 지방공사·공단의 감축률이 기준 배출량 대비 40로 가장 높았고 지자체가 34.7 국·공립대학 34.1 공공기관 30.3 시·도교육청 24.1 중앙행정기관이 20.9로 뒤를 이었다 . 국립대학병원·치과병원은 7.4로 가장 낮았다. 전체 기관 중에서는 한국방송통신대학이 64.7로 가장 높은 감축률을 기록했다 . 300 250 26680 5187450830005326 11300250200801 3597039927 300 250 . .. .. .. 주요 온실가스 감축 수단은 엘이디 전등과 같은 고효율 기기 보급 신재생에너지 보급 건물 리모델링이나 행태 개선 친환경 차량 교체 등이었다. 또 공공기관의 자체적인 감축량이 아닌 외부 활동을 통한 감축량도 실적으로 인정됐다. 가정·상가의 에너지 사용량 절감을 지자체의 온실가스 감축량으로 인정해주는 탄소포인트제 공공기관이 민간을 대상으로 실시한 온실가스 감축 사업 등이 이에 해당한다. 한편 코로나 19 확산 사태도 온실가스 배출량 감축에 영향을 준 것으로 분석됐다. 환경부 기후전략과 담당자는 “코로나19 확산으로 병원 등은 다른 곳보다 시설 이용량이 늘어난 반면 체육·문화시설은 이용량이 줄었다”며 “전체적으로는 배출량이 줄어드는 쪽으로 영향을 준 것으로 보인다”고 설명했다. 김민제 기자 ..
72,안녕하세요 한겨레 후원회원의 벗 ‘한겨레 서포터즈 벗’의 얼굴 겨리 기자입니다. 오늘은 멋진 이벤트 소식 들고 왔습니다. 후원회원 누구나 신청만 하면 보람 팍 선물 팍 겨리가 환경을 생각하는 마음으로 플로깅 조깅을 하며 쓰레기를 줍는 운동 이벤트를 준비했습니다. 신청자 전원에게 ‘겨리 줍깅 키트’ 쏩니다. 아직 한겨레 후원회원이 아니라면 지금 바로 후원회원 가입하고 이벤트 참여 신청하세요 한겨레 후원회원 가입하러 가기 난 이미 한겨레 후원회원 겨리와 함께 줍깅 이벤트 신청하러 바로가기 한겨레 후원회원과 함께하는겨리와 함께 줍깅 이벤트 안내 올 가을 겨리와 함께 쓰레기를 주워봅시다. 쓰레기 줍기 이벤트 신청자 전원에게 ‘겨리 줍깅 키트’를 보냅니다. 키트는 △한겨레21 기자들이 쓰고 친환경 재생용지로 인쇄한 쓰레기 단행본 △생분해 쓰레기 봉투 △겨리 손수건 △겨리 데코 스티커가 들어있습니다. 키트를 받은 뒤 각자 원하는 시간장소에서 ‘쓰레기 줍깅’을 실천하면 됩니다. ▶참여 대상 한겨레 후원회원 ‘한겨레 서포터즈 벗’비후원회원의 경우 후원회원 가입 후 참여 가능최소 일시후원 5천원부터 일시정기주식 모든 후원회원 가능 ▶신청 및 참여 방법 참여 신청 링크 통해 접수 → ‘겨리 줍깅 키드’ 수령 → 쓰레기 줍깅 각자 실천 ▶신청 기간 2021년 9월6일까지 참여 신청하러 바로가기 쓰레기 줍깅을 마친 뒤 기분좋게 끝내도 되지만∼ 인증샷 이벤트에 한 번 더 참여할 수 있습니다. ‘겨리 줍깅 키트’를 활용해 자신이 쓰레기를 줍는 인증샷을 본인의 페이스북인스타그램에 올린 뒤 ‘한겨레 서포터즈 벗’ 페이스북인스타그램 계정으로 을 주세요. 보낼 땐 휴대전화 번호 꼭 기입 추가로 커피 쿠폰을 쏩니다커피는텀블러에 ▶인증샷 이벤트 참여 방법 자신의 페이스북인스타그램에 ‘겨리와 함께 줍깅’ 참여 인증샷 업로드→‘한겨레 서포터즈 벗’ 페이스북인스타그램 계정에 으로 알리기휴대전화 번호 필수→ 커피 쿠폰 수령커피받을땐텀블러가져갑시당 그럼 앞으로도 더 재밌고 의미있는 행사 소식으로 찾아오겠습니다 이상 한겨레 겨리 기자였습니다 겨리 기자 ..
73,수소 전기차 ‘넥쏘’. 현대차 제공 렌터카 대기업 버스·택시·화물 등 민간의 대규모 차량 수요자가 신차를 구입하거나 임차할 때 일정 비율 이상을 친환경차로 채우도록 의무화하는 ‘친환경차 구매 목표제’가 도입돼 내년부터 시행된다. 정부는 20일 국무회의를 열어 이런 내용을 담은 ‘환경친화적 자동차의 개발 및 보급 촉진에 관한 법’친환경자동차법 일부 개정 법률 공포안을 의결했다. 앞서 지난 6월 국회 본회의를 통과한 이 개정 법은 7월 중 공포될 예정이며 공포 뒤 6개월 경과 때부터 시행된다. 여기서 친환경차란 전기차 수소차 하이브리드자동차를 묶어 일컫는 개념이다..1000 400 400 400 400 400 . . 135. 1...1203.. . . .210102020 업비트 투자자 보호 센터 민간 영역에도 친환경차 구매 목표제를 적용하기로 한 것은 공급 측면자동차 제조·판매사에만 부과된 환경개선 책임을 수요자에도 분담해 제조·판매사의 책임 이행을 위한 수요를 뒷받침하기 위한 것이라고 산업통상자원부는 밝혔다. 구매 목표제 대상 기업 및 의무 비율은 9월께로 예상되는 시행령 개정안 입법 예고 때 윤곽을 드러낼 전망이다. 공공부문에는 이미 100 의무구매 비율을 적용하고 있다. 민간 의무 비율과 관련해 산업부 관계자는 “승용차 기준으로 현재 친환경차 보급 비율이 15를 넘었는데 이보다는 높아야 하지 않겠느냐”고 말했다. 300 250 26680 5187450830005326 11300250200801 3597039927 300 250 . .. .. .. 개정법에 따라 그동안 신축시설에만 부과되던 전기차 충전기 설치 의무를 이미 지어져 있는 기축시설에도 확대해 적용한다. 의무 비율 확정은 시행령에 위임돼 있다. 전기차 충전기 의무설치 제도는 2016년 도입됐으나 제도 도입 이후 건축 허가를 받은 신축시설에만 적용돼 한계를 띠고 있었다. 2019년 기준 아파트·공중이용 시설 기축 건물은 140만동 신축건물건축 허가 기준은 7만동 수준이다. 국가·지자체·공공기관 등 공공부문이 구축·운영하는 전기차 충전기를 보안과 업무 수행에 지장을 주지 않는 범위에서 의무개방하도록 해 전기차 충전기 의무설치 대상이 아닌 연립·다세대 주택 거주자가 인근 공공충전기를 활용할 수 있도록 하는 내용도 개정법에 포함됐다. 또 전기차 충전 시설에 불법 주차된 일반 차량 등을 단속하고 과태료를 부과하는 권한을 광역 지자체에서 기초 지자체로 변경하고 단속 대상을 모든 공용 충전기로 확대하기로 했다. 현재 단속 대상은 의무설치된 충전 시설로 한정돼 있다. 개정법은 또 국·공유지 내 수소충전소 구축 때 임대료 감면 한도를 50에서 80로 높여 충전 사업의 미흡한 경제성을 보완하고 혁신 도시 또는 인접 지역에 수소충전소 1기 이상을 구축하도록 의무화해 수소충전소의 확산을 뒷받침하도록 했다. 산업부는 “이번 개정을 통해 개발제한구역 내에 수소충전소 이외 수소 생산시설 출하 설비 등 다양한 수소 인프라기반시설 설치도 가능해져 수소충전소와 연계한 복합 형태의 신사업 추진이 용이해질 것”으로 전망했다. 김영배 선임기자 ..
74,"['세계 모든 기업에 환경 사회 지배구조는 어느덧 피할 수 없는 필수 덕목이 됐습니다. 한국일보가 후원하는 대한민국 대표 클린리더스 클럽 기업들의 다양한 활동을 심도 있게 소개합니다.', '', '지난 7월 8일 제주도 제주시 ‘신한 스퀘어브릿지 제주’에서 신한 스퀘어브릿지 제주 1기의 킥오프 워크숍이 진행되고 있다. 신한금융지주 제공', '“제주도에서 버려지는 폐플라스틱을 모아 재생실로 옷을 만든다면 어떨까” 제주도에서 ‘콘텐츠그룹 재주상회’를 운영하는 고선영 대표의 고민이 시작됐다. 고 대표는 22일 통화에서 “제주도를 방문하는 관광객들이 늘면서 폐플라스틱 등 각종 쓰레기들도 함께 늘어 마음이 아팠다”며 “쓰레기를 줄이면서 동시에 제주도의 환경 가치를 높일 수 있는 일을 할 수 있으면 좋겠다”고 말했다.', '아이디어는 좋았지만 문제는 역시 ‘돈’이었다. 사업 자본금부터 사무공간 투자·법률·특허 컨설팅까지 청년 사업가가 감당하기엔 벅찬 일들의 연속이었다. 고 대표는 “스타트업이 혼자서 자금을 마련하고 복잡한 일을 처리하긴엔 역부족”이라며 “제주 스타트업의 꿈을 지원해줄 키다리 아저씨’가 나타났으면 좋겠다”고 말했다.', '“제주도 환경 문제를 해결하고 사회적 가치를 높이는 스타트업을 지원합니다.” 신한금융지주가 이런 스타트업의 고민을 해결하기 위해 ‘키다리 아저씨’를 자처하고 나섰다. 신한금융은 지난 5월 신한 스퀘어브릿지² 제주 1기’ 모집 소식을 알리며 고 대표와 같은 청년 사업가의 꿈을 지원하기로 했다. 신한 스퀘어브릿지는 신한금융의 대표적 환경·사회·지배구조 경영으로 초기 스타트업의 성장을 돕는 혁신 성장 플랫폼이다. 이번 제주 1기 모집에는 청년 일자리 확대라는 목표뿐만 아니라 폐기물 수거·재생에너지 등 환경적 고려까지 담아냈다.', '반응은 뜨거웠다. 총 83개 스타트업 연합팀이 몰려들었고 신한금융은 최종 심사를 거친 끝에 지난 6월 5개 팀을 선정했다. 신한금융은 선발된 5개 팀에 모두 프로젝트 가설 검증 지원금 2억5000만 원팀별 5000만 원을 지급했다. 이후 각 팀의 중간 성과 결과를 ‘신한 사회적 가치측정모델신한 ’로 측정해 목표 달성 인센티브 총 4억5000만 원을 차등 지급할 계획이다. 고 대표는 “제주도 토종 브랜드로서 더 나은 환경과 사회를 만들 수 있도록 최선을 다하겠다”고 각오를 밝혔다.', '', '단순한 의무가 아닌 실질적 변화를 추구하는 신한금융의 활동은 그간 경영에 대한 남다른 관심에서 비롯됐다. 그동안 신한금융지주와 그룹사들은 국내 금융사 중 경영에 있어서 ‘개척자’로 평가받으며 최초의 역사를 써 내려갔다.', '신한금융은 이미 2018년부터 국내 금융그룹 최초로 환경·사회 리스크 관리 모범규준을 마련해 운영하고 있다. 금융회사로서 전통적 리스크인 투자금 회수뿐만 아니라 환경·사회적 영향에 대한 리스크도 함께 대출 의사결정에 반영하기로 한 것이다. 신한금융은 △발전업 △폐수 및 폐기물 처리업 △무기·군수업 등 총 12개의 유의영역을 설정하고 대출 시 평가를 통해 금융지원을 배제하거나 조건부 지급하기로 했다.', '더 나아가 그룹사인 신한은행은 지난해 9월 국내 시중은행 최초로 ‘적도원칙’에 가입했다. 적도원칙은 대형 개발사업이 환경파괴 또는 인권침해와 같은 환경·사회적 문제가 우려되는 경우 금융지원을 제한하는 금융사들의 자발적 협약이다. 이에 신한은행은 적도원칙 전담부서를 신설하고 글로벌 금융기관들이 채택한 환경·사회적 위험관리 기준을 심사항목으로 추가해 신규 프로젝트를 심사하고 있다.', '이 같은 노력의 결실로 신한금융은 지난해 11월 국내를 넘어 동아시아 최초로 탄소중립 전략인 ‘탄소 제로 금융’을 선언했다. 탄소 제로 금융은 친환경 금융 지원을 확대해 2050년까지 그룹 자산 포트폴리오의 탄소 배출량을 ‘제로’로 만든다는 목표다. 배출량 감축 목표를 국제적으로 검증받기 위해 글로벌 이니셔티브인 탄소회계금융협회에 가입했고 분기별 그룹 경영실적 발표 시 탄소배출량 정보를 공개하고 있다.', '2018년 11월 26일 프랑스 파리에서 열린 유엔환경계획 글로벌 라운드테이블에 참석한 조용병왼쪽 두 번째 신한금융지주 회장이 사회자의 질문에 답변하고 있다. 신한금융지주 제공', '', '신한금융은 가치를 그룹의 지배구조로 내재화하는 작업에도 힘쓰고 있다. 신한금융은 2015년 국내 금융그룹 최초로 이사회 내에 ‘전략위원회’를 마련해 경영에 대한 최고의사결정 역할을 수행하도록 했다.', '올해 2월에는 그룹 전략 추진력에 더욱 박차를 가하기 위해 그룹사 전원이 참석하는 추진위원회’를 신설해 그룹 차원의 통일된 경영 체계를 구축했다. 그 결과 신한금융은 한국기업지배구조원의 기업지배구조 평가등급에서 2018년부터 최상위 등급을 유지하고 있다.', '주주·투자자·고객들의 경영에 대한 관심을 만족시키기 위해 올해부터 보고서 발간도 연 1회에서 2회로 확대했다. 앞서 신한금융은 2005년 신한은행이 금융업계 최초로 사회책임 보고서를 발간해 환경금융 실적 그룹 환경지표 등을 매년 공개해왔으며 2009년부터 그룹 전체로 확대해 보고서를 발간하고 있다.', '신한금융의 이 같은 활동의 밑바탕에는 조용병 회장의 강력한 추진 의지가 자리 잡고 있다. 조용병 회장은 “가 기업의 리스크 요인으로 점검되는 단계를 넘어 새로운 기회 창출의 영역으로 인식하고 활용하는 단계로 나아가야 할 것”이라며 “는 불확실한 경영환경을 대비하고 기업의 회복탄력성을 키우는 백신과도 같다”고 강조했다.', '기사 이 복사되었습니다.', '기사가 저장 되었습니다.', '기사저장이 취소 되었습니다.', '구독이 추가 되었습니다.', '구독이 취소 되었습니다.', '아프간 다시 탈레반의 나라로', '탈출에 목숨까지 거는데...아프간 추락 형제 조롱한 티셔츠 팔다니', '야권 대선 경쟁 본격화', '정치인생 10년 열 번째 철수...아련해진 안철수의 새 정치', '코로나19 4차 유행', '오늘부터 수도권 식당·카페 오후 9시까지...백신접종 인센티브 적용']"
75,"['충남 서산시 대산읍에 위치한 화학 대산공장 부지. 화학 제공', '', '화학이 석유화학 분야 친환경 소재 육성을 위해 대규모 국내 투자에 나선다. 고부가 지속가능성 사업 및 친환경 소재 중심으로 사업구조를 본격 전환하기 위해서다.', '화학은 2028년까지 충남 서산시 대산공장에 총 2조6000억원을 투자 생분해성 폴리부틸렌 아디페이트 코 테레프탈레이트 및 태양광 필름용 폴리올레핀 엘라스토머 등 총 10개의 공장을 신설한다고 19일 밝혔다. 화학은 올해 및 공장 착공을 시작으로 대산사업장을 2028년까지 바이오 기반 원료 생산부터 친환경 소재 폐플라스틱 재활용 온실가스 저감 등 기반 사업의 메카로 육성하겠단 계획이다. 연내 착공되는 공장은 연산 5만톤 공장은 연산 10만톤 규모로 건설될 예정으로 두 공장 모두 2024년 상업생산을 목표로 한다. 이로 인한 매출 증대 효과는 연간 약 4700억원 이상으로 기대된다고 화학은 밝혔다.', '업계에 따르면 와 는 트렌드에 따른 썩는 플라스틱 수요 증가 및 신재생에너지 보급 확대 등으로 2025년까지 연평균 30 수준의 고성장을 이어갈 것으로 전망되고 있다. 는 자연에서 빠르게 분해되는 생분해성수지로 폐플라스틱 등 환경문제 해결에 큰 도움이 될 것으로 기대하고 있으며 는 절연성과 수분 차단성이 높고 발전 효율이 우수해 태양광 패널 보호 및 전력 손실을 최소화하는 필름용 수요가 급격히 증가하고 있다. 의 경우 화학은 현재 대산에 연산 28만톤 규모의 공장을 보유하고 있다. 이번 10만톤 증설이 완료되면 생산능력은 총 38만톤으로 확대된다. 이는 생산능력 기준 세계 2위 규모에 달할 것으로 전망된다.', '이날 화학은 계획된 투자가 원활하게 추진될 수 있도록 충남도 및 서산시와 투자협약도 체결했다. 이번 협약으로 화학은 기존의 대산공장 부지 외 약 79만㎡24만평의 신규 부지를 추가로 확보했으며 신규 공장 설립 및 관련된 친환경 소재·공정 분야 투자에 적극 활용하기로 했다. 행사에는 양승조 충남도지사 맹정호 서산시장 등 지역 주요 인사들과 화학 신학철 부회장이 참석했다.', '기사 이 복사되었습니다.', '기사가 저장 되었습니다.', '기사저장이 취소 되었습니다.', '아프간 다시 탈레반의 나라로', '탈출에 목숨까지 거는데...아프간 추락 형제 조롱한 티셔츠 팔다니', '야권 대선 경쟁 본격화', '정치인생 10년 열 번째 철수...아련해진 안철수의 새 정치', '코로나19 4차 유행', '오늘부터 수도권 식당·카페 오후 9시까지...백신접종 인센티브 적용']"
76,"['아이오닉 5. 현대자동차 제공', '국산 친환경차가 지난달 국내 자동차업계의 생산량 감소 속에서도 깜짝실적을 가져온 것으로 나타났다. 수출대수와 금액 모두 월간 역대 최대치를 기록한 데다 내수 시장에서의 인기도 높아지면서 효자 차종으로 자리한 모습이다.', '산업통상자원부가 18일 발표한 ‘7월 자동차산업 월간 동향’ 자료에 따르면 지난달 국내 자동차 생산 대수는 총 29만7585대로 전년 동기 대비 13.9 줄었다. 지난달 생산 대수 감소는 평균 2일 이상 국내 주요 자동차업체 공장 가동이 멈췄기 때문이란 게 산업부의 설명이다.', '현대자동차의 지난달 생산 대수는 노조창립일과 임단협 관련 노조 투표 아산공장 설비 공사 등의 여파로 전년 동기에 비해 16가량 줄었다. 기아차 소하리 1·2공장은 신종 코로나바이러스 감염증코로나19 확진자 발생으로 휴업했다. 한국지엠과 르노삼성의 경우엔 차량용반도체 등 부품 수급 차질 영향으로 조업을 일시 중단하거나 감산 운영했다. 반도체 수급 차질에 따른 조업 중단 사례르노삼성는 지난달이 처음이다.', '전체 자동차 판매 수량에서도 내수와 수출 모두 감소했다. 지난달 내수는 전년 동기 대비 9.6 감소한 14만7697대 수출도 전년 동월 수출 물량 확대에 따른 역기저효과 등으로 2.9 감소한 18만1046대로 집계됐다.', '다만 수출 금액은 12.3 늘어난 41억 달러로 7개월 연속 두 자릿수 증가세를 보였다. 이는 2014년 7월42억2000만 달러에 이은 역대 7월 실적 가운데 두 번째로 큰 수출 금액이다. 산업부는 “글로벌 현지 시장점유율 상승 등 국내 완성차 업계의 경쟁력이 높아지고 친환경차 등 고부가차종이 수출단가 상승을 견인했다”고 분석했다.', '산업부에 따르면 실제 친환경차 수출은 전년 동기 대비 27.4 증가한 3만4571대로 집계됐다. 수출 금액은 36.3 증가한 9억8000만 달러로 수출대수·금액 모두 월간 역대 최고 기록을 달성했다.', '특히 하이브리드차 플러그인 하이브리드차 호조세가 수출 증가를 견인하면서 친환경차 수출도 전체 승용차 수출비중의 20.0까지 높아졌다. 재작년 7월의 12.4 지난해 7월의 14.9와 비교했을 때와 친환경차 수출 비중은 크게 늘었다. 세부 내용을 살펴보면 하이브리드차는 전년 동기 대비 40 늘어난 1만7357대 플러그인하이브리드는 116.7 급증한 5061대 전기차는 2 상승한 12064대 수소차는 9.2 증가한 89대가 팔렸다.', '내수 시장에서도 전년 동월 대비 65.7 증가한 29821대가 팔리면서 7개월 연속 내수와 수출 모두 상승세를 이어갔다. 산업부 관계자는 “연료별로는 하이브리드차가 월간 최다 내수판매대수를 기록했다”고 전하면서 “아반떼나 투싼 쏘렌토 싼타페 등 기존 인기 내연기관 모델들의 친환경차 전환 및 신규 차종 출시 등 친환경 모델 확대 전략이 호조세를 이끌었다”고 말했다.', '기사 이 복사되었습니다.', '기사가 저장 되었습니다.', '기사저장이 취소 되었습니다.', '아프간 다시 탈레반의 나라로', '탈출에 목숨까지 거는데...아프간 추락 형제 조롱한 티셔츠 팔다니', '야권 대선 경쟁 본격화', '정치인생 10년 열 번째 철수...아련해진 안철수의 새 정치', '코로나19 4차 유행', '오늘부터 수도권 식당·카페 오후 9시까지...백신접종 인센티브 적용']"
77,"['경기 고양시 고양시청. 고양시 제공', '경기 고양시는 세계적인 친환경 신청사를 짓기 위해 국제설계공모를 진행한다고 18일 밝혔다.', '국제공모에 따라 국내 건축가는 물론 외국 건축가도 국내 건축가와 공동 응모를 통해 참여할 수 있다. 설계공모 등록은 10월 1일까지로 등록을 마친 참가자는 11월 26일까지 공모 작품을 제출해야 한다.', '제출된 작품은 기술·작품심사를 거쳐 12월 13일 최종 당선작을 발표한다. 1등 당선작에는 기본 및 실시설계 우선협상권을 부여하고 나머지 25등에게는 50008000만원 보상금을 차등 지급할 예정이다.', '시는 덕양구 주교동 2061번지현 주교 제1공영주차장 일원 7만3000㎡ 부지에 2025년 완공을 목표로 연면적 7만3946㎡ 규모의 신청사를 건립할 계획이다. 사업비는 공사비 2013억 원 설계비 107억 원을 투입한다.', '앞서 시는 지은 지 40년 가까이 지난 현 청사의 노후 및 공간 부족 문제를 들어 2019년 입지선정 작업을 진행하는 등 신청사 건립 사업을 추진해왔다.', '이재준 시장은 “신청사는 인구 109만명의 고양시 위상에 걸맞게 상징적인 건물이 될 것”이라며 “국제설계공모를 통해 ‘미래지향적 친환경 청사’라는 비전을 실현하겠다”고 밝혔다.', '기사 이 복사되었습니다.', '기사가 저장 되었습니다.', '기사저장이 취소 되었습니다.', '아프간 다시 탈레반의 나라로', '탈출에 목숨까지 거는데...아프간 추락 형제 조롱한 티셔츠 팔다니', '야권 대선 경쟁 본격화', '정치인생 10년 열 번째 철수...아련해진 안철수의 새 정치', '코로나19 4차 유행', '오늘부터 수도권 식당·카페 오후 9시까지...백신접종 인센티브 적용']"
78,"['포드의 새로 출시한 소형 픽업 트럭 매버릭. 포드 코리아 제공', '조 바이든 정부의 친환경 자동차 전환 정책에도 불구하고 미국 자동차 회사들의 내연기관 트럭과 스포츠유틸리티차량 생산은 당분간 늘어날 것이란 전망이 나왔다.', '19일 로이터통신에 따르면 북미 자동차 회사들은 2020년대 후반까지 전기차보다 대형 픽업 트럭과 를 더 많이 생산할 계획인 것으로 나타났다. 이 전망이 현실화될 경우 2030년까지 전기차 판매량을 자동차 시장의 절반 수준까지 끌어올리겠다는 바이든 정부의 목표에도 빨간불이 켜지게 된다.', '바이든 정부의 목표를 달성하려면 연간 미국의 순수 전기차 및 플러그인 하이브리드 전기차의 생산량이 700만 대 이상이어야 한다. 하지만 자동차 시장조사 업체인 오토포어캐스트솔루션에 의하면 2028년 와 를 합친 친환경 차량 생산량은 약 321만 대에 그칠 전망이다. 이는 미국 전체 자동차 생산량의 20에도 못 미치는 수치다. 바이든 정부의 2030년까지 전기차 비중 목표인 4050 중 하한선인 40만 달성하기 위해선 2028년 이후 2년 내 전기차 생산량을 두 배 이상 늘려야 한다. 현재 계획대로라면 사실상 불가능에 가깝단 얘기다.', '비단 만 이 같은 분석을 내놓은 것은 아니다. 이달 초 미국 환경보호청도 2026년까지 와 차량이 미국 자동차 판매의 8에 불과할 것이라고 내다봤다. 시장조사 업체 마킷 역시 2030년 목표 달성을 위해선 2026년까지 최소 생산량을 18까지 끌어올려야 한다고 추정했다.', '미국에서 전기차 비율 목표 달성에 경고등이 켜진 이유는 수요와 공급이 모두 부족하기 때문이다. 미국 자동차 시장은 중·대형 세단 위주인 한국이나 소형 해치백 중심인 유럽과 다르다. 픽업 트럭의 수요가 훨씬 크다. 하지만 포드를 제외하면 테슬라를 비롯해 대부분 미국 내 전기차 생산 업체들은 세단에 집중하고 있다. 그나마 리비안 등 미국의 전기차 스타트업들이 전동화 픽업트럭을 선보일 예정이지만 자금력에 한계가 있는 스타트업들은 대규모 양산 체제를 갖추기 힘들다. 공급이 수요를 따라가지 못하는 것이다.', '따라서 미국 소비자들은 여전히 내연기관 픽업트럭을 찾을 수밖에 없다. 로이터통신은 올해 미국에서 픽업 트럭과 330만 대가 생산되며 사실상 모든 차량이 내연기관 엔진으로 구동될 것이라며 2028년엔 375만 대가 생산되지만 이 역시도 극히 일부만 전동화 모델일 것이라고 내다봤다.', '샘 피오라니 글로벌 차량예측팀장은 바이든 정부의 목표를 달성하려면 지금보다 훨씬 많은 전기차 수요가 필요하지만 많은 구매자들은 전기차로 갈아타지 않을 것이라고 말했다.', '기사 이 복사되었습니다.', '기사가 저장 되었습니다.', '기사저장이 취소 되었습니다.', '아프간 다시 탈레반의 나라로', '탈출에 목숨까지 거는데...아프간 추락 형제 조롱한 티셔츠 팔다니', '야권 대선 경쟁 본격화', '정치인생 10년 열 번째 철수...아련해진 안철수의 새 정치', '코로나19 4차 유행', '오늘부터 수도권 식당·카페 오후 9시까지...백신접종 인센티브 적용']"
79,"['정유 부산물로 만드는 탄산화제품 생산 및 활용 과정. 현대오일뱅크 제공', '현대오일뱅크와 이앤씨가 공동으로 친환경 건축소재 사업에 나섰다. 정유 부산물로 만든 시멘트와 콘크리트를 건축 및 토목 공사에 활용하는 것이다.', '두 회사는 12일 서울 중구 현대오일뱅크 서울사무소에서 ‘탄소저감 친환경 건축소재 사업 협약’을 체결했다고 밝혔다. 협약 체결식에는 강달호 현대오일뱅크 사장과 마창민 이앤씨 대표 등이 참석했다.', '협약에 따라 현대오일뱅크는 내년까지 충남 서산시 대산공장에 정유 부산물인 탈황석고와 이산화탄소로 탄산화제품을 생산하는 ∙ 설비를 구축한다. 생산량은 연 10만 톤에서 시작해 최대 60만 톤으로 늘릴 계획이다. 설비로는 국내 최대 규모다.', '현대오일뱅크는 이를 통해 탈황석고를 연간 50만 톤가량 재활용한다. 탄산화제품 1톤당 이산화탄소 0.2톤을 포집∙활용할 수 있어 탄소 배출량도 연간 12만 톤 감축이 가능하다. 소나무 1000만 그루를 심는 효과다.', '이앤씨는 설비 설계∙구매∙시공에 참여하고 탄산화제품으로 만든 시멘트와 콘크리트 등을 건축 및 토목 사업에 활용하기로 했다. 이렇게 하면 광산에서 석고와 탄산칼슘을 직접 채굴하는 것에 비해 자연 파괴가 적다. 현대오일뱅크 관계자는 “온실가스 저감과 자원 재활용 환경 보존을 동시에 실현할 수 있는 방법”이라고 설명했다.', '12일 서울 중구 현대오일뱅크 서울사무소에서 강달호왼쪽 현대오일뱅크 사장과 마창민 이앤씨 대표가 탄소저감 친환경 건축소재 사업 협약을 체결하고 있다. 현대오일뱅크 제공', '현대오일뱅크는 사내 공모를 통해 탄산화제품 브랜드를 그린시움으로 정했다. 친환경을 의미하는 과 칼슘의 건축물을 뜻하는 의 합성어다.', '강달호 현대오일뱅크 사장은 이번 협력은 환경을 오염시키는 배출가스와 활용도가 낮은 부산물을 재가공해 쓸모 있는 제품으로 바꾸는 혁신적인 친환경 사업 모델이라고 밝혔다. 마창민 이앤씨 대표는 포집한 이산화탄소를 활용해 새로운 가치를 창출할 수 있는 돌파구를 마련하게 됐다면서 경영을 실천하는 동시에 탄소중립까지 구현할 수 있는 가장 적극적인 형태의 탄소저감 활동이 될 것”이라고 기대했다.', '', '기사 이 복사되었습니다.', '기사가 저장 되었습니다.', '기사저장이 취소 되었습니다.', '아프간 다시 탈레반의 나라로', '탈출에 목숨까지 거는데...아프간 추락 형제 조롱한 티셔츠 팔다니', '야권 대선 경쟁 본격화', '정치인생 10년 열 번째 철수...아련해진 안철수의 새 정치', '코로나19 4차 유행', '오늘부터 수도권 식당·카페 오후 9시까지...백신접종 인센티브 적용']"
80,"['지난달 5일 오후 현대중공업 울산 본사에서 근로자들이 퇴근하고 있다. 뉴스1', '지난해 가을 현대중공업 노동자들의 집단 피부질환 원인이 업계에서 새로 도입한 페인트도료였다는 조사 결과가 나왔다. 회사 측은 친환경 페인트라는 이유로 인체 유해성 검증을 하지 않았고 정부 역시 친환경 페인트 도입을 장려하면서도 제대로 된 검증은 하지 않은 것으로 드러났다.', '고용노동부는 1일 지난해 발생한 현대중공업 피부질환 문제 조사 결과 무용제 도료에 포함된 과민성 물질이 원인일 가능성이 매우 높다고 밝혔다.', '발단은 지난해 9월 현대중공업 노조의 요청이었다. 회사가 새로 도입한 도료를 쓴 뒤 선박 도장 작업자들에게서 피부 발진이 나타난 것. 도료 사용을 일시 중단하고 위험성을 확인해 달라고 요구했다.', '고용부는 지난 1월 산업안전보건연구원을 통해 조선사 집단 피부질환의 원인 조사에 착수했다. 현대 계열 조선소 3곳 도료 제조사 3곳 기타 조선소 4곳 등 총 10개소 근로자 1080명을 대상으로 임시 건강진단에 들어갔다. 그 결과 55명에게서 피부질환이 나타났는데 이 가운데 53명은 현대 계열 조선사인 현대중공업 현대미포조선 현대삼호중공업 소속이었고 나머지 2명은 도료 제조사 직원이었다. 다른 조선사에서는 관련 피부질환자가 1명도 나오지 않았다.', '이에 따라 정부는 현대 계열 3사가 사용한 무용제 도료와 기존 도료의 성분 등을 비교 분석했고 무용제 도료에 포함된 피부 과민성 물질이 원인이라는 결론을 내렸다. 고용부는 무용제 도료는 휘발성 유기화합물 함량을 5 아래로 내린 도료로 그 때문에 환경친화적이란 평가는 받았지만 휘발성 유기화합물 함량이 낮아진 대신 새로운 과민성 물질이 들어갔다며 주 성분인 에폭시 수지도 기존 도료에 사용된 것보다 분자량이 적어 피부 과민성이 커졌을 것이라고 설명했다.', '무용제 도료는 2019년 4월 정부가 조선산업 활력 제고 방안으로 사용 확대를 장려한 도료다. 정부의 장려에 힘입어 지난해부터 조선업 현장에서 본격적으로 사용되기 시작했다. 하지만 무용제 도료가 친환경적이라는 이유로 이를 개발한 제조사나 이를 사용한 조선사 사용을 장려한 정부 어느 누구도 유해성을 충분히 검토하지 않았다.', '고용부는 현대 계열 조선3사에 △화학물질 도입 시 피부과민성에 대한 평가 도입 △내화학 장갑 등 피부노출 방지 보호구 지급 △의학적 모니터링과 증상자 신속 치료 체계 구축 △안전 사용방법 교육 등을 담은 안전보건조치 명령을 내렸다.', '안경덕 고용부 장관과 한정애 환경부 장관은 10대 조선사에 공동 서한문을 보내 피부질환을 일으킬 수 있는 화학물질을 사용하지 말아 달라고 당부했다.', '기사 이 복사되었습니다.', '기사가 저장 되었습니다.', '기사저장이 취소 되었습니다.', '아프간 다시 탈레반의 나라로', '탈출에 목숨까지 거는데...아프간 추락 형제 조롱한 티셔츠 팔다니', '야권 대선 경쟁 본격화', '정치인생 10년 열 번째 철수...아련해진 안철수의 새 정치', '코로나19 4차 유행', '오늘부터 수도권 식당·카페 오후 9시까지...백신접종 인센티브 적용']"
81,"['종합 안심솔루션 기업 에스원은 2050년까지 탄소배출을 제로로 낮추기 위해 다양한 친환경 정책을 도입하는 등 환경·사회·지배구조 경영을 본격 추진하겠다고 5일 밝혔다. 에스원 제공', '종합 안심솔루션 기업 에스원은 출동차량을 친환경차로 교체하는 등 환경·사회·지배구조 경영을 본격 추진하겠다고 5일 밝혔다.', '에스원은 올해 초 태스크포스를 구성하고 약 3개월간 경영 로드맵을 준비해 왔다. 이를 위해 지난달 29일 이사회를 거쳐 위원회도 신설했다.', '에스원은 이날 경영의 구체적인 실행 방안도 공개했다. 출동 차량을 친환경차로 교체하는 그린 모빌리티 보안기기 폐기물을 재활용하는 에코패키지 협력사 지원을 통한 상생 문화 등이 핵심이다.', '에스원은 친환경 정책을 통해 2050년까지 탄소배출을 제로화한다는 계획이다. 우선 사내 업무용 차량 전체를 2030년까지 친환경 차량으로 전환할 예정이다. 또 일부 사업장부터 출동용 차량으로 전기차와 전기 이륜차를 시범 도입하고 2040년까지 전국 1500여 대에 이르는 모든 출동용 차량도 친환경차로 전면 교체한다.', '현장에서 사용되다 회수되는 보안기기는 한 해 100만여 대 약 2000톤에 달하는데 에스원은 재활용 시스템을 통해 이런 폐기물을 획기적으로 줄일 계획이다.', '에스원은 위원회를 설립한 만큼 무늬만 경영이 아닌 실질적인 실행 전략으로 결실을 이뤄나갈 것이라고 밝혔다.', '', '기사 이 복사되었습니다.', '기사가 저장 되었습니다.', '기사저장이 취소 되었습니다.', '아프간 다시 탈레반의 나라로', '탈출에 목숨까지 거는데...아프간 추락 형제 조롱한 티셔츠 팔다니', '야권 대선 경쟁 본격화', '정치인생 10년 열 번째 철수...아련해진 안철수의 새 정치', '코로나19 4차 유행', '오늘부터 수도권 식당·카페 오후 9시까지...백신접종 인센티브 적용']"
82,"['세계 모든 기업에 환경 사회 지배구조는 어느덧 피할 수 없는 필수 덕목이 됐습니다. 한국일보가 후원하는 대한민국 대표 클린리더스 클럽 기업들의 다양한 활동을 심도 있게 소개합니다.', '국내 최초로 재생 플라스틱 원료로 만든 재활용 필름을 코오롱인더스트리 연구원이 살펴보고 있다. 코오롱 제공', '코오롱은 일반 소비자에게 패션 브랜드로 친숙하지만 사실 코오롱의 흔적은 생활 속 보이지 않는 곳에 더 많이 숨어 있다. 타이어 보강재인 ‘타이어코드’를 비롯해 자동차 에어백 아웃도어 의류의 섬유 운동장의 인조잔디 등이 코오롱그룹 계열사들의 제품이다. 강철보다 5배 강해 총알도 뚫지 못하고 섭씨 500도의 고온도 견디는 고강도 섬유 아라미드도 코오롱의 자랑이다.', '1954년 창립해 대한민국 초창기 경제 발전을 주도한 코오롱그룹은 이제 선도 기업으로 나아가려 한다. 코오롱만의 경영을 실현하는 원동력은 반세기 넘게 갈고 닦은 친환경·첨단 기술이다.', '코오롱그룹은 올해 신년사를 통해 고객 사회 전체와 튼튼한 연대고리를 형성해 공동체의 가치에 공감하고 기업의 사회적 책임을 다하겠다고 선언했다. 각 사업 부문의 잠재력과 협업 능력 차별화된 핵심 역량 등을 바탕으로 의 가치 기준을 체계화하고 실행해 기업의 이익을 넘어 사회와 동행하는 코오롱이 되겠다는 것이다. 이를 위해 주요 계열사들은 친환경 사업 부문 연구개발과 투자를 확대하며 변화를 통한 도약의 발판을 다지고 있다.', '코오롱인더스트리는 친환경 첨단 소재 개발에 속도를 낸다. 지난 4월 종합화학과 손잡고 생분해성 플라스틱 개발에 성공 시장 공략 준비에 들어갔다. 는 사용 후 땅에 매립하면 90 이상이 6개월 안에 자연 분해되는 친환경 플라스틱이다. 이 외에 국내 최초로 재활용 플라스틱 원료를 사용해 개발한 페트 필름을 생활건강·롯데알미늄에 공급한다.', '코오롱인더스트리 연구원이 현대자동차의 차세대 수소연료전지 시스템에 공급되는 수분제어장치의 성능을 테스트하고 있다. 코오롱 제공', '수소전기차 통합 솔루션도 코오롱인더스트리가 공을 들이고 있는 분야다. 수소연료전지의 핵심 부품인 수분제어장치는 2013년 국내 최초로 양산을 시작했다. 현대자동차의 1세대 수소전기차 투싼을 시작으로 2018년 출시된 넥쏘에 공급하고 있다. 올해 6월에는 2023년 출시 예정인 차세대 수소전기차에 업그레이드된 수분제어장치를 공급하는 계약을 현대차와 체결했다. 수소전기차용 고분자전해질막도 양산체제를 갖추고 생산·판매를 시작했다. 설비는 에너지저장장치용 산화환원 흐름전지 그린수소 생산을 위한 수전해기술에 적용되는 분리막도 생산이 가능하다.', '코오롱인더스트리는 경북 구미공장의 아라미드 생산량을 2023년까지 더블 업하는 대규모 투자도 진행 중이다. 아라미드는 5㎜ 굵기로 2톤에 달하는 자동차를 들어올릴 수 있어 마법의 실로 불린다. 1979년 연구를 시작한 코오롱인더스트리는 2005년 세계에서 세 번째로 생산시설을 구축하고 자체 브랜드 ‘헤라크론’으로 아라미드 사업에 진출했다.', '이런 노력에 힘입어 코오롱인더스트리는 지난 4월 기업의 지속가능성을 평가하는 글로벌 조사기관 에코바디스로부터 골드등급을 획득했다. 프랑스 파리에 본사를 둔 에코바디스는 전 세계 7만5000여 기업들의 환경·노동·공정거래 분야 등을 평가한다. 골드등급은 심사 대상인 기초화학업종 2607개 기업 중 상위 5에만 부여되는 등급이다.', '서울 강서구 마곡동 원앤온리타워 전경. 핵심 계열사들의 연구소들을 통합한 코오롱그룹의 연구개발 심장이다. 코오롱 제공', '코오롱플라스틱도 친환경 소재로 승부를 걸었다. 2018년 말 글로벌 화학기업 바스프와 50 대 50 비율로 합작한 폴리옥시메틸렌 김천공장을 완공하고 글로벌 시장을 공략 중이다. 기존 생산설비에 더해 세계 최대 규모인 연간 15만 톤 생산능력을 확보했다. 은 금속이나 세라믹 소재를 대체할 수 있는 고성능 엔지니어링 플라스틱이다. 여기에 지난해 12월에는 세계에서 두 번째로 유기성 폐기물에서 추출한 바이오매스 기반 원료로 만든 ‘바이오 상업 양산에도 성공했다. 앞으로 코오롱플라스틱은 공기 중 이산화탄소를 포집해 만든 메탄올을 원료로 ‘그린’ 생산체계도 갖출 계획이다.', '코오롱글로텍은 기능성 섬유소재 ‘큐플러스’로 항균 소재 시장을 넓히고 있다. 큐플러스는 인체에 무해한 무기항균제인 황화구리 물질을 나일론 폴리에스터 등 섬유에 적용해 각종 세균과 곰팡이 바이러스를 99.99 차단 및 사멸시킨다. 지난해 11월 연세대 의과대학의 항바이러스 테스트에서 성능을 입증했고 미국 식품의약국의 공인 시험기관에서 코로나19 항바이러스성 테스트가 진행 중이다. 현재 보건용 마스크 및 공기청정기의 헤파 필터에 들어간다. 코오롱글로텍은 앞으로 카시트를 포함해 차랑용 내장재로 확대 적용할 예정이다.', '비영리재단 꽃과어린왕자가 운영하는 찾아가는 에너지학교 에코롱롱. 코오롱 제공', '의 한 축인 사회공헌은 코오롱그룹의 비영리재단 ‘꽃과어린왕자’가 맡고 있다. 꽃과어린왕자는 2008년부터 찾아가는 에너지학교 ‘에코롱롱’을 운영했다. 특수 개조한 트럭에 이동교실을 만들어 전국 각지 초등학교를 찾아가 친환경에너지 체험 기회를 제공하는 특별한 교육 프로그램이다. 2013년부터 3년 연속 환경부의 우수환경교육 프로그램으로 선정되기도 했다. 2018년에는 서울 마곡동의 그룹 연구개발센터 원앤온리타워에 친환경에너지 전시체험공간 ‘에코롱롱 큐브’도 열었다. 코오롱그룹 관계자는 “ 도래에 발맞춰 코오롱만의 기술로 사회와 함께 호흡하며 지속 성장을 실현하겠다”고 밝혔다.', '기사 이 복사되었습니다.', '기사가 저장 되었습니다.', '기사저장이 취소 되었습니다.', '구독이 추가 되었습니다.', '구독이 취소 되었습니다.', '아프간 다시 탈레반의 나라로', '탈출에 목숨까지 거는데...아프간 추락 형제 조롱한 티셔츠 팔다니', '야권 대선 경쟁 본격화', '정치인생 10년 열 번째 철수...아련해진 안철수의 새 정치', '코로나19 4차 유행', '오늘부터 수도권 식당·카페 오후 9시까지...백신접종 인센티브 적용']"
83,"['충전 중인 현대자동차 전기차 아이오닉5. 현대차 제공', '올 상반기 국내 자동차 시장에선 전기차와 하이브리드를 포함한 친환경차량이 선전한 것으로 나타났다.', '4일 한국자동차산업협회에 따르면 올 상반기 국내 친환경차 판매량은 전년 동기 대비 72.9 성장한 15만7000대를 기록했다. 그 결과 전체 자동차 판매대수 중 친환경차 점유율도 17로 지난해 상반기9.6보다 두 배 가까이 증가했다.', '올 상반기 친환경차 시장의 성장은 전기차와 하이브리드차가 주도했다. 특히 전기차 판매량은 3만9273대로 지난해 같은 기간보다 78.1 증가했다. 하이브리드차도 전년 동기 대비 71.3 증가한 11만3441대가 판매됐다. 수소전기차도 판매량4326대은 미미했지만 66.3의 높은 성장률을 기록했다.', '테슬라 모델 . 한국일보', '친환경차 시장이 커진 배경에는 테슬라 ‘모델’ 현대차 ‘아이오닉5’ 기아 ‘8 하이브리드’ 등 신차 출시 효과가 컸다. 특히 중대형 세단 스포츠유틸리티차 등 기존 내연기관만 채택했던 차량들이 하이브리드 시스템을 적용 국산 하이브리드 차량 판매6만6000대가 전년 동기 대비 28.7 늘었다. 또 하이브리드차 가격이 디젤차량과 비슷해진 것도 판매 성장의 원인으로 꼽힌다. 전기차는 정부 보급사업의 확대로 보조금 규모가 커지면서 4만 대에 육박하는 내수 판매량을 기록했다.', '반면 내연기관차는 부진을 면치 못했다. 올 상반기 휘발유차 판매량46만646대은 전년 동기 대비 7.5 감소했고 경유차 판매량24만2122대도 14.1 줄었다. 차 역시 20.8 감소한 5만5931대 판매에 불과했다. 내연기관차 판매 부진은 국산차 시장 침체로 이어졌다. 올해 상반기 국내 자동차 판매대수는 전년 동기 대비 2.6 줄어든 92만4000대에 그쳤다.', '기아 첫 번째 전용 전기차 6. 기아 제공', '하반기 친환경차 시장 전망도 밝다. 기아 ‘6’ 제네시스 ‘60’ 메르세데스벤츠 ‘’ ‘’ 등 중대형 고급 전기차 출시가 줄지어 대기 중이다. 특히 기아 6는 사전예약이 조기 종료됐다. 현재 올해 생산목표1만4000대의 2배 이상이 대기 상태다. 는 고급 세단 시장에서 첫 번째 순수 전기차로 등장 친환경 관용차 시장을 노린다.', '관계자는 “자동차 동력원별로 하이브리드와 전기·수소차 증가가 유지됐고 친환경 모델이 아직 부족한 대형 승용차에서만 휘발유차와 경유차가 증가세를 나타냈다”며 “친환경차 시장에서 국산은 하이브리드차에서 강세였지만 전기 승용차에서는 수입 고급모델 대비 열위를 나타내고 있다”고 말했다.', '기사 이 복사되었습니다.', '기사가 저장 되었습니다.', '기사저장이 취소 되었습니다.', '아프간 다시 탈레반의 나라로', '탈출에 목숨까지 거는데...아프간 추락 형제 조롱한 티셔츠 팔다니', '야권 대선 경쟁 본격화', '정치인생 10년 열 번째 철수...아련해진 안철수의 새 정치', '코로나19 4차 유행', '오늘부터 수도권 식당·카페 오후 9시까지...백신접종 인센티브 적용']"
