,created,tweet_text
0,Mon Aug 09 07:16:01 +0000 2021,근육 쩌는 언니들이 포효하는거 분동안 보다가 김안산 보니까 걍 풀무원 순두부가 걸어다님
3,Mon Aug 09 07:10:24 +0000 2021,풀무원 두부바 너무 간편하고 먹기 좋은데
6,Mon Aug 09 06:58:43 +0000 2021,풀무원 한끼 연두부 오리엔탈 유자 소스 개입 세트
8,Mon Aug 09 06:45:46 +0000 2021,어뭐야풀무원님이네
10,Mon Aug 09 06:43:57 +0000 2021,저 옛날에 콩나물 함 키워봣는데 제 콩나물은 엄청 초록색에 얇고 시들해서 다 밭에 비료로 줘보렸거든요 오마이갓리틀풀무원수석원구원이즈히얼
13,Mon Aug 09 06:36:30 +0000 2021,코스트코 가시는분들 꼭 저 풀무원 하트연두부를 사서 드십시오 완전 마싯습니당
15,Mon Aug 09 06:32:06 +0000 2021,머선 회 바른 먹거리 풀무원 쳐들어갔습니다 뿌뿌 회 몸을 사리지 않는 대결 풀무원 강호동
19,Mon Aug 09 06:20:07 +0000 2021,한때 역성장 냉동피자 오뚜기 풀무원 포기 못하는 이유
21,Mon Aug 09 06:04:30 +0000 2021,혼자만 알기 너무 아까워서 올리는 자장면 재료 이 두 가지로 만들어 먹었더니 매우 훌륭하다 사진 찍는 것도 잊고 정신없이 먹을 정도 면 신맛 덜어내는 거랑 소스 풍미를 올리는 방법을 찾아내는 게 앞으로의 과제 풀무
28,Mon Aug 09 05:49:36 +0000 2021,오늘 장본것 그릭요거트가 원플원인데 저지방이 하나뿐이라 플레인을 택했다 저지방이 구석에 숨어있어 손이 안닿아 낑낑거리자 옆에서 풀무원시식광고 하시는 분이 꺼내주셨다 감사합니다를 여러번 말했다 죄송해요 풀무
32,Mon Aug 09 05:31:27 +0000 2021,나는 다 알고 있지 하지만 걱정마여 나는 착즙 녹즙의 명가 풀무원 이니까
40,Mon Aug 09 05:11:47 +0000 2021,풀무원 순두부 에바 ㅠ 걍 순두부 연두부 내가 호로록 해버림
43,Mon Aug 09 05:06:44 +0000 2021,풀무원 정확한 네이밍을 위해 비빵밀집으로 정정 부탁드립니다
47,Mon Aug 09 05:01:41 +0000 2021,회 몸을 사리지 않는 대결 풀무원 강호동 샤이니 민호 머선
53,Mon Aug 09 04:55:20 +0000 2021,풀무원샘물 생수 팩 개 풀무원샘물 생수 파트너스 활동을 통해 일정액의 수수료를 제공받을 수 있음
57,Mon Aug 09 04:45:03 +0000 2021,생수 호불호 삼다수 호호호 아이시스 호호 에비앙 굳이 있음먹음 백산수 호 석수 쌉불호 풀무원샘물 불호 피지워터 모름 제주용암수 있음먹음 기타 평창수 극호 마켓컬리 지리산수 별로
78,Mon Aug 09 04:02:09 +0000 2021,생수 호불호 삼다수 극극극극극호 아이시스 불호 에비앙 불호 백산수 보통 석수 보통 풀무원샘물 보통 피지워터 보통 제주용암수 보통 기타 생각나는 게 없다
81,Mon Aug 09 04:00:36 +0000 2021,생수 호불호 삼다수 불호 아이시스 극ㄱ극극극호 에비앙 불호 잇으면마심 백산수 보통 석수 호 풀무원샘물 불호 피지워터 극불호 제주용암수 불호 기타 ㅇㅓ 음 다이앙몬드생수 불호
86,Mon Aug 09 03:56:39 +0000 2021,생수 호불호 삼다수 아이시스 에비앙 백산수 석수 풀무원샘물 피지워터 제주용암수 기타
102,Mon Aug 09 03:29:28 +0000 2021,이것은 식품공학의 승리 풀무원 두부텐더 푸주느낌의 포슬포슬 씹히는 두부반죽과 바삭매콤 자극적인 튀김옷이 만나니 진짜로 그럴듯한 텐더맛이 난다 눈감도 먹으면 치킨이라고 깜빡 속아줄 정도
120,Mon Aug 09 03:10:39 +0000 2021,풀무원 상무들 앞에서 표정 하나 안변하고 냅다 뿌뿌 갈기는 심지어 꾸러기 꾸러미 라임까지 맞추며 협상 시도하는 센스천재다람지 존나 존나 짱
135,Mon Aug 09 02:48:42 +0000 2021,풀무원 라면들 좋은데 왜 인기 없을까
140,Mon Aug 09 02:34:51 +0000 2021,오늘 세상을 잃었어 내가 전에 조와하던 라면 오랜만에 사먹어볼까 했는데 단종이래 이거 진짜진짜 맛있는데 아니 생면식감 라인 아직도 팔길래 돈코츠라멘도 파는줄알았는데 언제 소리소문없이 단종되
162,Mon Aug 09 01:48:52 +0000 2021,풀무원생수 병 풀무원생수 파트너스 활동을 통해 일정액의 수수료를 제공받을 수 있음
163,Mon Aug 09 01:48:33 +0000 2021,풀무원샘물 풀무원생수 병 풀무원샘물 풀무원생수 파트너스 활동을 통해 일정액의 수수료를 제공받을 수 있음
168,Mon Aug 09 01:42:43 +0000 2021,풀무원 냉동 베이커리 라인업 확장 쌀가루 냉동 빵 비밀빵집 출시
169,Mon Aug 09 01:40:43 +0000 2021,ㅋㅋㅋㅋㅋㅋㅋ실제로 저는 풀무원김치랑 햇반 챙겨갔었어요 캐리어에서 빼는데 잠옷에 김치냄새가 배였더라구요
203,Sun Aug 08 23:58:15 +0000 2021,아침으로 들기름 막국수 말아먹엇삼 오뚜기 고기리 꺼는 아직 못먹어봤는데 풀무원 들막도 아주 맛있다 면이 쫄깃해서 넘 조아
219,Sun Aug 08 22:29:50 +0000 2021,풀무원다논 그릭요거트 달지않은플레인 개 플레인 개 파트너스 활동을 통해 수수료를 제공받을 수 있음
224,Sun Aug 08 22:09:53 +0000 2021,핫딜발견 풀무원 사계절 아삭 포기김치 원 먹을것 마켓 핫딜 지름 알구몬
227,Sun Aug 08 22:03:48 +0000 2021,핫딜발견 풀무원 얇은피만두 봉 원 먹을것 마켓 핫딜 지름 알구몬
245,Sun Aug 08 20:15:53 +0000 2021,번가 풀무원 몰 입점 유통허브 구축
258,Sun Aug 08 19:17:26 +0000 2021,마자요 진짜 광일이 의식의 흐름 같은게 우리 누나 집 앞에 풀무원이 있으니까 풀무원 해야지 한거 ㅋㅋㅋㅋㅋㅋ 하 ㅠㅠ 이게무슨ㅠ
262,Sun Aug 08 18:54:21 +0000 2021,방울만두 왠지 있을거같았는데 진짜 있네 풀무원 방울만두 밀가루 의 찹쌀감자피만두
265,Sun Aug 08 18:43:38 +0000 2021,풀무원 낫또가 너무 마싯대서 나도 먹어보고싶우
271,Sun Aug 08 18:22:15 +0000 2021,넣는 족족 순삭되는 민호의 클라쓰가 다른 먹방 이 열쩡 가지고 풀무원과 현피뜨러 갑니다 보러 가기 호동이가 승리하면 선물이 쏟아진다 본격 선물 제
276,Sun Aug 08 17:55:02 +0000 2021,회 바른 먹거리 풀무원 쳐들어갔습니다 뿌뿌 샤이니 민호 머선
300,Sun Aug 08 16:44:11 +0000 2021,칭구들아 풀무원 밀 누들 떡볶이 맛있어용 머거봐용
306,Sun Aug 08 16:33:52 +0000 2021,아 ㅅ 발 고민하다 결국 풀무원 국물떡볶이 까서 빡빡 만들다가 헉 왈각이 맵찔이면 어덕하지 하는 생각 들어서 쿨피스 이리터짜리 사 옴
314,Sun Aug 08 16:19:16 +0000 2021,풀무원 볶음밥 요 두개가 맛있거든요 근데 이걸 불 앞에 서서 팬에 달달 볶아줘야 그 맛이 나는데 그걸 램프쿡이 알아서 해줘요 나중에 날계란 깨서 넣어주면 자동 크램블
354,Sun Aug 08 15:38:45 +0000 2021,아워홈 곤약 비빔면 풀무원 두부면
400,Sun Aug 08 14:36:25 +0000 2021,민호의 코어 힘이 머선 를 구한다 이길 준비 된 민호 호동이와 함께 풀무원과 현피 뜨러 가자 보러 가기 본격 선물 제공 현피 버라이어티 머선
401,Sun Aug 08 14:35:56 +0000 2021,풀무원잇슬핌밸런스
461,Sun Aug 08 13:47:23 +0000 2021,풀무원 순두부라니 다들 비유천재 넘 기엽고 말랑말랑
474,Sun Aug 08 13:40:39 +0000 2021,풀무원 다논 요거톡 링 초코볼 개입
546,Sun Aug 08 13:16:21 +0000 2021,아 그거 레토르트에요ㅋㅋ 풀무원 치즈그라탕 검색하시면 나올거에요 하지만 그냥 순두부에 토마토소스랑 모짜렐라 넣고 만들어도 똑같은 맛일듯한
902,Sun Aug 08 10:47:40 +0000 2021,번가 풀무원 몰 입점 유통허브 노린다
996,Sun Aug 08 09:59:50 +0000 2021,아ㅠㅠ 풀무원순두부광고 빨리 얘 주라고
998,Sun Aug 08 09:59:04 +0000 2021,풀무원순두부
